transcript1233	PanBaRT20_chr1HG01453.5	100.000	235	0	0	1	705	1	235	8.03e-49	163	99	33
transcript1233	PanBaRT20_chr1HG01453.6	100.000	235	0	0	1	705	1	235	8.21e-49	163	99	33
transcript1233	PanBaRT20_chr1HG01453.3	100.000	235	0	0	1	705	1	235	8.21e-49	163	99	33
transcript1240	PanBaRT20_chr1HG01458.1	100.000	75	0	0	1	225	1	75	2.56e-42	134	99	33
transcript1242	PanBaRT20_chr1HG01458.1	100.000	75	0	0	1	225	1	75	2.56e-42	134	99	33
transcript1352	PanBaRT20_chr1HG01572.6	100.000	161	0	0	1	483	1	161	1.31e-106	303	99	33
transcript1352	PanBaRT20_chr1HG01572.5	100.000	161	0	0	1	483	1	161	1.31e-106	303	99	33
transcript1352	PanBaRT20_chr1HG01572.4	100.000	161	0	0	1	483	1	161	1.31e-106	303	99	33
transcript1352	PanBaRT20_chr1HG01572.3	100.000	161	0	0	1	483	1	161	1.31e-106	303	99	33
transcript1352	PanBaRT20_chr1HG01572.2	100.000	161	0	0	1	483	1	161	1.31e-106	303	99	33
transcript1352	PanBaRT20_chr1HG01572.1	100.000	161	0	0	1	483	1	161	1.31e-106	303	99	33
transcript1405	PanBaRT20_chr1HG01627.4	100.000	91	0	0	1	273	1	91	6.64e-59	177	99	33
transcript1405	PanBaRT20_chr1HG01627.2	100.000	91	0	0	1	273	1	91	6.64e-59	177	99	33
transcript1654	PanBaRT20_chr1HG01938.7	99.091	110	1	0	1	330	1	110	1.27e-77	226	99	33
transcript1654	PanBaRT20_chr1HG01938.51	99.091	110	1	0	1	330	1	110	1.27e-77	226	99	33
transcript1654	PanBaRT20_chr1HG01938.49	99.091	110	1	0	1	330	1	110	1.27e-77	226	99	33
transcript1654	PanBaRT20_chr1HG01938.47	99.091	110	1	0	1	330	1	110	1.27e-77	226	99	33
transcript1654	PanBaRT20_chr1HG01938.46	99.091	110	1	0	1	330	1	110	1.27e-77	226	99	33
transcript1654	PanBaRT20_chr1HG01938.45	99.091	110	1	0	1	330	1	110	1.27e-77	226	99	33
transcript1654	PanBaRT20_chr1HG01938.44	99.091	110	1	0	1	330	1	110	1.27e-77	226	99	33
transcript1654	PanBaRT20_chr1HG01938.43	99.091	110	1	0	1	330	1	110	1.27e-77	226	99	33
transcript1654	PanBaRT20_chr1HG01938.42	99.091	110	1	0	1	330	1	110	1.27e-77	226	99	33
transcript1654	PanBaRT20_chr1HG01938.41	99.091	110	1	0	1	330	1	110	1.27e-77	226	99	33
transcript1654	PanBaRT20_chr1HG01938.34	99.091	110	1	0	1	330	1	110	1.27e-77	226	99	33
transcript1654	PanBaRT20_chr1HG01938.30	99.091	110	1	0	1	330	1	110	1.27e-77	226	99	33
transcript1654	PanBaRT20_chr1HG01938.28	99.091	110	1	0	1	330	1	110	1.27e-77	226	99	33
transcript1654	PanBaRT20_chr1HG01938.26	99.091	110	1	0	1	330	1	110	1.27e-77	226	99	33
transcript1654	PanBaRT20_chr1HG01938.25	99.091	110	1	0	1	330	1	110	1.27e-77	226	99	33
transcript1654	PanBaRT20_chr1HG01938.23	99.091	110	1	0	1	330	1	110	1.27e-77	226	99	33
transcript1654	PanBaRT20_chr1HG01938.22	99.091	110	1	0	1	330	1	110	1.27e-77	226	99	33
transcript1654	PanBaRT20_chr1HG01938.2	99.091	110	1	0	1	330	1	110	1.27e-77	226	99	33
transcript1654	PanBaRT20_chr1HG01938.19	99.091	110	1	0	1	330	1	110	1.27e-77	226	99	33
transcript1654	PanBaRT20_chr1HG01938.17	99.091	110	1	0	1	330	1	110	1.27e-77	226	99	33
transcript1654	PanBaRT20_chr1HG01938.16	99.091	110	1	0	1	330	1	110	1.27e-77	226	99	33
transcript1654	PanBaRT20_chr1HG01938.15	99.091	110	1	0	1	330	1	110	1.27e-77	226	99	33
transcript1654	PanBaRT20_chr1HG01938.14	99.091	110	1	0	1	330	1	110	1.27e-77	226	99	33
transcript1654	PanBaRT20_chr1HG01938.13	99.091	110	1	0	1	330	1	110	1.27e-77	226	99	33
transcript1654	PanBaRT20_chr1HG01938.11	99.091	110	1	0	1	330	1	110	1.27e-77	226	99	33
transcript1654	PanBaRT20_chr1HG01933.9	99.091	110	1	0	1	330	1	110	1.27e-77	226	99	33
transcript1654	PanBaRT20_chr1HG01933.6	99.091	110	1	0	1	330	1	110	1.27e-77	226	99	33
transcript1654	PanBaRT20_chr1HG01933.48	99.091	110	1	0	1	330	1	110	1.27e-77	226	99	33
transcript1654	PanBaRT20_chr1HG01933.46	99.091	110	1	0	1	330	1	110	1.27e-77	226	99	33
transcript1654	PanBaRT20_chr1HG01933.43	99.091	110	1	0	1	330	1	110	1.27e-77	226	99	33
transcript1654	PanBaRT20_chr1HG01933.42	99.091	110	1	0	1	330	1	110	1.27e-77	226	99	33
transcript1654	PanBaRT20_chr1HG01933.41	99.091	110	1	0	1	330	1	110	1.27e-77	226	99	33
transcript1654	PanBaRT20_chr1HG01933.40	99.091	110	1	0	1	330	1	110	1.27e-77	226	99	33
transcript1654	PanBaRT20_chr1HG01933.38	99.091	110	1	0	1	330	1	110	1.27e-77	226	99	33
transcript1654	PanBaRT20_chr1HG01933.36	99.091	110	1	0	1	330	1	110	1.27e-77	226	99	33
transcript1654	PanBaRT20_chr1HG01933.34	99.091	110	1	0	1	330	1	110	1.27e-77	226	99	33
transcript1654	PanBaRT20_chr1HG01933.33	99.091	110	1	0	1	330	1	110	1.27e-77	226	99	33
transcript1654	PanBaRT20_chr1HG01933.31	99.091	110	1	0	1	330	1	110	1.27e-77	226	99	33
transcript1654	PanBaRT20_chr1HG01933.30	99.091	110	1	0	1	330	1	110	1.27e-77	226	99	33
transcript1654	PanBaRT20_chr1HG01933.3	99.091	110	1	0	1	330	1	110	1.27e-77	226	99	33
transcript1654	PanBaRT20_chr1HG01933.28	99.091	110	1	0	1	330	1	110	1.27e-77	226	99	33
transcript1654	PanBaRT20_chr1HG01933.26	99.091	110	1	0	1	330	1	110	1.27e-77	226	99	33
transcript1654	PanBaRT20_chr1HG01933.25	99.091	110	1	0	1	330	1	110	1.27e-77	226	99	33
transcript1654	PanBaRT20_chr1HG01933.23	99.091	110	1	0	1	330	1	110	1.27e-77	226	99	33
transcript1654	PanBaRT20_chr1HG01933.21	99.091	110	1	0	1	330	1	110	1.27e-77	226	99	33
transcript1654	PanBaRT20_chr1HG01933.2	99.091	110	1	0	1	330	1	110	1.27e-77	226	99	33
transcript1654	PanBaRT20_chr1HG01933.17	99.091	110	1	0	1	330	1	110	1.27e-77	226	99	33
transcript1654	PanBaRT20_chr1HG01933.16	99.091	110	1	0	1	330	1	110	1.27e-77	226	99	33
transcript1654	PanBaRT20_chr1HG01933.15	99.091	110	1	0	1	330	1	110	1.27e-77	226	99	33
transcript1654	PanBaRT20_chr1HG01933.12	99.091	110	1	0	1	330	1	110	1.27e-77	226	99	33
transcript1999	PanBaRT20_chr1HG02375.9	100.000	74	0	0	1	222	1	74	2.51e-36	119	99	33
transcript1999	PanBaRT20_chr1HG02375.8	100.000	74	0	0	1	222	1	74	2.51e-36	119	99	33
transcript1999	PanBaRT20_chr1HG02375.7	100.000	74	0	0	1	222	1	74	2.51e-36	119	99	33
transcript1999	PanBaRT20_chr1HG02375.12	100.000	74	0	0	1	222	1	74	2.51e-36	119	99	33
transcript1999	PanBaRT20_chr1HG02375.11	100.000	74	0	0	1	222	1	74	2.51e-36	119	99	33
transcript1999	PanBaRT20_chr1HG02375.10	100.000	74	0	0	1	222	1	74	2.51e-36	119	99	33
transcript2007	PanBaRT20_chr1HG02382.2	100.000	118	0	0	1	354	1	118	3.31e-49	155	99	33
transcript2129	PanBaRT20_chr1HG02511.32	100.000	110	0	0	1	330	59	168	8.36e-79	231	99	33
transcript2130	PanBaRT20_chr1HG02511.32	100.000	110	0	0	1	330	59	168	8.36e-79	231	99	33
transcript2131	PanBaRT20_chr1HG02511.32	100.000	110	0	0	1	330	59	168	8.36e-79	231	99	33
transcript2132	PanBaRT20_chr1HG02511.32	100.000	110	0	0	1	330	59	168	8.36e-79	231	99	33
transcript2198	PanBaRT20_chr1HG02600.5	100.000	182	0	0	1	546	1	182	1.43e-112	320	99	33
transcript2198	PanBaRT20_chr1HG02600.4	100.000	182	0	0	1	546	1	182	1.43e-112	320	99	33
transcript2514	PanBaRT20_chr1HG03151.2	100.000	382	0	0	1	1146	1	382	0.0	728	99	33
transcript2514	PanBaRT20_chr1HG03151.16	97.698	391	0	1	1	1146	1	391	0.0	720	99	33
transcript2538	PanBaRT20_chr1HG03200.9	100.000	158	0	0	1	474	1	158	1.09e-102	293	99	33
transcript2538	PanBaRT20_chr1HG03200.8	100.000	158	0	0	1	474	1	158	1.09e-102	293	99	33
transcript2538	PanBaRT20_chr1HG03200.6	100.000	158	0	0	1	474	1	158	1.09e-102	293	99	33
transcript2538	PanBaRT20_chr1HG03200.5	100.000	158	0	0	1	474	1	158	1.09e-102	293	99	33
transcript2538	PanBaRT20_chr1HG03200.3	100.000	158	0	0	1	474	1	158	1.09e-102	293	99	33
transcript2538	PanBaRT20_chr1HG03200.20	100.000	158	0	0	1	474	1	158	1.09e-102	293	99	33
transcript2538	PanBaRT20_chr1HG03200.2	100.000	158	0	0	1	474	1	158	1.09e-102	293	99	33
transcript2538	PanBaRT20_chr1HG03200.19	100.000	158	0	0	1	474	1	158	1.09e-102	293	99	33
transcript2538	PanBaRT20_chr1HG03200.15	100.000	158	0	0	1	474	1	158	1.09e-102	293	99	33
transcript2538	PanBaRT20_chr1HG03200.14	100.000	158	0	0	1	474	1	158	1.09e-102	293	99	33
transcript2538	PanBaRT20_chr1HG03200.13	100.000	158	0	0	1	474	1	158	1.09e-102	293	99	33
transcript2538	PanBaRT20_chr1HG03200.11	100.000	158	0	0	1	474	1	158	1.09e-102	293	99	33
transcript2538	PanBaRT20_chr1HG03200.10	100.000	158	0	0	1	474	1	158	1.09e-102	293	99	33
transcript2538	PanBaRT20_chr1HG03200.18	97.368	152	4	0	1	456	1	152	1.32e-92	268	96	32
transcript2538	PanBaRT20_chr1HG03200.17	97.368	152	4	0	1	456	1	152	1.32e-92	268	96	32
transcript2538	PanBaRT20_chr1HG03200.12	97.368	152	4	0	1	456	1	152	1.32e-92	268	96	32
transcript2539	PanBaRT20_chr1HG03200.9	100.000	158	0	0	1	474	1	158	1.09e-102	293	99	33
transcript2539	PanBaRT20_chr1HG03200.8	100.000	158	0	0	1	474	1	158	1.09e-102	293	99	33
transcript2539	PanBaRT20_chr1HG03200.6	100.000	158	0	0	1	474	1	158	1.09e-102	293	99	33
transcript2539	PanBaRT20_chr1HG03200.5	100.000	158	0	0	1	474	1	158	1.09e-102	293	99	33
transcript2539	PanBaRT20_chr1HG03200.3	100.000	158	0	0	1	474	1	158	1.09e-102	293	99	33
transcript2539	PanBaRT20_chr1HG03200.20	100.000	158	0	0	1	474	1	158	1.09e-102	293	99	33
transcript2539	PanBaRT20_chr1HG03200.2	100.000	158	0	0	1	474	1	158	1.09e-102	293	99	33
transcript2539	PanBaRT20_chr1HG03200.19	100.000	158	0	0	1	474	1	158	1.09e-102	293	99	33
transcript2539	PanBaRT20_chr1HG03200.15	100.000	158	0	0	1	474	1	158	1.09e-102	293	99	33
transcript2539	PanBaRT20_chr1HG03200.14	100.000	158	0	0	1	474	1	158	1.09e-102	293	99	33
transcript2539	PanBaRT20_chr1HG03200.13	100.000	158	0	0	1	474	1	158	1.09e-102	293	99	33
transcript2539	PanBaRT20_chr1HG03200.11	100.000	158	0	0	1	474	1	158	1.09e-102	293	99	33
transcript2539	PanBaRT20_chr1HG03200.10	100.000	158	0	0	1	474	1	158	1.09e-102	293	99	33
transcript2539	PanBaRT20_chr1HG03200.18	97.368	152	4	0	1	456	1	152	1.32e-92	268	96	32
transcript2539	PanBaRT20_chr1HG03200.17	97.368	152	4	0	1	456	1	152	1.32e-92	268	96	32
transcript2539	PanBaRT20_chr1HG03200.12	97.368	152	4	0	1	456	1	152	1.32e-92	268	96	32
transcript2540	PanBaRT20_chr1HG03202.9	100.000	197	0	0	1	591	6	202	1.29e-84	251	99	33
transcript2540	PanBaRT20_chr1HG03202.5	100.000	197	0	0	1	591	6	202	1.29e-84	251	99	33
transcript2540	PanBaRT20_chr1HG03202.4	100.000	197	0	0	1	591	6	202	1.29e-84	251	99	33
transcript2540	PanBaRT20_chr1HG03202.2	100.000	197	0	0	1	591	6	202	1.29e-84	251	99	33
transcript2622	PanBaRT20_chr1HG03500.1	100.000	104	0	0	1	312	1	104	2.20e-73	215	99	33
transcript2622	PanBaRT20_chr1HG03500.9	100.000	104	0	0	1	312	1	104	2.54e-73	215	99	33
transcript2622	PanBaRT20_chr1HG03500.2	95.370	108	1	1	1	312	1	108	9.80e-71	208	99	33
transcript2672	PanBaRT20_chr1HG03658.11	99.174	121	1	0	4	366	17	137	7.56e-86	248	98	33
transcript2673	PanBaRT20_chr1HG03658.11	99.174	121	1	0	4	366	17	137	7.56e-86	248	98	33
transcript2678	PanBaRT20_chr1HG03664.7	100.000	76	0	0	1	228	1	76	2.94e-41	132	99	33
transcript2678	PanBaRT20_chr1HG03664.5	100.000	76	0	0	1	228	1	76	2.94e-41	132	99	33
transcript2678	PanBaRT20_chr1HG03664.31	100.000	76	0	0	1	228	1	76	2.94e-41	132	99	33
transcript2678	PanBaRT20_chr1HG03664.28	100.000	76	0	0	1	228	1	76	2.94e-41	132	99	33
transcript2678	PanBaRT20_chr1HG03664.17	100.000	76	0	0	1	228	1	76	2.94e-41	132	99	33
transcript2678	PanBaRT20_chr1HG03664.16	100.000	76	0	0	1	228	1	76	2.94e-41	132	99	33
transcript2678	PanBaRT20_chr1HG03664.15	100.000	76	0	0	1	228	1	76	2.94e-41	132	99	33
transcript2678	PanBaRT20_chr1HG03664.10	100.000	76	0	0	1	228	1	76	2.94e-41	132	99	33
transcript2713	PanBaRT20_chr1HG03762.1	100.000	123	0	0	1	369	1	123	4.04e-49	155	99	33
transcript2714	PanBaRT20_chr1HG03763.2	100.000	118	0	0	1	354	1	118	1.29e-52	164	99	33
transcript2714	PanBaRT20_chr1HG03763.1	100.000	118	0	0	1	354	1	118	1.29e-52	164	99	33
transcript2760	PanBaRT20_chr1HG03861.9	100.000	77	0	0	1	231	1	77	1.10e-49	153	99	33
transcript2799	PanBaRT20_chr1HG03946.3	100.000	177	0	0	1	531	1	177	3.45e-101	291	99	33
transcript2799	PanBaRT20_chr1HG03946.118	99.438	178	0	1	1	531	1	178	3.13e-99	286	99	33
transcript2801	PanBaRT20_chr1HG03946.52	100.000	103	0	0	1	309	1	103	1.29e-44	145	99	33
transcript2801	PanBaRT20_chr1HG03946.9	100.000	103	0	0	1	309	1	103	2.00e-44	142	99	33
transcript2801	PanBaRT20_chr1HG03946.82	100.000	103	0	0	1	309	1	103	2.00e-44	142	99	33
transcript2801	PanBaRT20_chr1HG03946.76	100.000	103	0	0	1	309	1	103	2.00e-44	142	99	33
transcript2801	PanBaRT20_chr1HG03946.75	100.000	103	0	0	1	309	1	103	2.00e-44	142	99	33
transcript2801	PanBaRT20_chr1HG03946.66	100.000	103	0	0	1	309	1	103	2.00e-44	142	99	33
transcript2801	PanBaRT20_chr1HG03946.65	100.000	103	0	0	1	309	1	103	2.00e-44	142	99	33
transcript2801	PanBaRT20_chr1HG03946.64	100.000	103	0	0	1	309	1	103	2.00e-44	142	99	33
transcript2801	PanBaRT20_chr1HG03946.63	100.000	103	0	0	1	309	1	103	2.00e-44	142	99	33
transcript2801	PanBaRT20_chr1HG03946.62	100.000	103	0	0	1	309	1	103	2.00e-44	142	99	33
transcript2801	PanBaRT20_chr1HG03946.61	100.000	103	0	0	1	309	1	103	2.00e-44	142	99	33
transcript2801	PanBaRT20_chr1HG03946.60	100.000	103	0	0	1	309	1	103	2.00e-44	142	99	33
transcript2801	PanBaRT20_chr1HG03946.59	100.000	103	0	0	1	309	1	103	2.00e-44	142	99	33
transcript2801	PanBaRT20_chr1HG03946.58	100.000	103	0	0	1	309	1	103	2.00e-44	142	99	33
transcript2801	PanBaRT20_chr1HG03946.57	100.000	103	0	0	1	309	1	103	2.00e-44	142	99	33
transcript2801	PanBaRT20_chr1HG03946.56	100.000	103	0	0	1	309	1	103	2.00e-44	142	99	33
transcript2801	PanBaRT20_chr1HG03946.55	100.000	103	0	0	1	309	1	103	2.00e-44	142	99	33
transcript2801	PanBaRT20_chr1HG03946.54	100.000	103	0	0	1	309	1	103	2.00e-44	142	99	33
transcript2801	PanBaRT20_chr1HG03946.53	100.000	103	0	0	1	309	1	103	2.00e-44	142	99	33
transcript2801	PanBaRT20_chr1HG03946.20	100.000	103	0	0	1	309	1	103	2.00e-44	142	99	33
transcript2801	PanBaRT20_chr1HG03946.19	100.000	103	0	0	1	309	1	103	2.00e-44	142	99	33
transcript2801	PanBaRT20_chr1HG03946.17	100.000	103	0	0	1	309	1	103	2.00e-44	142	99	33
transcript2801	PanBaRT20_chr1HG03946.16	100.000	103	0	0	1	309	1	103	2.00e-44	142	99	33
transcript2801	PanBaRT20_chr1HG03946.15	100.000	103	0	0	1	309	1	103	2.00e-44	142	99	33
transcript2801	PanBaRT20_chr1HG03946.12	100.000	103	0	0	1	309	1	103	2.00e-44	142	99	33
transcript2801	PanBaRT20_chr1HG03946.117	100.000	103	0	0	1	309	1	103	2.00e-44	142	99	33
transcript2801	PanBaRT20_chr1HG03946.116	100.000	103	0	0	1	309	1	103	2.00e-44	142	99	33
transcript2801	PanBaRT20_chr1HG03946.112	100.000	103	0	0	1	309	1	103	2.00e-44	142	99	33
transcript2801	PanBaRT20_chr1HG03946.111	100.000	103	0	0	1	309	1	103	2.00e-44	142	99	33
transcript2801	PanBaRT20_chr1HG03946.110	100.000	103	0	0	1	309	1	103	2.00e-44	142	99	33
transcript2801	PanBaRT20_chr1HG03946.107	100.000	103	0	0	1	309	1	103	2.00e-44	142	99	33
transcript2801	PanBaRT20_chr1HG03946.106	100.000	103	0	0	1	309	1	103	2.00e-44	142	99	33
transcript2801	PanBaRT20_chr1HG03946.105	100.000	103	0	0	1	309	1	103	2.00e-44	142	99	33
transcript2801	PanBaRT20_chr1HG03946.104	100.000	103	0	0	1	309	1	103	2.00e-44	142	99	33
transcript2801	PanBaRT20_chr1HG03946.103	100.000	103	0	0	1	309	1	103	2.00e-44	142	99	33
transcript2801	PanBaRT20_chr1HG03946.102	100.000	103	0	0	1	309	1	103	2.00e-44	142	99	33
transcript2801	PanBaRT20_chr1HG03946.101	100.000	103	0	0	1	309	1	103	2.00e-44	142	99	33
transcript2801	PanBaRT20_chr1HG03946.100	100.000	103	0	0	1	309	1	103	2.00e-44	142	99	33
transcript2801	PanBaRT20_chr1HG03946.1	100.000	103	0	0	1	309	1	103	2.00e-44	142	99	33
transcript2801	PanBaRT20_chr1HG03946.3	100.000	103	0	0	1	309	1	103	2.70e-44	144	99	33
transcript2801	PanBaRT20_chr1HG03946.118	100.000	103	0	0	1	309	1	103	3.03e-44	144	99	33
transcript2801	PanBaRT20_chr1HG03946.99	100.000	103	0	0	1	309	1	103	4.25e-44	142	99	33
transcript2801	PanBaRT20_chr1HG03946.98	100.000	103	0	0	1	309	1	103	4.25e-44	142	99	33
transcript2801	PanBaRT20_chr1HG03946.74	100.000	103	0	0	1	309	1	103	4.25e-44	142	99	33
transcript2801	PanBaRT20_chr1HG03946.13	100.000	103	0	0	1	309	1	103	4.25e-44	142	99	33
transcript2801	PanBaRT20_chr1HG03946.109	100.000	103	0	0	1	309	1	103	4.25e-44	142	99	33
transcript2802	PanBaRT20_chr1HG03946.52	100.000	103	0	0	1	309	1	103	1.29e-44	145	99	33
transcript2802	PanBaRT20_chr1HG03946.9	100.000	103	0	0	1	309	1	103	2.00e-44	142	99	33
transcript2802	PanBaRT20_chr1HG03946.82	100.000	103	0	0	1	309	1	103	2.00e-44	142	99	33
transcript2802	PanBaRT20_chr1HG03946.76	100.000	103	0	0	1	309	1	103	2.00e-44	142	99	33
transcript2802	PanBaRT20_chr1HG03946.75	100.000	103	0	0	1	309	1	103	2.00e-44	142	99	33
transcript2802	PanBaRT20_chr1HG03946.66	100.000	103	0	0	1	309	1	103	2.00e-44	142	99	33
transcript2802	PanBaRT20_chr1HG03946.65	100.000	103	0	0	1	309	1	103	2.00e-44	142	99	33
transcript2802	PanBaRT20_chr1HG03946.64	100.000	103	0	0	1	309	1	103	2.00e-44	142	99	33
transcript2802	PanBaRT20_chr1HG03946.63	100.000	103	0	0	1	309	1	103	2.00e-44	142	99	33
transcript2802	PanBaRT20_chr1HG03946.62	100.000	103	0	0	1	309	1	103	2.00e-44	142	99	33
transcript2802	PanBaRT20_chr1HG03946.61	100.000	103	0	0	1	309	1	103	2.00e-44	142	99	33
transcript2802	PanBaRT20_chr1HG03946.60	100.000	103	0	0	1	309	1	103	2.00e-44	142	99	33
transcript2802	PanBaRT20_chr1HG03946.59	100.000	103	0	0	1	309	1	103	2.00e-44	142	99	33
transcript2802	PanBaRT20_chr1HG03946.58	100.000	103	0	0	1	309	1	103	2.00e-44	142	99	33
transcript2802	PanBaRT20_chr1HG03946.57	100.000	103	0	0	1	309	1	103	2.00e-44	142	99	33
transcript2802	PanBaRT20_chr1HG03946.56	100.000	103	0	0	1	309	1	103	2.00e-44	142	99	33
transcript2802	PanBaRT20_chr1HG03946.55	100.000	103	0	0	1	309	1	103	2.00e-44	142	99	33
transcript2802	PanBaRT20_chr1HG03946.54	100.000	103	0	0	1	309	1	103	2.00e-44	142	99	33
transcript2802	PanBaRT20_chr1HG03946.53	100.000	103	0	0	1	309	1	103	2.00e-44	142	99	33
transcript2802	PanBaRT20_chr1HG03946.20	100.000	103	0	0	1	309	1	103	2.00e-44	142	99	33
transcript2802	PanBaRT20_chr1HG03946.19	100.000	103	0	0	1	309	1	103	2.00e-44	142	99	33
transcript2802	PanBaRT20_chr1HG03946.17	100.000	103	0	0	1	309	1	103	2.00e-44	142	99	33
transcript2802	PanBaRT20_chr1HG03946.16	100.000	103	0	0	1	309	1	103	2.00e-44	142	99	33
transcript2802	PanBaRT20_chr1HG03946.15	100.000	103	0	0	1	309	1	103	2.00e-44	142	99	33
transcript2802	PanBaRT20_chr1HG03946.12	100.000	103	0	0	1	309	1	103	2.00e-44	142	99	33
transcript2802	PanBaRT20_chr1HG03946.117	100.000	103	0	0	1	309	1	103	2.00e-44	142	99	33
transcript2802	PanBaRT20_chr1HG03946.116	100.000	103	0	0	1	309	1	103	2.00e-44	142	99	33
transcript2802	PanBaRT20_chr1HG03946.112	100.000	103	0	0	1	309	1	103	2.00e-44	142	99	33
transcript2802	PanBaRT20_chr1HG03946.111	100.000	103	0	0	1	309	1	103	2.00e-44	142	99	33
transcript2802	PanBaRT20_chr1HG03946.110	100.000	103	0	0	1	309	1	103	2.00e-44	142	99	33
transcript2802	PanBaRT20_chr1HG03946.107	100.000	103	0	0	1	309	1	103	2.00e-44	142	99	33
transcript2802	PanBaRT20_chr1HG03946.106	100.000	103	0	0	1	309	1	103	2.00e-44	142	99	33
transcript2802	PanBaRT20_chr1HG03946.105	100.000	103	0	0	1	309	1	103	2.00e-44	142	99	33
transcript2802	PanBaRT20_chr1HG03946.104	100.000	103	0	0	1	309	1	103	2.00e-44	142	99	33
transcript2802	PanBaRT20_chr1HG03946.103	100.000	103	0	0	1	309	1	103	2.00e-44	142	99	33
transcript2802	PanBaRT20_chr1HG03946.102	100.000	103	0	0	1	309	1	103	2.00e-44	142	99	33
transcript2802	PanBaRT20_chr1HG03946.101	100.000	103	0	0	1	309	1	103	2.00e-44	142	99	33
transcript2802	PanBaRT20_chr1HG03946.100	100.000	103	0	0	1	309	1	103	2.00e-44	142	99	33
transcript2802	PanBaRT20_chr1HG03946.1	100.000	103	0	0	1	309	1	103	2.00e-44	142	99	33
transcript2802	PanBaRT20_chr1HG03946.3	100.000	103	0	0	1	309	1	103	2.70e-44	144	99	33
transcript2802	PanBaRT20_chr1HG03946.118	100.000	103	0	0	1	309	1	103	3.03e-44	144	99	33
transcript2802	PanBaRT20_chr1HG03946.99	100.000	103	0	0	1	309	1	103	4.25e-44	142	99	33
transcript2802	PanBaRT20_chr1HG03946.98	100.000	103	0	0	1	309	1	103	4.25e-44	142	99	33
transcript2802	PanBaRT20_chr1HG03946.74	100.000	103	0	0	1	309	1	103	4.25e-44	142	99	33
transcript2802	PanBaRT20_chr1HG03946.13	100.000	103	0	0	1	309	1	103	4.25e-44	142	99	33
transcript2802	PanBaRT20_chr1HG03946.109	100.000	103	0	0	1	309	1	103	4.25e-44	142	99	33
transcript2852	PanBaRT20_chr1HG04032.86	100.000	85	0	0	1	255	1	85	7.61e-59	177	99	33
transcript2852	PanBaRT20_chr1HG04032.85	100.000	85	0	0	1	255	1	85	7.61e-59	177	99	33
transcript2852	PanBaRT20_chr1HG04032.63	100.000	85	0	0	1	255	1	85	7.61e-59	177	99	33
transcript2852	PanBaRT20_chr1HG04032.61	100.000	85	0	0	1	255	1	85	7.61e-59	177	99	33
transcript2852	PanBaRT20_chr1HG04032.55	100.000	85	0	0	1	255	1	85	7.61e-59	177	99	33
transcript2852	PanBaRT20_chr1HG04032.45	100.000	85	0	0	1	255	1	85	7.61e-59	177	99	33
transcript2852	PanBaRT20_chr1HG04032.4	100.000	85	0	0	1	255	1	85	7.61e-59	177	99	33
transcript2852	PanBaRT20_chr1HG04032.35	100.000	85	0	0	1	255	1	85	7.61e-59	177	99	33
transcript2852	PanBaRT20_chr1HG04032.32	100.000	85	0	0	1	255	1	85	7.61e-59	177	99	33
transcript2852	PanBaRT20_chr1HG04032.31	100.000	85	0	0	1	255	1	85	7.61e-59	177	99	33
transcript2852	PanBaRT20_chr1HG04032.3	100.000	85	0	0	1	255	1	85	7.61e-59	177	99	33
transcript2852	PanBaRT20_chr1HG04032.18	100.000	85	0	0	1	255	1	85	7.61e-59	177	99	33
transcript2852	PanBaRT20_chr1HG04032.17	100.000	85	0	0	1	255	1	85	7.61e-59	177	99	33
transcript2852	PanBaRT20_chr1HG04032.116	100.000	85	0	0	1	255	1	85	7.61e-59	177	99	33
transcript2852	PanBaRT20_chr1HG04032.115	100.000	85	0	0	1	255	1	85	7.61e-59	177	99	33
transcript2852	PanBaRT20_chr1HG04032.11	100.000	85	0	0	1	255	1	85	7.61e-59	177	99	33
transcript2852	PanBaRT20_chr1HG04032.108	100.000	85	0	0	1	255	1	85	7.61e-59	177	99	33
transcript2852	PanBaRT20_chr1HG04032.107	100.000	85	0	0	1	255	1	85	7.61e-59	177	99	33
transcript2852	PanBaRT20_chr1HG04032.106	100.000	85	0	0	1	255	1	85	7.61e-59	177	99	33
transcript2852	PanBaRT20_chr1HG04032.1	100.000	85	0	0	1	255	1	85	7.61e-59	177	99	33
transcript2853	PanBaRT20_chr1HG04032.86	100.000	85	0	0	1	255	1	85	7.61e-59	177	99	33
transcript2853	PanBaRT20_chr1HG04032.85	100.000	85	0	0	1	255	1	85	7.61e-59	177	99	33
transcript2853	PanBaRT20_chr1HG04032.63	100.000	85	0	0	1	255	1	85	7.61e-59	177	99	33
transcript2853	PanBaRT20_chr1HG04032.61	100.000	85	0	0	1	255	1	85	7.61e-59	177	99	33
transcript2853	PanBaRT20_chr1HG04032.55	100.000	85	0	0	1	255	1	85	7.61e-59	177	99	33
transcript2853	PanBaRT20_chr1HG04032.45	100.000	85	0	0	1	255	1	85	7.61e-59	177	99	33
transcript2853	PanBaRT20_chr1HG04032.4	100.000	85	0	0	1	255	1	85	7.61e-59	177	99	33
transcript2853	PanBaRT20_chr1HG04032.35	100.000	85	0	0	1	255	1	85	7.61e-59	177	99	33
transcript2853	PanBaRT20_chr1HG04032.32	100.000	85	0	0	1	255	1	85	7.61e-59	177	99	33
transcript2853	PanBaRT20_chr1HG04032.31	100.000	85	0	0	1	255	1	85	7.61e-59	177	99	33
transcript2853	PanBaRT20_chr1HG04032.3	100.000	85	0	0	1	255	1	85	7.61e-59	177	99	33
transcript2853	PanBaRT20_chr1HG04032.18	100.000	85	0	0	1	255	1	85	7.61e-59	177	99	33
transcript2853	PanBaRT20_chr1HG04032.17	100.000	85	0	0	1	255	1	85	7.61e-59	177	99	33
transcript2853	PanBaRT20_chr1HG04032.116	100.000	85	0	0	1	255	1	85	7.61e-59	177	99	33
transcript2853	PanBaRT20_chr1HG04032.115	100.000	85	0	0	1	255	1	85	7.61e-59	177	99	33
transcript2853	PanBaRT20_chr1HG04032.11	100.000	85	0	0	1	255	1	85	7.61e-59	177	99	33
transcript2853	PanBaRT20_chr1HG04032.108	100.000	85	0	0	1	255	1	85	7.61e-59	177	99	33
transcript2853	PanBaRT20_chr1HG04032.107	100.000	85	0	0	1	255	1	85	7.61e-59	177	99	33
transcript2853	PanBaRT20_chr1HG04032.106	100.000	85	0	0	1	255	1	85	7.61e-59	177	99	33
transcript2853	PanBaRT20_chr1HG04032.1	100.000	85	0	0	1	255	1	85	7.61e-59	177	99	33
transcript2947	PanBaRT20_chr1HG04174.1	100.000	292	0	0	1	876	1	292	0.0	605	99	33
transcript3054	PanBaRT20_chr1HG04322.3	100.000	111	0	0	1	333	1	111	3.68e-80	233	99	33
transcript3054	PanBaRT20_chr1HG04322.16	100.000	111	0	0	1	333	1	111	3.68e-80	233	99	33
transcript3054	PanBaRT20_chr1HG04322.10	100.000	111	0	0	1	333	1	111	3.68e-80	233	99	33
transcript3054	PanBaRT20_chr1HG04322.1	100.000	111	0	0	1	333	1	111	3.68e-80	233	99	33
transcript3054	PanBaRT20_chr1HG04322.5	98.198	111	0	1	1	333	1	109	1.64e-76	223	99	33
transcript3054	PanBaRT20_chr1HG04322.4	98.198	111	0	1	1	333	1	109	1.64e-76	223	99	33
transcript3055	PanBaRT20_chr1HG04322.3	100.000	111	0	0	1	333	1	111	3.68e-80	233	99	33
transcript3055	PanBaRT20_chr1HG04322.16	100.000	111	0	0	1	333	1	111	3.68e-80	233	99	33
transcript3055	PanBaRT20_chr1HG04322.10	100.000	111	0	0	1	333	1	111	3.68e-80	233	99	33
transcript3055	PanBaRT20_chr1HG04322.1	100.000	111	0	0	1	333	1	111	3.68e-80	233	99	33
transcript3055	PanBaRT20_chr1HG04322.5	98.198	111	0	1	1	333	1	109	1.64e-76	223	99	33
transcript3055	PanBaRT20_chr1HG04322.4	98.198	111	0	1	1	333	1	109	1.64e-76	223	99	33
transcript3334	PanBaRT20_chr1HG04671.8	100.000	31	0	0	575	667	374	404	4.76e-13	70.5	99	5
transcript3334	PanBaRT20_chr1HG04671.13	100.000	31	0	0	575	667	343	373	6.41e-13	70.1	99	5
transcript3334	PanBaRT20_chr1HG04671.3	100.000	31	0	0	575	667	368	398	5.83e-13	70.5	99	5
transcript3334	PanBaRT20_chr1HG04671.9	100.000	31	0	0	575	667	440	470	7.04e-13	70.1	99	5
transcript3334	PanBaRT20_chr2HG17472.7	100.000	31	0	0	575	667	367	397	5.66e-13	70.5	99	5
transcript4538	PanBaRT20_chr1HG06190.1	100.000	174	0	0	1	522	1	174	2.92e-126	354	99	33
transcript4538	PanBaRT20_chr1HG06190.7	100.000	170	0	0	1	510	1	170	2.88e-123	348	97	32
transcript4539	PanBaRT20_chr1HG06190.1	100.000	81	0	0	1	243	94	174	3.76e-51	160	99	33
transcript4576	PanBaRT20_chr1HG06248.8	100.000	113	0	0	1	339	1	113	7.51e-53	164	99	33
transcript4576	PanBaRT20_chr1HG06248.6	100.000	113	0	0	1	339	1	113	7.51e-53	164	99	33
transcript4576	PanBaRT20_chr1HG06248.5	100.000	113	0	0	1	339	1	113	7.51e-53	164	99	33
transcript4576	PanBaRT20_chr1HG06248.4	100.000	113	0	0	1	339	1	113	7.51e-53	164	99	33
transcript4576	PanBaRT20_chr1HG06248.10	100.000	113	0	0	1	339	1	113	7.51e-53	164	99	33
transcript4579	PanBaRT20_chr1HG06265.1	100.000	102	0	0	1	306	33	134	1.08e-38	128	99	33
transcript4579	PanBaRT20_chr5HG53291.2	95.098	102	5	0	1	306	33	134	3.90e-34	117	99	33
transcript4579	PanBaRT20_chr5HG53291.1	95.098	102	5	0	1	306	33	134	3.90e-34	117	99	33
transcript4580	PanBaRT20_chr1HG06265.1	100.000	102	0	0	1	306	33	134	1.08e-38	128	99	33
transcript4580	PanBaRT20_chr5HG53291.2	95.098	102	5	0	1	306	33	134	3.90e-34	117	99	33
transcript4580	PanBaRT20_chr5HG53291.1	95.098	102	5	0	1	306	33	134	3.90e-34	117	99	33
transcript4581	PanBaRT20_chr1HG06265.1	100.000	102	0	0	1	306	33	134	1.08e-38	128	99	33
transcript4581	PanBaRT20_chr5HG53291.2	95.098	102	5	0	1	306	33	134	3.90e-34	117	99	33
transcript4581	PanBaRT20_chr5HG53291.1	95.098	102	5	0	1	306	33	134	3.90e-34	117	99	33
transcript4583	PanBaRT20_chr1HG06274.5	100.000	71	0	0	1	213	1	71	1.99e-33	112	99	33
transcript4583	PanBaRT20_chr1HG06274.4	100.000	71	0	0	1	213	1	71	1.99e-33	112	99	33
transcript4583	PanBaRT20_chr1HG06274.3	100.000	71	0	0	1	213	1	71	1.99e-33	112	99	33
transcript4583	PanBaRT20_chr1HG06274.1	100.000	71	0	0	1	213	1	71	1.99e-33	112	99	33
transcript4584	PanBaRT20_chr1HG06274.5	100.000	71	0	0	1	213	1	71	1.99e-33	112	99	33
transcript4584	PanBaRT20_chr1HG06274.4	100.000	71	0	0	1	213	1	71	1.99e-33	112	99	33
transcript4584	PanBaRT20_chr1HG06274.3	100.000	71	0	0	1	213	1	71	1.99e-33	112	99	33
transcript4584	PanBaRT20_chr1HG06274.1	100.000	71	0	0	1	213	1	71	1.99e-33	112	99	33
transcript4585	PanBaRT20_chr1HG06274.5	100.000	71	0	0	1	213	1	71	1.99e-33	112	99	33
transcript4585	PanBaRT20_chr1HG06274.4	100.000	71	0	0	1	213	1	71	1.99e-33	112	99	33
transcript4585	PanBaRT20_chr1HG06274.3	100.000	71	0	0	1	213	1	71	1.99e-33	112	99	33
transcript4585	PanBaRT20_chr1HG06274.1	100.000	71	0	0	1	213	1	71	1.99e-33	112	99	33
transcript4891	PanBaRT20_chr1HG06705.6	100.000	188	0	0	1	564	1	188	1.76e-46	153	99	33
transcript4891	PanBaRT20_chr1HG06705.39	100.000	188	0	0	1	564	1	188	1.76e-46	153	99	33
transcript4891	PanBaRT20_chr1HG06705.35	100.000	188	0	0	1	564	1	188	1.76e-46	153	99	33
transcript4891	PanBaRT20_chr1HG06705.19	100.000	188	0	0	1	564	1	188	1.76e-46	153	99	33
transcript4891	PanBaRT20_chr1HG06705.14	100.000	188	0	0	1	564	1	188	1.76e-46	153	99	33
transcript4891	PanBaRT20_chr1HG06705.13	100.000	188	0	0	1	564	1	188	1.76e-46	153	99	33
transcript4891	PanBaRT20_chr1HG06705.7	99.468	188	0	1	1	564	1	187	4.65e-44	147	99	33
transcript4891	PanBaRT20_chr1HG06705.36	99.468	188	0	1	1	564	1	187	4.65e-44	147	99	33
transcript4891	PanBaRT20_chr1HG06705.23	99.468	188	0	1	1	564	1	187	4.65e-44	147	99	33
transcript4891	PanBaRT20_chr1HG06705.20	99.468	188	0	1	1	564	1	187	4.65e-44	147	99	33
transcript4891	PanBaRT20_chr1HG06705.16	99.468	188	0	1	1	564	1	187	4.65e-44	147	99	33
transcript4892	PanBaRT20_chr1HG06705.6	100.000	188	0	0	1	564	1	188	1.76e-46	153	99	33
transcript4892	PanBaRT20_chr1HG06705.39	100.000	188	0	0	1	564	1	188	1.76e-46	153	99	33
transcript4892	PanBaRT20_chr1HG06705.35	100.000	188	0	0	1	564	1	188	1.76e-46	153	99	33
transcript4892	PanBaRT20_chr1HG06705.19	100.000	188	0	0	1	564	1	188	1.76e-46	153	99	33
transcript4892	PanBaRT20_chr1HG06705.14	100.000	188	0	0	1	564	1	188	1.76e-46	153	99	33
transcript4892	PanBaRT20_chr1HG06705.13	100.000	188	0	0	1	564	1	188	1.76e-46	153	99	33
transcript4892	PanBaRT20_chr1HG06705.7	99.468	188	0	1	1	564	1	187	4.65e-44	147	99	33
transcript4892	PanBaRT20_chr1HG06705.36	99.468	188	0	1	1	564	1	187	4.65e-44	147	99	33
transcript4892	PanBaRT20_chr1HG06705.23	99.468	188	0	1	1	564	1	187	4.65e-44	147	99	33
transcript4892	PanBaRT20_chr1HG06705.20	99.468	188	0	1	1	564	1	187	4.65e-44	147	99	33
transcript4892	PanBaRT20_chr1HG06705.16	99.468	188	0	1	1	564	1	187	4.65e-44	147	99	33
transcript5047	PanBaRT20_chr1HG06952.13	100.000	90	0	0	1	270	18	107	7.66e-61	183	99	33
transcript5107	PanBaRT20_chr1HG07014.3	99.531	213	1	0	1	639	1	213	5.93e-129	364	99	33
transcript5125	PanBaRT20_chr1HG07036.7	98.889	90	1	0	1	270	1	90	2.41e-45	143	99	33
transcript5125	PanBaRT20_chr1HG07036.5	98.889	90	1	0	1	270	1	90	2.41e-45	143	99	33
transcript5125	PanBaRT20_chr1HG07036.14	98.851	87	1	0	1	261	1	87	3.24e-43	138	96	32
transcript5855	PanBaRT20_chr1HG07935.4	99.310	725	5	0	1	2175	1	725	0.0	1490	99	33
transcript5855	PanBaRT20_chr1HG07935.1	99.310	725	5	0	1	2175	1	725	0.0	1490	99	33
transcript6944	PanBaRT20_chr1HG09378.1	100.000	116	0	0	1	348	1	116	2.36e-31	110	99	33
transcript6945	PanBaRT20_chr1HG09378.1	100.000	116	0	0	1	348	1	116	2.36e-31	110	99	33
transcript25450	PanBaRT20_chr4HG34180.1	99.148	352	3	0	1	1056	1	352	0.0	638	99	33
transcript25450	PanBaRT20_chr4HG34180.5	98.864	352	3	1	1	1056	1	351	0.0	631	99	33
transcript25450	PanBaRT20_chr4HG34180.7	98.580	352	3	1	1	1056	1	350	0.0	628	99	33
transcript25656	PanBaRT20_chr4HG34413.47	100.000	93	0	0	1	279	1	93	2.02e-48	151	99	33
transcript25656	PanBaRT20_chr4HG34413.45	100.000	93	0	0	1	279	1	93	2.02e-48	151	99	33
transcript25656	PanBaRT20_chr4HG34413.38	100.000	93	0	0	1	279	1	93	2.02e-48	151	99	33
transcript25656	PanBaRT20_chr4HG34413.37	100.000	93	0	0	1	279	1	93	2.02e-48	151	99	33
transcript25700	PanBaRT20_chr4HG34468.5	100.000	103	0	0	1	309	73	175	1.39e-71	213	99	33
transcript26012	PanBaRT20_chr4HG34941.163	100.000	124	0	0	1	372	1	124	4.60e-87	251	99	33
transcript26012	PanBaRT20_chr4HG34941.160	100.000	124	0	0	1	372	245	368	2.00e-85	256	99	33
transcript26012	PanBaRT20_chr4HG34941.97	100.000	124	0	0	1	372	347	470	2.81e-84	256	99	33
transcript26012	PanBaRT20_chr4HG34941.61	100.000	124	0	0	1	372	465	588	1.69e-83	257	99	33
transcript26012	PanBaRT20_chr4HG34941.20	100.000	124	0	0	1	372	465	588	1.69e-83	257	99	33
transcript26012	PanBaRT20_chr4HG34941.14	100.000	124	0	0	1	372	465	588	1.69e-83	257	99	33
transcript26012	PanBaRT20_chr4HG34941.6	100.000	124	0	0	1	372	466	589	1.93e-83	257	99	33
transcript26012	PanBaRT20_chr4HG34941.19	100.000	124	0	0	1	372	466	589	1.93e-83	257	99	33
transcript26172	PanBaRT20_chr4HG35130.2	100.000	122	0	0	1	366	1	122	3.85e-89	256	99	33
transcript26172	PanBaRT20_chr4HG35130.1	100.000	122	0	0	1	366	1	122	3.85e-89	256	99	33
transcript26515	PanBaRT20_chr4HG35523.1	100.000	68	0	0	1	204	150	217	1.99e-28	103	99	33
transcript26689	PanBaRT20_chr4HG35716.8	100.000	197	0	0	1	591	1	197	1.32e-140	392	99	33
transcript26689	PanBaRT20_chr4HG35716.7	100.000	197	0	0	1	591	1	197	1.32e-140	392	99	33
transcript26689	PanBaRT20_chr4HG35716.2	100.000	197	0	0	1	591	1	197	1.32e-140	392	99	33
transcript26689	PanBaRT20_chr4HG35716.11	100.000	197	0	0	1	591	1	197	1.32e-140	392	99	33
transcript26689	PanBaRT20_chr4HG35716.10	100.000	196	0	0	4	591	6	201	6.71e-140	391	99	33
transcript26689	PanBaRT20_chr6HG58204.21	96.023	176	7	0	4	531	164	339	5.49e-113	335	99	30
transcript26689	PanBaRT20_chr6HG58204.20	96.023	176	7	0	4	531	437	612	7.76e-110	335	99	30
transcript26764	PanBaRT20_chr4HG35792.6	99.468	188	1	0	46	609	30	217	1.74e-124	353	99	31
transcript26764	PanBaRT20_chr4HG35792.6	100.000	15	0	0	3	47	15	29	0.023	38.1	99	2
transcript26775	PanBaRT20_chr4HG35808.1	100.000	160	0	0	1	480	1	160	1.20e-86	253	99	33
transcript26838	PanBaRT20_chr4HG35876.2	100.000	105	0	0	1	315	1	105	2.33e-74	218	99	33
transcript26838	PanBaRT20_chr4HG35876.1	100.000	105	0	0	1	315	1	105	2.33e-74	218	99	33
transcript26974	PanBaRT20_chr4HG36028.6	100.000	460	0	0	1	1380	1	460	0.0	919	99	33
transcript26974	PanBaRT20_chr4HG36028.5	100.000	460	0	0	1	1380	1	460	0.0	919	99	33
transcript26974	PanBaRT20_chr4HG36028.4	100.000	460	0	0	1	1380	1	460	0.0	919	99	33
transcript26974	PanBaRT20_chr4HG36028.3	100.000	460	0	0	1	1380	1	460	0.0	919	99	33
transcript26974	PanBaRT20_chr4HG36028.2	100.000	460	0	0	1	1380	1	460	0.0	919	99	33
transcript26974	PanBaRT20_chr4HG36028.1	100.000	460	0	0	1	1380	1	460	0.0	919	99	33
transcript27255	PanBaRT20_chr4HG36383.5	100.000	107	0	0	1	321	1	107	4.64e-60	182	99	33
transcript27255	PanBaRT20_chr4HG36383.34	100.000	56	0	0	140	307	63	118	1.03e-34	118	99	17
transcript27255	PanBaRT20_chr7HG72968.3	96.429	56	2	0	140	307	63	118	2.14e-33	115	99	17
transcript27256	PanBaRT20_chr4HG36383.33	100.000	97	0	0	1	291	59	155	1.78e-68	204	99	33
transcript27256	PanBaRT20_chr7HG72968.20	97.938	97	2	0	1	291	95	191	7.12e-67	201	99	33
transcript27256	PanBaRT20_chr7HG72968.19	97.938	97	2	0	1	291	85	181	3.83e-66	199	99	33
transcript27256	PanBaRT20_chr7HG72968.11	97.938	97	2	0	1	291	85	181	3.83e-66	199	99	33
transcript27256	PanBaRT20_chr1HG02511.32	96.491	57	2	0	123	293	108	164	2.03e-31	110	99	19
transcript27257	PanBaRT20_chr4HG36383.33	100.000	97	0	0	1	291	59	155	1.78e-68	204	99	33
transcript27257	PanBaRT20_chr7HG72968.20	97.938	97	2	0	1	291	95	191	7.12e-67	201	99	33
transcript27257	PanBaRT20_chr7HG72968.19	97.938	97	2	0	1	291	85	181	3.83e-66	199	99	33
transcript27257	PanBaRT20_chr7HG72968.11	97.938	97	2	0	1	291	85	181	3.83e-66	199	99	33
transcript27257	PanBaRT20_chr1HG02511.32	96.491	57	2	0	123	293	108	164	2.03e-31	110	99	19
transcript27302	PanBaRT20_chr4HG36458.3	100.000	126	0	0	1	378	1	126	2.10e-67	202	99	33
transcript27302	PanBaRT20_chr4HG36458.2	96.183	131	0	1	1	378	1	131	5.11e-65	196	99	33
transcript27303	PanBaRT20_chr4HG36458.3	100.000	126	0	0	1	378	1	126	2.10e-67	202	99	33
transcript27303	PanBaRT20_chr4HG36458.2	96.183	131	0	1	1	378	1	131	5.11e-65	196	99	33
transcript27304	PanBaRT20_chr4HG36458.3	100.000	126	0	0	1	378	1	126	2.10e-67	202	99	33
transcript27304	PanBaRT20_chr4HG36458.2	96.183	131	0	1	1	378	1	131	5.11e-65	196	99	33
transcript27404	PanBaRT20_chr4HG36644.1	100.000	101	0	0	1	303	1	101	4.20e-69	204	99	33
transcript27414	PanBaRT20_chr4HG36657.23	100.000	284	0	0	1	852	1	284	5.46e-133	380	99	33
transcript27415	PanBaRT20_chr4HG36657.15	100.000	307	0	0	1	921	1	307	3.37e-150	426	99	33
transcript27415	PanBaRT20_chr4HG36657.22	99.349	307	0	1	1	921	1	305	6.52e-147	417	99	33
transcript27416	PanBaRT20_chr4HG36657.35	100.000	252	0	0	1	756	1	252	3.62e-125	358	99	33
transcript27416	PanBaRT20_chr4HG36657.20	98.413	252	0	1	1	756	1	248	2.33e-120	346	99	33
transcript27416	PanBaRT20_chr4HG36657.75	96.032	252	2	2	1	756	1	244	5.63e-113	327	99	33
transcript27529	PanBaRT20_chr4HG36803.1	100.000	88	0	0	1	264	1	88	3.39e-46	145	99	33
transcript27529	PanBaRT20_chr4HG36803.2	98.837	86	1	0	1	258	1	86	1.11e-43	141	97	32
transcript27530	PanBaRT20_chr4HG36803.1	100.000	88	0	0	1	264	1	88	3.39e-46	145	99	33
transcript27530	PanBaRT20_chr4HG36803.2	98.837	86	1	0	1	258	1	86	1.11e-43	141	97	32
transcript27667	PanBaRT20_chr4HG37009.7	100.000	94	0	0	1	282	15	108	5.66e-64	191	99	33
transcript27674	PanBaRT20_chr4HG37015.8	100.000	124	0	0	1	372	1	124	1.86e-57	176	99	33
transcript27674	PanBaRT20_chr4HG37015.7	100.000	124	0	0	1	372	1	124	1.86e-57	176	99	33
transcript27674	PanBaRT20_chr4HG37015.4	100.000	124	0	0	1	372	1	124	1.86e-57	176	99	33
transcript27674	PanBaRT20_chr4HG37015.3	100.000	124	0	0	1	372	1	124	1.86e-57	176	99	33
transcript27674	PanBaRT20_chr4HG37015.26	100.000	124	0	0	1	372	1	124	1.86e-57	176	99	33
transcript27674	PanBaRT20_chr4HG37015.23	100.000	124	0	0	1	372	1	124	1.86e-57	176	99	33
transcript27674	PanBaRT20_chr4HG37015.2	100.000	124	0	0	1	372	1	124	1.86e-57	176	99	33
transcript27674	PanBaRT20_chr4HG37015.18	100.000	124	0	0	1	372	1	124	1.86e-57	176	99	33
transcript27674	PanBaRT20_chr4HG37015.14	100.000	124	0	0	1	372	1	124	1.86e-57	176	99	33
transcript27674	PanBaRT20_chr4HG37015.10	100.000	124	0	0	1	372	1	124	1.86e-57	176	99	33
transcript27674	PanBaRT20_chr4HG37015.1	100.000	124	0	0	1	372	1	124	1.86e-57	176	99	33
transcript27674	PanBaRT20_chr4HG37015.9	100.000	121	0	0	1	363	1	121	3.90e-55	173	97	32
transcript27674	PanBaRT20_chr4HG37015.22	100.000	121	0	0	1	363	1	121	3.90e-55	173	97	32
transcript27674	PanBaRT20_chr4HG37015.17	100.000	121	0	0	1	363	1	121	3.90e-55	173	97	32
transcript27682	PanBaRT20_chr4HG37022.2	100.000	105	0	0	1	315	1	105	1.92e-69	205	99	33
transcript27707	PanBaRT20_chr4HG37049.15	100.000	186	0	0	1	558	1	186	2.62e-139	388	99	33
transcript27707	PanBaRT20_chr4HG37049.1	100.000	186	0	0	1	558	1	186	2.62e-139	388	99	33
transcript27714	PanBaRT20_chr4HG37060.59	100.000	108	0	0	1	324	1	108	4.82e-46	146	99	33
transcript27714	PanBaRT20_chr4HG37060.58	100.000	108	0	0	1	324	1	108	4.82e-46	146	99	33
transcript27714	PanBaRT20_chr4HG37060.51	100.000	108	0	0	1	324	1	108	4.82e-46	146	99	33
transcript27714	PanBaRT20_chr4HG37060.47	100.000	108	0	0	1	324	1	108	4.82e-46	146	99	33
transcript27714	PanBaRT20_chr4HG37060.46	100.000	108	0	0	1	324	1	108	4.82e-46	146	99	33
transcript27714	PanBaRT20_chr4HG37060.45	100.000	108	0	0	1	324	1	108	4.82e-46	146	99	33
transcript27714	PanBaRT20_chr4HG37060.44	100.000	108	0	0	1	324	1	108	4.82e-46	146	99	33
transcript27714	PanBaRT20_chr4HG37060.43	100.000	108	0	0	1	324	1	108	4.82e-46	146	99	33
transcript27714	PanBaRT20_chr4HG37060.42	100.000	108	0	0	1	324	1	108	4.82e-46	146	99	33
transcript27714	PanBaRT20_chr4HG37060.34	100.000	108	0	0	1	324	1	108	4.82e-46	146	99	33
transcript27714	PanBaRT20_chr4HG37060.33	100.000	108	0	0	1	324	1	108	4.82e-46	146	99	33
transcript27714	PanBaRT20_chr4HG37060.31	100.000	108	0	0	1	324	1	108	4.82e-46	146	99	33
transcript27714	PanBaRT20_chr4HG37060.30	100.000	108	0	0	1	324	1	108	4.82e-46	146	99	33
transcript27714	PanBaRT20_chr4HG37060.29	100.000	108	0	0	1	324	1	108	4.82e-46	146	99	33
transcript27714	PanBaRT20_chr4HG37060.27	100.000	108	0	0	1	324	1	108	4.82e-46	146	99	33
transcript27714	PanBaRT20_chr4HG37060.25	100.000	108	0	0	1	324	1	108	4.82e-46	146	99	33
transcript27714	PanBaRT20_chr4HG37060.24	100.000	108	0	0	1	324	1	108	4.82e-46	146	99	33
transcript27714	PanBaRT20_chr4HG37060.22	100.000	108	0	0	1	324	1	108	4.82e-46	146	99	33
transcript27714	PanBaRT20_chr4HG37060.21	100.000	108	0	0	1	324	1	108	4.82e-46	146	99	33
transcript27714	PanBaRT20_chr4HG37060.20	100.000	108	0	0	1	324	1	108	4.82e-46	146	99	33
transcript27714	PanBaRT20_chr4HG37060.2	100.000	108	0	0	1	324	1	108	4.82e-46	146	99	33
transcript27714	PanBaRT20_chr4HG37060.19	100.000	108	0	0	1	324	1	108	4.82e-46	146	99	33
transcript27714	PanBaRT20_chr4HG37060.18	100.000	108	0	0	1	324	1	108	4.82e-46	146	99	33
transcript27714	PanBaRT20_chr4HG37060.17	100.000	108	0	0	1	324	1	108	4.82e-46	146	99	33
transcript27714	PanBaRT20_chr4HG37060.15	100.000	108	0	0	1	324	1	108	4.82e-46	146	99	33
transcript27714	PanBaRT20_chr4HG37060.14	100.000	108	0	0	1	324	1	108	4.82e-46	146	99	33
transcript27714	PanBaRT20_chr4HG37060.13	100.000	108	0	0	1	324	1	108	4.82e-46	146	99	33
transcript27714	PanBaRT20_chr4HG37060.12	100.000	108	0	0	1	324	1	108	4.82e-46	146	99	33
transcript27714	PanBaRT20_chr4HG37060.11	100.000	108	0	0	1	324	1	108	4.82e-46	146	99	33
transcript27714	PanBaRT20_chr4HG37060.10	100.000	108	0	0	1	324	1	108	4.82e-46	146	99	33
transcript27714	PanBaRT20_chr4HG37060.1	100.000	108	0	0	1	324	1	108	4.82e-46	146	99	33
transcript27714	PanBaRT20_chr4HG37060.60	100.000	105	0	0	1	315	1	105	1.97e-43	140	96	32
transcript27714	PanBaRT20_chr4HG37060.48	100.000	105	0	0	1	315	1	105	1.97e-43	140	96	32
transcript27715	PanBaRT20_chr4HG37060.8	100.000	79	0	0	1	237	1	79	1.70e-38	125	99	33
transcript27715	PanBaRT20_chr4HG37060.7	100.000	79	0	0	1	237	1	79	1.70e-38	125	99	33
transcript27715	PanBaRT20_chr4HG37060.68	100.000	79	0	0	1	237	1	79	1.70e-38	125	99	33
transcript27715	PanBaRT20_chr4HG37060.65	100.000	79	0	0	1	237	1	79	1.70e-38	125	99	33
transcript27715	PanBaRT20_chr4HG37060.64	100.000	79	0	0	1	237	1	79	1.70e-38	125	99	33
transcript27715	PanBaRT20_chr4HG37060.62	100.000	79	0	0	1	237	1	79	1.70e-38	125	99	33
transcript27715	PanBaRT20_chr4HG37060.61	100.000	79	0	0	1	237	1	79	1.70e-38	125	99	33
transcript27715	PanBaRT20_chr4HG37060.6	100.000	79	0	0	1	237	1	79	1.70e-38	125	99	33
transcript27715	PanBaRT20_chr4HG37060.57	100.000	79	0	0	1	237	1	79	1.70e-38	125	99	33
transcript27715	PanBaRT20_chr4HG37060.49	100.000	79	0	0	1	237	1	79	1.70e-38	125	99	33
transcript27715	PanBaRT20_chr4HG37060.4	100.000	79	0	0	1	237	1	79	1.70e-38	125	99	33
transcript27715	PanBaRT20_chr4HG37060.39	100.000	79	0	0	1	237	1	79	1.70e-38	125	99	33
transcript27715	PanBaRT20_chr4HG37060.38	100.000	79	0	0	1	237	1	79	1.70e-38	125	99	33
transcript27715	PanBaRT20_chr4HG37060.37	100.000	79	0	0	1	237	1	79	1.70e-38	125	99	33
transcript27715	PanBaRT20_chr4HG37060.36	100.000	79	0	0	1	237	1	79	1.70e-38	125	99	33
transcript27715	PanBaRT20_chr4HG37060.35	100.000	79	0	0	1	237	1	79	1.70e-38	125	99	33
transcript27715	PanBaRT20_chr4HG37060.32	100.000	79	0	0	1	237	1	79	1.70e-38	125	99	33
transcript27715	PanBaRT20_chr4HG37060.3	100.000	79	0	0	1	237	1	79	1.70e-38	125	99	33
transcript27715	PanBaRT20_chr4HG37060.28	100.000	79	0	0	1	237	1	79	1.70e-38	125	99	33
transcript27715	PanBaRT20_chr4HG37060.26	100.000	79	0	0	1	237	1	79	1.70e-38	125	99	33
transcript27716	PanBaRT20_chr4HG37060.59	100.000	108	0	0	1	324	1	108	4.82e-46	146	99	33
transcript27716	PanBaRT20_chr4HG37060.58	100.000	108	0	0	1	324	1	108	4.82e-46	146	99	33
transcript27716	PanBaRT20_chr4HG37060.51	100.000	108	0	0	1	324	1	108	4.82e-46	146	99	33
transcript27716	PanBaRT20_chr4HG37060.47	100.000	108	0	0	1	324	1	108	4.82e-46	146	99	33
transcript27716	PanBaRT20_chr4HG37060.46	100.000	108	0	0	1	324	1	108	4.82e-46	146	99	33
transcript27716	PanBaRT20_chr4HG37060.45	100.000	108	0	0	1	324	1	108	4.82e-46	146	99	33
transcript27716	PanBaRT20_chr4HG37060.44	100.000	108	0	0	1	324	1	108	4.82e-46	146	99	33
transcript27716	PanBaRT20_chr4HG37060.43	100.000	108	0	0	1	324	1	108	4.82e-46	146	99	33
transcript27716	PanBaRT20_chr4HG37060.42	100.000	108	0	0	1	324	1	108	4.82e-46	146	99	33
transcript27716	PanBaRT20_chr4HG37060.34	100.000	108	0	0	1	324	1	108	4.82e-46	146	99	33
transcript27716	PanBaRT20_chr4HG37060.33	100.000	108	0	0	1	324	1	108	4.82e-46	146	99	33
transcript27716	PanBaRT20_chr4HG37060.31	100.000	108	0	0	1	324	1	108	4.82e-46	146	99	33
transcript27716	PanBaRT20_chr4HG37060.30	100.000	108	0	0	1	324	1	108	4.82e-46	146	99	33
transcript27716	PanBaRT20_chr4HG37060.29	100.000	108	0	0	1	324	1	108	4.82e-46	146	99	33
transcript27716	PanBaRT20_chr4HG37060.27	100.000	108	0	0	1	324	1	108	4.82e-46	146	99	33
transcript27716	PanBaRT20_chr4HG37060.25	100.000	108	0	0	1	324	1	108	4.82e-46	146	99	33
transcript27716	PanBaRT20_chr4HG37060.24	100.000	108	0	0	1	324	1	108	4.82e-46	146	99	33
transcript27716	PanBaRT20_chr4HG37060.22	100.000	108	0	0	1	324	1	108	4.82e-46	146	99	33
transcript27716	PanBaRT20_chr4HG37060.21	100.000	108	0	0	1	324	1	108	4.82e-46	146	99	33
transcript27716	PanBaRT20_chr4HG37060.20	100.000	108	0	0	1	324	1	108	4.82e-46	146	99	33
transcript27716	PanBaRT20_chr4HG37060.2	100.000	108	0	0	1	324	1	108	4.82e-46	146	99	33
transcript27716	PanBaRT20_chr4HG37060.19	100.000	108	0	0	1	324	1	108	4.82e-46	146	99	33
transcript27716	PanBaRT20_chr4HG37060.18	100.000	108	0	0	1	324	1	108	4.82e-46	146	99	33
transcript27716	PanBaRT20_chr4HG37060.17	100.000	108	0	0	1	324	1	108	4.82e-46	146	99	33
transcript27716	PanBaRT20_chr4HG37060.15	100.000	108	0	0	1	324	1	108	4.82e-46	146	99	33
transcript27716	PanBaRT20_chr4HG37060.14	100.000	108	0	0	1	324	1	108	4.82e-46	146	99	33
transcript27716	PanBaRT20_chr4HG37060.13	100.000	108	0	0	1	324	1	108	4.82e-46	146	99	33
transcript27716	PanBaRT20_chr4HG37060.12	100.000	108	0	0	1	324	1	108	4.82e-46	146	99	33
transcript27716	PanBaRT20_chr4HG37060.11	100.000	108	0	0	1	324	1	108	4.82e-46	146	99	33
transcript27716	PanBaRT20_chr4HG37060.10	100.000	108	0	0	1	324	1	108	4.82e-46	146	99	33
transcript27716	PanBaRT20_chr4HG37060.1	100.000	108	0	0	1	324	1	108	4.82e-46	146	99	33
transcript27716	PanBaRT20_chr4HG37060.60	100.000	105	0	0	1	315	1	105	1.97e-43	140	96	32
transcript27716	PanBaRT20_chr4HG37060.48	100.000	105	0	0	1	315	1	105	1.97e-43	140	96	32
transcript27739	PanBaRT20_chr4HG37112.7	100.000	159	0	0	1	477	1	159	1.01e-97	281	99	33
transcript27739	PanBaRT20_chr4HG37112.2	100.000	159	0	0	1	477	1	159	1.01e-97	281	99	33
transcript27739	PanBaRT20_chr4HG37112.11	100.000	159	0	0	1	477	1	159	1.01e-97	281	99	33
transcript27739	PanBaRT20_chr4HG37112.1	100.000	159	0	0	1	477	1	159	1.01e-97	281	99	33
transcript27740	PanBaRT20_chr4HG37112.5	100.000	202	0	0	1	606	1	202	4.60e-134	376	99	33
transcript27762	PanBaRT20_chr4HG37214.4	100.000	186	0	0	1	558	1	186	1.08e-86	255	99	33
transcript27762	PanBaRT20_chr4HG37214.1	100.000	186	0	0	1	558	1	186	1.08e-86	255	99	33
transcript27800	PanBaRT20_chr4HG37251.8	100.000	218	0	0	1	654	1	218	3.77e-103	300	99	33
transcript27800	PanBaRT20_chr4HG37251.3	100.000	218	0	0	1	654	1	218	3.77e-103	300	99	33
transcript27800	PanBaRT20_chr4HG37251.12	100.000	218	0	0	1	654	1	218	3.77e-103	300	99	33
transcript27829	PanBaRT20_chr4HG37290.9	100.000	165	0	0	1	495	1	165	1.39e-67	205	99	33
transcript27829	PanBaRT20_chr4HG37290.7	100.000	165	0	0	1	495	1	165	1.39e-67	205	99	33
transcript27829	PanBaRT20_chr4HG37290.2	100.000	165	0	0	1	495	1	165	1.39e-67	205	99	33
transcript27829	PanBaRT20_chr4HG37290.14	100.000	165	0	0	1	495	1	165	1.39e-67	205	99	33
transcript27866	PanBaRT20_chr4HG37376.87	100.000	132	0	0	1	396	1	132	5.49e-97	277	99	33
transcript27866	PanBaRT20_chr4HG37376.6	100.000	132	0	0	1	396	1	132	5.49e-97	277	99	33
transcript27866	PanBaRT20_chr4HG37376.5	100.000	132	0	0	1	396	1	132	5.49e-97	277	99	33
transcript27866	PanBaRT20_chr4HG37376.4	100.000	132	0	0	1	396	1	132	5.49e-97	277	99	33
transcript27866	PanBaRT20_chr4HG37376.30	100.000	132	0	0	1	396	1	132	5.49e-97	277	99	33
transcript27866	PanBaRT20_chr4HG37376.3	100.000	132	0	0	1	396	1	132	5.49e-97	277	99	33
transcript27866	PanBaRT20_chr4HG37376.2	100.000	132	0	0	1	396	1	132	5.49e-97	277	99	33
transcript27866	PanBaRT20_chr4HG37376.15	100.000	132	0	0	1	396	98	229	4.74e-96	278	99	33
transcript27866	PanBaRT20_chr4HG37376.17	100.000	132	0	0	1	396	97	228	5.96e-96	278	99	33
transcript27866	PanBaRT20_chr4HG37376.33	100.000	132	0	0	1	396	57	188	8.83e-96	276	99	33
transcript27866	PanBaRT20_chr4HG37376.8	100.000	132	0	0	1	396	56	187	1.04e-95	276	99	33
transcript27866	PanBaRT20_chr4HG37376.77	98.246	57	1	0	228	398	132	188	8.00e-31	113	99	14
transcript27870	PanBaRT20_chr4HG37379.6	100.000	73	0	0	3	221	132	204	1.82e-49	157	99	33
transcript27870	PanBaRT20_chr4HG37379.5	100.000	73	0	0	3	221	132	204	1.82e-49	157	99	33
transcript27870	PanBaRT20_chr4HG37379.4	100.000	73	0	0	3	221	132	204	2.49e-49	157	99	33
transcript27870	PanBaRT20_chr4HG37379.3	100.000	73	0	0	3	221	132	204	3.06e-49	157	99	33
transcript27870	PanBaRT20_chr4HG37379.2	100.000	73	0	0	3	221	132	204	3.06e-49	157	99	33
transcript27870	PanBaRT20_chr4HG37379.1	100.000	73	0	0	3	221	132	204	3.06e-49	157	99	33
transcript27870	PanBaRT20_chr4HG37379.11	100.000	73	0	0	3	221	132	204	3.08e-49	157	99	33
transcript27870	PanBaRT20_chr4HG37379.13	100.000	73	0	0	3	221	132	204	3.47e-49	157	99	33
transcript28086	PanBaRT20_chr4HG37828.4	100.000	98	0	0	296	3	53	150	3.18e-16	73.6	99	33
transcript28096	PanBaRT20_chr4HG37873.2	100.000	86	0	0	1	258	1	86	2.07e-41	133	99	33
transcript28096	PanBaRT20_chr4HG37873.1	100.000	86	0	0	1	258	1	86	2.07e-41	133	99	33
transcript28124	PanBaRT20_chr4HG38000.5	100.000	131	0	0	1	393	1	131	6.38e-67	201	99	33
transcript28124	PanBaRT20_chr4HG38000.4	100.000	131	0	0	1	393	1	131	6.38e-67	201	99	33
transcript28124	PanBaRT20_chr4HG38000.2	100.000	131	0	0	1	393	1	131	6.38e-67	201	99	33
transcript28124	PanBaRT20_chr4HG38000.1	100.000	131	0	0	1	393	1	131	6.38e-67	201	99	33
transcript28136	PanBaRT20_chr4HG38031.3	100.000	91	0	0	1	273	1	91	2.06e-49	154	99	33
transcript28137	PanBaRT20_chr4HG38031.3	100.000	91	0	0	1	273	1	91	2.06e-49	154	99	33
transcript28138	PanBaRT20_chr4HG38031.3	100.000	91	0	0	1	273	1	91	2.06e-49	154	99	33
transcript28335	PanBaRT20_chr4HG38581.9	100.000	73	0	0	1	219	1	73	2.51e-48	149	99	33
transcript28335	PanBaRT20_chr4HG38581.87	100.000	73	0	0	1	219	1	73	2.51e-48	149	99	33
transcript28335	PanBaRT20_chr4HG38581.64	100.000	73	0	0	1	219	1	73	2.51e-48	149	99	33
transcript28335	PanBaRT20_chr4HG38581.4	100.000	73	0	0	1	219	1	73	2.51e-48	149	99	33
transcript28335	PanBaRT20_chr4HG38581.34	100.000	73	0	0	1	219	1	73	2.51e-48	149	99	33
transcript28335	PanBaRT20_chr4HG38581.3	100.000	73	0	0	1	219	1	73	2.51e-48	149	99	33
transcript28335	PanBaRT20_chr4HG38581.23	100.000	73	0	0	1	219	1	73	2.51e-48	149	99	33
transcript28339	PanBaRT20_chr7HG68314.1	95.455	66	3	0	1	198	1362	1427	1.85e-35	128	99	33
transcript28341	PanBaRT20_chr4HG38590.5	100.000	173	0	0	1	519	1	173	2.64e-90	263	99	33
transcript28341	PanBaRT20_chr4HG38590.1	100.000	173	0	0	1	519	1	173	2.64e-90	263	99	33
transcript28345	PanBaRT20_chr4HG38604.3	100.000	86	0	0	1	258	1	86	8.64e-56	169	99	33
transcript28345	PanBaRT20_chr4HG38604.4	100.000	85	0	0	1	255	1	85	8.41e-55	167	98	33
transcript28345	PanBaRT20_chr4HG38604.2	100.000	85	0	0	1	255	1	85	8.41e-55	167	98	33
transcript28375	PanBaRT20_chr4HG38654.5	100.000	81	0	0	1	243	1	81	5.32e-36	119	99	33
transcript28387	PanBaRT20_chr4HG38667.9	100.000	65	0	0	1	195	1	65	9.63e-41	130	98	33
transcript28387	PanBaRT20_chr4HG38667.8	100.000	65	0	0	1	195	1	65	9.63e-41	130	98	33
transcript28387	PanBaRT20_chr4HG38667.7	100.000	65	0	0	1	195	1	65	9.63e-41	130	98	33
transcript28387	PanBaRT20_chr4HG38667.6	100.000	65	0	0	1	195	1	65	9.63e-41	130	98	33
transcript28387	PanBaRT20_chr4HG38667.4	100.000	65	0	0	1	195	1	65	9.63e-41	130	98	33
transcript28387	PanBaRT20_chr4HG38667.3	100.000	65	0	0	1	195	1	65	9.63e-41	130	98	33
transcript28387	PanBaRT20_chr4HG38667.17	100.000	65	0	0	1	195	1	65	9.63e-41	130	98	33
transcript28387	PanBaRT20_chr4HG38667.16	100.000	65	0	0	1	195	1	65	9.63e-41	130	98	33
transcript28387	PanBaRT20_chr4HG38667.15	100.000	65	0	0	1	195	1	65	9.63e-41	130	98	33
transcript28387	PanBaRT20_chr4HG38667.11	100.000	65	0	0	1	195	1	65	9.63e-41	130	98	33
transcript28387	PanBaRT20_chr4HG38667.10	100.000	65	0	0	1	195	1	65	9.63e-41	130	98	33
transcript28387	PanBaRT20_chr4HG38667.1	100.000	65	0	0	1	195	1	65	9.63e-41	130	98	33
transcript28429	PanBaRT20_chr4HG38779.5	100.000	82	0	0	1	246	39	120	3.15e-56	171	99	33
transcript28429	PanBaRT20_chr4HG38779.2	100.000	82	0	0	1	246	1	82	5.68e-56	169	99	33
transcript28429	PanBaRT20_chr4HG38779.1	100.000	82	0	0	1	246	1	82	5.68e-56	169	99	33
transcript28430	PanBaRT20_chr4HG38779.5	100.000	82	0	0	1	246	39	120	3.15e-56	171	99	33
transcript28430	PanBaRT20_chr4HG38779.2	100.000	82	0	0	1	246	1	82	5.68e-56	169	99	33
transcript28430	PanBaRT20_chr4HG38779.1	100.000	82	0	0	1	246	1	82	5.68e-56	169	99	33
transcript28439	PanBaRT20_chr4HG38812.5	100.000	95	0	0	1	285	1	95	3.75e-46	145	99	33
transcript28439	PanBaRT20_chr4HG38812.4	100.000	95	0	0	1	285	1	95	3.75e-46	145	99	33
transcript28439	PanBaRT20_chr4HG38812.3	100.000	95	0	0	1	285	1	95	3.75e-46	145	99	33
transcript28439	PanBaRT20_chr4HG38812.2	100.000	95	0	0	1	285	1	95	3.75e-46	145	99	33
transcript28439	PanBaRT20_chr4HG38812.1	100.000	95	0	0	1	285	1	95	3.75e-46	145	99	33
transcript28499	PanBaRT20_chr4HG38981.13	100.000	125	0	0	1	375	30	154	1.14e-63	193	99	33
transcript28499	PanBaRT20_chr4HG38981.10	100.000	125	0	0	1	375	30	154	1.14e-63	193	99	33
transcript28499	PanBaRT20_chr4HG38981.15	98.400	125	0	1	1	375	30	152	2.32e-60	185	99	33
transcript28522	PanBaRT20_chr4HG39028.8	100.000	90	0	0	1	270	1	90	6.43e-25	92.0	99	33
transcript28522	PanBaRT20_chr4HG39028.7	100.000	90	0	0	1	270	1	90	6.43e-25	92.0	99	33
transcript28522	PanBaRT20_chr4HG39028.6	100.000	90	0	0	1	270	1	90	6.43e-25	92.0	99	33
transcript28522	PanBaRT20_chr4HG39028.5	100.000	90	0	0	1	270	1	90	6.43e-25	92.0	99	33
transcript28522	PanBaRT20_chr4HG39028.4	100.000	90	0	0	1	270	1	90	6.43e-25	92.0	99	33
transcript28522	PanBaRT20_chr4HG39028.3	100.000	90	0	0	1	270	1	90	6.43e-25	92.0	99	33
transcript28522	PanBaRT20_chr4HG39028.2	100.000	90	0	0	1	270	76	165	3.61e-24	92.4	99	33
transcript28522	PanBaRT20_chr4HG39028.1	100.000	90	0	0	1	270	76	165	3.61e-24	92.4	99	33
transcript28547	PanBaRT20_chr4HG39082.5	100.000	76	0	0	1	228	1	76	4.17e-51	157	99	33
transcript28548	PanBaRT20_chr4HG39082.5	100.000	76	0	0	1	228	1	76	4.17e-51	157	99	33
transcript28550	PanBaRT20_chr4HG39093.4	100.000	85	0	0	1	255	1	85	8.01e-16	68.6	99	33
transcript28550	PanBaRT20_chr4HG39093.1	100.000	85	0	0	1	255	1	85	8.01e-16	68.6	99	33
transcript28551	PanBaRT20_chr4HG39093.2	100.000	131	0	0	1	393	1	131	4.86e-51	160	99	33
transcript28552	PanBaRT20_chr4HG39094.3	96.721	122	4	0	4	369	3	124	1.23e-85	248	98	33
transcript28575	PanBaRT20_chr4HG39124.9	100.000	107	0	0	1	321	1	107	7.41e-54	166	99	33
transcript28575	PanBaRT20_chr4HG39124.5	100.000	107	0	0	1	321	1	107	7.41e-54	166	99	33
transcript28575	PanBaRT20_chr4HG39124.4	100.000	107	0	0	1	321	1	107	7.41e-54	166	99	33
transcript28575	PanBaRT20_chr4HG39124.3	100.000	107	0	0	1	321	1	107	7.41e-54	166	99	33
transcript28575	PanBaRT20_chr4HG39124.23	100.000	107	0	0	1	321	1	107	7.41e-54	166	99	33
transcript28575	PanBaRT20_chr4HG39124.21	100.000	107	0	0	1	321	1	107	7.41e-54	166	99	33
transcript28575	PanBaRT20_chr4HG39124.2	100.000	107	0	0	1	321	1	107	7.41e-54	166	99	33
transcript28575	PanBaRT20_chr4HG39124.14	100.000	107	0	0	1	321	1	107	7.41e-54	166	99	33
transcript28575	PanBaRT20_chr4HG39124.12	100.000	107	0	0	1	321	1	107	7.41e-54	166	99	33
transcript28575	PanBaRT20_chr4HG39124.11	100.000	107	0	0	1	321	1	107	7.41e-54	166	99	33
transcript28575	PanBaRT20_chr4HG39124.1	100.000	107	0	0	1	321	1	107	7.41e-54	166	99	33
transcript28632	PanBaRT20_chr4HG39280.15	100.000	128	0	0	1	384	87	214	2.65e-64	197	99	33
transcript28632	PanBaRT20_chr4HG39280.11	100.000	128	0	0	1	384	87	214	2.65e-64	197	99	33
transcript28632	PanBaRT20_chr6HG59662.40	95.312	128	6	0	1	384	87	214	1.06e-58	183	99	33
transcript28632	PanBaRT20_chr4HG39280.23	97.778	90	2	0	3	272	80	169	8.77e-49	130	99	23
transcript28632	PanBaRT20_chr4HG39280.23	97.561	41	1	0	262	384	170	210	8.77e-49	83.2	99	11
transcript28632	PanBaRT20_chr3HG30476.2	97.727	88	2	0	3	266	65	152	6.81e-45	125	99	23
transcript28632	PanBaRT20_chr4HG39280.36	97.561	41	1	0	262	384	195	235	1.91e-19	83.2	99	11
transcript28633	PanBaRT20_chr4HG39280.21	100.000	109	0	0	1	327	87	195	8.22e-37	126	99	33
transcript28633	PanBaRT20_chr6HG59662.49	98.165	109	2	0	1	327	1	109	9.34e-36	120	99	33
transcript28633	PanBaRT20_chr6HG59662.5	98.165	109	2	0	1	327	87	195	9.49e-35	120	99	33
transcript28633	PanBaRT20_chr6HG59662.37	98.165	109	2	0	1	327	87	195	9.49e-35	120	99	33
transcript28633	PanBaRT20_chr6HG59662.34	98.165	109	2	0	1	327	87	195	9.49e-35	120	99	33
transcript28633	PanBaRT20_chr6HG59662.32	98.165	109	2	0	1	327	87	195	9.49e-35	120	99	33
transcript28633	PanBaRT20_chr2HG15174.7	95.413	109	5	0	1	327	1	109	3.65e-33	114	99	33
transcript29018	PanBaRT20_chr4HG39843.23	100.000	239	0	0	1	717	1	239	7.36e-151	422	99	33
transcript29018	PanBaRT20_chr4HG39843.20	100.000	239	0	0	1	717	1	239	7.36e-151	422	99	33
transcript29018	PanBaRT20_chr4HG39843.16	100.000	239	0	0	1	717	1	239	7.36e-151	422	99	33
transcript29139	PanBaRT20_chr4HG39993.42	98.964	193	2	0	1	579	1	193	1.78e-125	354	99	33
transcript29139	PanBaRT20_chr4HG39993.15	98.964	193	2	0	1	579	36	228	1.68e-124	353	99	33
transcript29139	PanBaRT20_chr7HG79056.99	96.891	193	6	0	1	579	1	193	3.35e-123	352	99	33
transcript29139	PanBaRT20_chr7HG79056.95	96.891	193	6	0	1	579	1	193	3.35e-123	352	99	33
transcript29139	PanBaRT20_chr7HG79056.72	96.891	193	6	0	1	579	1	193	3.35e-123	352	99	33
transcript29139	PanBaRT20_chr7HG79056.64	96.891	193	6	0	1	579	1	193	3.35e-123	352	99	33
transcript29139	PanBaRT20_chr7HG79056.62	96.891	193	6	0	1	579	1	193	3.35e-123	352	99	33
transcript29139	PanBaRT20_chr7HG79056.49	96.891	193	6	0	1	579	1	193	3.35e-123	352	99	33
transcript29139	PanBaRT20_chr7HG79056.47	96.891	193	6	0	1	579	1	193	3.35e-123	352	99	33
transcript29139	PanBaRT20_chr7HG79056.103	96.891	193	6	0	1	579	1	193	3.35e-123	352	99	33
transcript29139	PanBaRT20_chr7HG79056.10	96.891	193	6	0	1	579	1	193	3.35e-123	352	99	33
transcript29139	PanBaRT20_chr7HG79056.94	96.891	193	6	0	1	579	1	193	4.10e-123	352	99	33
transcript29139	PanBaRT20_chr7HG79056.9	96.891	193	6	0	1	579	1	193	4.10e-123	352	99	33
transcript29139	PanBaRT20_chr7HG79056.71	96.891	193	6	0	1	579	1	193	4.10e-123	352	99	33
transcript29139	PanBaRT20_chr7HG79056.50	96.891	193	6	0	1	579	1	193	4.49e-123	352	99	33
transcript29139	PanBaRT20_chr7HG79056.97	96.891	193	6	0	1	579	1	193	4.93e-123	352	99	33
transcript29139	PanBaRT20_chr7HG79056.83	96.891	193	6	0	1	579	1	193	4.93e-123	352	99	33
transcript29139	PanBaRT20_chr7HG79056.37	96.891	193	6	0	1	579	1	193	4.93e-123	352	99	33
transcript29139	PanBaRT20_chr7HG79056.27	96.891	193	6	0	1	579	1	193	4.93e-123	352	99	33
transcript29139	PanBaRT20_chr7HG79056.21	96.891	193	6	0	1	579	1	193	4.93e-123	352	99	33
transcript29139	PanBaRT20_chr7HG79056.44	96.891	193	6	0	1	579	1	193	5.99e-123	351	99	33
transcript29139	PanBaRT20_chr7HG79056.73	96.891	193	6	0	1	579	1	193	6.58e-123	351	99	33
transcript29139	PanBaRT20_chr7HG79056.57	96.891	193	6	0	1	579	1	193	6.58e-123	351	99	33
transcript29139	PanBaRT20_chr7HG79056.48	96.891	193	6	0	1	579	1	193	1.16e-122	349	99	33
transcript29139	PanBaRT20_chr7HG79056.92	96.891	193	6	0	1	579	1	193	1.21e-122	353	99	33
transcript29139	PanBaRT20_chr7HG79056.104	96.891	193	6	0	1	579	1	193	1.37e-122	353	99	33
transcript29139	PanBaRT20_chr7HG79056.88	96.891	193	6	0	1	579	1	193	1.45e-122	353	99	33
transcript29139	PanBaRT20_chr7HG79056.91	96.891	193	6	0	1	579	1	193	1.48e-122	353	99	33
transcript29139	PanBaRT20_chr7HG79056.5	96.891	193	6	0	1	579	1	193	1.50e-122	349	99	33
transcript29139	PanBaRT20_chr7HG79056.35	96.891	193	6	0	1	579	1	193	1.50e-122	349	99	33
transcript29139	PanBaRT20_chr7HG79056.84	96.891	193	6	0	1	579	1	193	1.51e-122	349	99	33
transcript29139	PanBaRT20_chr7HG79056.87	96.891	193	6	0	1	579	1	193	1.63e-122	353	99	33
transcript29139	PanBaRT20_chr7HG79056.80	96.891	193	6	0	1	579	1	193	1.71e-122	349	99	33
transcript29139	PanBaRT20_chr7HG79056.90	96.891	193	6	0	1	579	1	193	1.78e-122	353	99	33
transcript29139	PanBaRT20_chr7HG79056.18	96.891	193	6	0	1	579	1	193	1.78e-122	349	99	33
transcript29139	PanBaRT20_chr7HG79056.106	96.891	193	6	0	1	579	1	193	2.07e-122	353	99	33
transcript29139	PanBaRT20_chr7HG79056.98	96.891	193	6	0	1	579	1	193	2.50e-122	349	99	33
transcript29139	PanBaRT20_chr7HG79056.96	96.891	193	6	0	1	579	1	193	2.50e-122	349	99	33
transcript29139	PanBaRT20_chr7HG79056.93	96.891	193	6	0	1	579	1	193	2.50e-122	349	99	33
transcript29139	PanBaRT20_chr7HG79056.8	96.891	193	6	0	1	579	1	193	2.50e-122	349	99	33
transcript29139	PanBaRT20_chr7HG79056.79	96.891	193	6	0	1	579	1	193	2.50e-122	349	99	33
transcript29139	PanBaRT20_chr7HG79056.78	96.891	193	6	0	1	579	1	193	2.50e-122	349	99	33
transcript29139	PanBaRT20_chr7HG79056.77	96.891	193	6	0	1	579	1	193	2.50e-122	349	99	33
transcript29139	PanBaRT20_chr7HG79056.76	96.891	193	6	0	1	579	1	193	2.50e-122	349	99	33
transcript29139	PanBaRT20_chr7HG79056.75	96.891	193	6	0	1	579	1	193	2.50e-122	349	99	33
transcript29139	PanBaRT20_chr7HG79056.74	96.891	193	6	0	1	579	1	193	2.50e-122	349	99	33
transcript29139	PanBaRT20_chr7HG79056.69	96.891	193	6	0	1	579	1	193	2.50e-122	349	99	33
transcript29139	PanBaRT20_chr7HG79056.55	96.891	193	6	0	1	579	1	193	2.50e-122	349	99	33
transcript29139	PanBaRT20_chr7HG79056.51	96.891	193	6	0	1	579	1	193	2.50e-122	349	99	33
transcript29139	PanBaRT20_chr7HG79056.46	96.891	193	6	0	1	579	1	193	2.50e-122	349	99	33
transcript29139	PanBaRT20_chr7HG79056.45	96.891	193	6	0	1	579	1	193	2.50e-122	349	99	33
transcript29139	PanBaRT20_chr7HG79056.40	96.891	193	6	0	1	579	1	193	2.50e-122	349	99	33
transcript29139	PanBaRT20_chr7HG79056.39	96.891	193	6	0	1	579	1	193	2.50e-122	349	99	33
transcript29139	PanBaRT20_chr7HG79056.32	96.891	193	6	0	1	579	1	193	2.50e-122	349	99	33
transcript29139	PanBaRT20_chr7HG79056.30	96.891	193	6	0	1	579	1	193	2.50e-122	349	99	33
transcript29139	PanBaRT20_chr7HG79056.24	96.891	193	6	0	1	579	1	193	2.50e-122	349	99	33
transcript29139	PanBaRT20_chr7HG79056.23	96.891	193	6	0	1	579	1	193	2.50e-122	349	99	33
transcript29139	PanBaRT20_chr7HG79056.22	96.891	193	6	0	1	579	1	193	2.50e-122	349	99	33
transcript29139	PanBaRT20_chr7HG79056.20	96.891	193	6	0	1	579	1	193	2.50e-122	349	99	33
transcript29139	PanBaRT20_chr7HG79056.16	96.891	193	6	0	1	579	1	193	2.50e-122	349	99	33
transcript29139	PanBaRT20_chr7HG79056.15	96.891	193	6	0	1	579	1	193	2.50e-122	349	99	33
transcript29139	PanBaRT20_chr7HG79056.12	96.891	193	6	0	1	579	1	193	2.50e-122	349	99	33
transcript29139	PanBaRT20_chr7HG79056.102	96.891	193	6	0	1	579	1	193	2.50e-122	349	99	33
transcript29139	PanBaRT20_chr7HG79056.101	96.891	193	6	0	1	579	1	193	2.50e-122	349	99	33
transcript29139	PanBaRT20_chr7HG79056.100	96.891	193	6	0	1	579	1	193	2.50e-122	349	99	33
transcript29139	PanBaRT20_chr7HG79056.60	96.891	193	6	0	1	579	1	193	2.70e-122	348	99	33
transcript29139	PanBaRT20_chr7HG79056.89	96.891	193	6	0	1	579	1	193	2.72e-122	352	99	33
transcript29139	PanBaRT20_chr7HG79056.2	96.891	193	6	0	1	579	1	193	4.53e-122	354	99	33
transcript29139	PanBaRT20_chr7HG79056.54	96.891	193	6	0	1	579	1	193	5.11e-122	352	99	33
transcript29139	PanBaRT20_chr7HG79056.26	96.891	193	6	0	1	579	1	193	5.11e-122	352	99	33
transcript29139	PanBaRT20_chr7HG79056.82	96.891	193	6	0	1	579	1	193	5.76e-122	353	99	33
transcript29139	PanBaRT20_chr7HG79056.25	96.891	193	6	0	1	579	1	193	5.95e-122	352	99	33
transcript29139	PanBaRT20_chr7HG79056.38	96.891	193	6	0	1	579	1	193	6.48e-122	353	99	33
transcript29139	PanBaRT20_chr7HG79056.86	96.891	193	6	0	1	579	1	193	7.64e-122	347	99	33
transcript29139	PanBaRT20_chr7HG79056.70	96.891	193	6	0	1	579	1	193	7.64e-122	347	99	33
transcript29139	PanBaRT20_chr7HG79056.65	96.891	193	6	0	1	579	1	193	7.64e-122	347	99	33
transcript29139	PanBaRT20_chr7HG79056.58	96.891	193	6	0	1	579	1	193	7.64e-122	347	99	33
transcript29139	PanBaRT20_chr7HG79056.31	96.891	193	6	0	1	579	1	193	7.64e-122	347	99	33
transcript29139	PanBaRT20_chr7HG79056.53	96.891	193	6	0	1	579	1	193	7.73e-122	352	99	33
transcript29139	PanBaRT20_chr7HG79056.36	96.891	193	6	0	1	579	1	193	1.03e-121	350	99	33
transcript29139	PanBaRT20_chr7HG79056.11	96.891	193	6	0	1	579	1	193	1.03e-121	350	99	33
transcript29139	PanBaRT20_chr7HG79056.33	96.891	193	6	0	1	579	1	193	1.56e-121	352	99	33
transcript29139	PanBaRT20_chr7HG79056.52	96.891	193	6	0	1	579	1	193	1.09e-119	352	99	33
transcript29139	PanBaRT20_chr7HG79056.81	96.891	193	6	0	1	579	1	193	1.22e-119	351	99	33
transcript29139	PanBaRT20_chr7HG79056.41	96.891	193	6	0	1	579	1	193	1.22e-119	351	99	33
transcript29139	PanBaRT20_chr7HG79056.3	96.891	193	6	0	1	579	1	193	1.44e-119	352	99	33
transcript29139	PanBaRT20_chr7HG79056.4	96.891	193	6	0	1	579	1	193	1.44e-119	351	99	33
transcript29139	PanBaRT20_chr7HG79056.67	96.891	193	6	0	1	579	1	193	1.58e-119	351	99	33
transcript29139	PanBaRT20_chr7HG79056.61	96.891	193	6	0	1	579	1	193	1.58e-119	351	99	33
transcript29139	PanBaRT20_chr7HG79056.29	96.891	193	6	0	1	579	1	193	1.58e-119	351	99	33
transcript29139	PanBaRT20_chr7HG79056.1	96.891	193	6	0	1	579	1	193	1.59e-119	351	99	33
transcript29139	PanBaRT20_chr7HG79056.13	96.891	193	6	0	1	579	1	193	1.68e-119	351	99	33
transcript29139	PanBaRT20_chr7HG79056.63	96.891	193	6	0	1	579	1	193	1.76e-119	351	99	33
transcript29139	PanBaRT20_chr7HG79056.59	96.891	193	6	0	1	579	1	193	1.79e-119	351	99	33
transcript29139	PanBaRT20_chr7HG79056.56	96.891	193	6	0	1	579	1	193	1.89e-119	351	99	33
transcript29139	PanBaRT20_chr7HG79056.19	96.891	193	6	0	1	579	1	193	1.89e-119	351	99	33
transcript29139	PanBaRT20_chr7HG79056.14	96.891	193	6	0	1	579	1	193	1.89e-119	351	99	33
transcript29139	PanBaRT20_chr7HG79056.17	96.891	193	6	0	1	579	1	193	2.06e-119	351	99	33
transcript29139	PanBaRT20_chr7HG79056.6	96.891	193	6	0	1	579	1	193	2.29e-119	351	99	33
transcript29139	PanBaRT20_chr7HG79056.85	96.891	193	6	0	1	579	1	193	2.29e-119	351	99	33
transcript29363	PanBaRT20_chr4HG40273.4	98.235	170	3	0	1	510	1	170	3.06e-51	164	99	33
transcript29363	PanBaRT20_chr4HG40273.14	97.661	171	3	1	1	510	1	171	2.50e-49	159	99	33
transcript29363	PanBaRT20_chr4HG40273.5	97.059	170	3	1	1	510	1	168	3.77e-48	156	99	33
transcript29363	PanBaRT20_chr4HG40273.7	96.491	171	3	2	1	510	1	169	2.64e-46	152	99	33
transcript29442	PanBaRT20_chr4HG40390.2	100.000	80	0	0	1	240	1	80	3.09e-31	107	99	33
transcript29442	PanBaRT20_chr4HG40390.1	100.000	80	0	0	1	240	1	80	3.09e-31	107	99	33
transcript29912	PanBaRT20_chr4HG40958.9	100.000	95	0	0	1	285	1	95	1.56e-63	189	99	33
transcript29912	PanBaRT20_chr4HG40958.7	100.000	95	0	0	1	285	1	95	1.56e-63	189	99	33
transcript29912	PanBaRT20_chr4HG40958.30	100.000	95	0	0	1	285	1	95	1.56e-63	189	99	33
transcript29912	PanBaRT20_chr4HG40958.25	100.000	95	0	0	1	285	1	95	1.56e-63	189	99	33
transcript29912	PanBaRT20_chr4HG40958.24	100.000	95	0	0	1	285	1	95	1.56e-63	189	99	33
transcript29912	PanBaRT20_chr4HG40958.23	100.000	95	0	0	1	285	1	95	1.56e-63	189	99	33
transcript29912	PanBaRT20_chr4HG40958.22	100.000	95	0	0	1	285	1	95	1.56e-63	189	99	33
transcript29912	PanBaRT20_chr4HG40958.21	100.000	95	0	0	1	285	1	95	1.56e-63	189	99	33
transcript29912	PanBaRT20_chr4HG40958.18	100.000	95	0	0	1	285	1	95	1.56e-63	189	99	33
transcript29912	PanBaRT20_chr4HG40958.17	100.000	95	0	0	1	285	1	95	1.56e-63	189	99	33
transcript29912	PanBaRT20_chr4HG40958.16	100.000	95	0	0	1	285	1	95	1.56e-63	189	99	33
transcript29912	PanBaRT20_chr4HG40958.14	100.000	95	0	0	1	285	1	95	1.56e-63	189	99	33
transcript29912	PanBaRT20_chr4HG40958.13	100.000	95	0	0	1	285	1	95	1.56e-63	189	99	33
transcript29912	PanBaRT20_chr4HG40958.11	100.000	95	0	0	1	285	1	95	1.56e-63	189	99	33
transcript29913	PanBaRT20_chr4HG40958.9	100.000	95	0	0	1	285	1	95	1.56e-63	189	99	33
transcript29913	PanBaRT20_chr4HG40958.7	100.000	95	0	0	1	285	1	95	1.56e-63	189	99	33
transcript29913	PanBaRT20_chr4HG40958.30	100.000	95	0	0	1	285	1	95	1.56e-63	189	99	33
transcript29913	PanBaRT20_chr4HG40958.25	100.000	95	0	0	1	285	1	95	1.56e-63	189	99	33
transcript29913	PanBaRT20_chr4HG40958.24	100.000	95	0	0	1	285	1	95	1.56e-63	189	99	33
transcript29913	PanBaRT20_chr4HG40958.23	100.000	95	0	0	1	285	1	95	1.56e-63	189	99	33
transcript29913	PanBaRT20_chr4HG40958.22	100.000	95	0	0	1	285	1	95	1.56e-63	189	99	33
transcript29913	PanBaRT20_chr4HG40958.21	100.000	95	0	0	1	285	1	95	1.56e-63	189	99	33
transcript29913	PanBaRT20_chr4HG40958.18	100.000	95	0	0	1	285	1	95	1.56e-63	189	99	33
transcript29913	PanBaRT20_chr4HG40958.17	100.000	95	0	0	1	285	1	95	1.56e-63	189	99	33
transcript29913	PanBaRT20_chr4HG40958.16	100.000	95	0	0	1	285	1	95	1.56e-63	189	99	33
transcript29913	PanBaRT20_chr4HG40958.14	100.000	95	0	0	1	285	1	95	1.56e-63	189	99	33
transcript29913	PanBaRT20_chr4HG40958.13	100.000	95	0	0	1	285	1	95	1.56e-63	189	99	33
transcript29913	PanBaRT20_chr4HG40958.11	100.000	95	0	0	1	285	1	95	1.56e-63	189	99	33
transcript29925	PanBaRT20_chr4HG40986.7	100.000	127	0	0	1	381	1	127	1.30e-85	248	99	33
transcript29925	PanBaRT20_chr4HG40986.4	100.000	127	0	0	1	381	1	127	1.30e-85	248	99	33
transcript29925	PanBaRT20_chr4HG40986.2	100.000	127	0	0	1	381	1	127	1.30e-85	248	99	33
transcript29925	PanBaRT20_chr4HG40986.10	100.000	127	0	0	1	381	1	127	1.30e-85	248	99	33
transcript29925	PanBaRT20_chr4HG40986.1	100.000	127	0	0	1	381	1	127	1.30e-85	248	99	33
transcript29925	PanBaRT20_chr4HG40987.1	100.000	127	0	0	382	2	15	141	1.33e-24	95.9	99	33
transcript29925	PanBaRT20_chr4HG40987.1	98.387	62	1	0	292	107	92	153	1.90e-11	61.6	99	16
transcript29926	PanBaRT20_chr4HG40986.7	100.000	127	0	0	1	381	1	127	1.30e-85	248	99	33
transcript29926	PanBaRT20_chr4HG40986.4	100.000	127	0	0	1	381	1	127	1.30e-85	248	99	33
transcript29926	PanBaRT20_chr4HG40986.2	100.000	127	0	0	1	381	1	127	1.30e-85	248	99	33
transcript29926	PanBaRT20_chr4HG40986.10	100.000	127	0	0	1	381	1	127	1.30e-85	248	99	33
transcript29926	PanBaRT20_chr4HG40986.1	100.000	127	0	0	1	381	1	127	1.30e-85	248	99	33
transcript29926	PanBaRT20_chr4HG40987.1	100.000	127	0	0	382	2	15	141	1.33e-24	95.9	99	33
transcript29926	PanBaRT20_chr4HG40987.1	98.387	62	1	0	292	107	92	153	1.90e-11	61.6	99	16
transcript30153	PanBaRT20_chr4HG41244.1	97.297	74	2	0	1	222	1	74	7.42e-47	145	99	33
transcript30443	PanBaRT20_chr4HG41567.7	100.000	369	0	0	1	1107	1	369	0.0	562	99	33
transcript30443	PanBaRT20_chr4HG41567.3	100.000	369	0	0	1	1107	1	369	0.0	562	99	33
transcript30443	PanBaRT20_chr4HG41567.6	99.729	369	0	1	1	1107	1	368	0.0	555	99	33
transcript30443	PanBaRT20_chr4HG41567.2	99.729	369	0	1	1	1107	1	368	0.0	555	99	33
transcript30866	PanBaRT20_chr4HG42047.5	100.000	64	0	0	1	192	1	64	4.73e-42	133	98	33
transcript30872	PanBaRT20_chr4HG42055.5	100.000	107	0	0	1	321	1	107	9.11e-27	97.8	99	33
transcript30872	PanBaRT20_chr4HG42055.3	100.000	107	0	0	1	321	1	107	9.11e-27	97.8	99	33
transcript30873	PanBaRT20_chr4HG42055.5	100.000	107	0	0	1	321	1	107	9.11e-27	97.8	99	33
transcript30873	PanBaRT20_chr4HG42055.3	100.000	107	0	0	1	321	1	107	9.11e-27	97.8	99	33
transcript32012	PanBaRT20_chr4HG43195.2	100.000	145	0	0	1	435	44	188	6.06e-90	262	99	33
transcript32012	PanBaRT20_chr4HG43195.1	100.000	145	0	0	1	435	44	188	6.06e-90	262	99	33
transcript32012	PanBaRT20_chr4HG43195.7	100.000	145	0	0	1	435	1	145	1.14e-89	259	99	33
transcript32012	PanBaRT20_chr4HG43195.6	100.000	145	0	0	1	435	1	145	1.14e-89	259	99	33
transcript32012	PanBaRT20_chr4HG43195.5	100.000	145	0	0	1	435	1	145	1.14e-89	259	99	33
transcript32012	PanBaRT20_chr4HG43195.3	100.000	145	0	0	1	435	1	145	1.14e-89	259	99	33
transcript32014	PanBaRT20_chr4HG43195.2	100.000	145	0	0	1	435	44	188	6.06e-90	262	99	33
transcript32014	PanBaRT20_chr4HG43195.1	100.000	145	0	0	1	435	44	188	6.06e-90	262	99	33
transcript32014	PanBaRT20_chr4HG43195.7	100.000	145	0	0	1	435	1	145	1.14e-89	259	99	33
transcript32014	PanBaRT20_chr4HG43195.6	100.000	145	0	0	1	435	1	145	1.14e-89	259	99	33
transcript32014	PanBaRT20_chr4HG43195.5	100.000	145	0	0	1	435	1	145	1.14e-89	259	99	33
transcript32014	PanBaRT20_chr4HG43195.3	100.000	145	0	0	1	435	1	145	1.14e-89	259	99	33
transcript32016	PanBaRT20_chr4HG43198.6	100.000	82	0	0	1	246	1	82	4.03e-54	165	99	33
transcript32016	PanBaRT20_chr4HG43198.2	100.000	82	0	0	1	246	1	82	4.03e-54	165	99	33
transcript48294	PanBaRT20_chr7HG66791.3	99.519	208	1	0	1	624	1	208	2.56e-153	432	97	32
transcript48294	PanBaRT20_chr7HG66791.1	99.519	208	1	0	1	624	1	208	2.56e-153	432	97	32
transcript48295	PanBaRT20_chr7HG66791.3	99.519	208	1	0	1	624	1	208	2.56e-153	432	97	32
transcript48295	PanBaRT20_chr7HG66791.1	99.519	208	1	0	1	624	1	208	2.56e-153	432	97	32
transcript48296	PanBaRT20_chr7HG66791.3	99.519	208	1	0	1	624	1	208	2.56e-153	432	97	32
transcript48296	PanBaRT20_chr7HG66791.1	99.519	208	1	0	1	624	1	208	2.56e-153	432	97	32
transcript48437	PanBaRT20_chr7HG67162.10	100.000	17	0	0	395	445	132	148	3.21e-04	42.4	99	4
transcript48437	PanBaRT20_chr7HG67162.9	100.000	17	0	0	395	445	348	364	3.76e-04	42.7	99	4
transcript48437	PanBaRT20_chr7HG67162.6	100.000	17	0	0	395	445	348	364	3.76e-04	42.7	99	4
transcript48437	PanBaRT20_chr7HG67162.3	100.000	17	0	0	395	445	348	364	3.76e-04	42.7	99	4
transcript48437	PanBaRT20_chr7HG67162.2	100.000	17	0	0	395	445	348	364	3.76e-04	42.7	99	4
transcript48437	PanBaRT20_chr7HG67162.1	100.000	17	0	0	395	445	348	364	3.76e-04	42.7	99	4
transcript48438	PanBaRT20_chr7HG67162.10	100.000	17	0	0	395	445	132	148	3.21e-04	42.4	99	4
transcript48438	PanBaRT20_chr7HG67162.9	100.000	17	0	0	395	445	348	364	3.76e-04	42.7	99	4
transcript48438	PanBaRT20_chr7HG67162.6	100.000	17	0	0	395	445	348	364	3.76e-04	42.7	99	4
transcript48438	PanBaRT20_chr7HG67162.3	100.000	17	0	0	395	445	348	364	3.76e-04	42.7	99	4
transcript48438	PanBaRT20_chr7HG67162.2	100.000	17	0	0	395	445	348	364	3.76e-04	42.7	99	4
transcript48438	PanBaRT20_chr7HG67162.1	100.000	17	0	0	395	445	348	364	3.76e-04	42.7	99	4
transcript48589	PanBaRT20_chr5HG51061.4	98.020	101	2	0	1	303	1	101	2.37e-36	121	99	33
transcript48589	PanBaRT20_chr5HG51061.21	98.020	101	2	0	1	303	1	101	2.37e-36	121	99	33
transcript48589	PanBaRT20_chr5HG51061.2	98.020	101	2	0	1	303	1	101	2.37e-36	121	99	33
transcript48589	PanBaRT20_chr5HG51061.13	98.020	101	2	0	1	303	1	101	2.37e-36	121	99	33
transcript48589	PanBaRT20_chr5HG51061.12	98.020	101	2	0	1	303	1	101	2.37e-36	121	99	33
transcript48589	PanBaRT20_chr5HG51061.1	98.020	101	2	0	1	303	1	101	2.37e-36	121	99	33
transcript48663	PanBaRT20_chr7HG67504.2	98.684	76	1	0	1	228	1	76	1.44e-33	112	99	33
transcript48665	PanBaRT20_chr7HG67504.2	98.684	76	1	0	1	228	1	76	1.44e-33	112	99	33
transcript48668	PanBaRT20_chr7HG67504.2	98.684	76	1	0	1	228	1	76	1.44e-33	112	99	33
transcript49177	PanBaRT20_chr7HG68709.1	95.294	85	4	0	1	255	1	85	3.02e-36	120	99	33
transcript49178	PanBaRT20_chr7HG68709.1	95.294	85	4	0	1	255	1	85	3.02e-36	120	99	33
transcript49179	PanBaRT20_chr7HG68709.1	95.294	85	4	0	1	255	1	85	3.02e-36	120	99	33
transcript49180	PanBaRT20_chr7HG68709.1	95.294	85	4	0	1	255	1	85	3.02e-36	120	99	33
transcript49340	PanBaRT20_chr1HG07818.9	99.187	246	2	0	1	738	1	246	2.67e-151	424	99	33
transcript49340	PanBaRT20_chr1HG07818.8	99.187	246	2	0	1	738	1	246	2.67e-151	424	99	33
transcript49340	PanBaRT20_chr1HG07818.7	99.187	246	2	0	1	738	1	246	2.67e-151	424	99	33
transcript49340	PanBaRT20_chr1HG07818.6	99.187	246	2	0	1	738	1	246	2.67e-151	424	99	33
transcript49340	PanBaRT20_chr1HG07818.54	99.187	246	2	0	1	738	1	246	2.67e-151	424	99	33
transcript49340	PanBaRT20_chr1HG07818.53	99.187	246	2	0	1	738	1	246	2.67e-151	424	99	33
transcript49340	PanBaRT20_chr1HG07818.52	99.187	246	2	0	1	738	1	246	2.67e-151	424	99	33
transcript49340	PanBaRT20_chr1HG07818.51	99.187	246	2	0	1	738	1	246	2.67e-151	424	99	33
transcript49340	PanBaRT20_chr1HG07818.49	99.187	246	2	0	1	738	1	246	2.67e-151	424	99	33
transcript49340	PanBaRT20_chr1HG07818.48	99.187	246	2	0	1	738	1	246	2.67e-151	424	99	33
transcript49340	PanBaRT20_chr1HG07818.47	99.187	246	2	0	1	738	1	246	2.67e-151	424	99	33
transcript49340	PanBaRT20_chr1HG07818.46	99.187	246	2	0	1	738	1	246	2.67e-151	424	99	33
transcript49340	PanBaRT20_chr1HG07818.45	99.187	246	2	0	1	738	1	246	2.67e-151	424	99	33
transcript49340	PanBaRT20_chr1HG07818.44	99.187	246	2	0	1	738	1	246	2.67e-151	424	99	33
transcript49340	PanBaRT20_chr1HG07818.43	99.187	246	2	0	1	738	1	246	2.67e-151	424	99	33
transcript49340	PanBaRT20_chr1HG07818.42	99.187	246	2	0	1	738	1	246	2.67e-151	424	99	33
transcript49340	PanBaRT20_chr1HG07818.41	99.187	246	2	0	1	738	1	246	2.67e-151	424	99	33
transcript49340	PanBaRT20_chr1HG07818.40	99.187	246	2	0	1	738	1	246	2.67e-151	424	99	33
transcript49340	PanBaRT20_chr1HG07818.39	99.187	246	2	0	1	738	1	246	2.67e-151	424	99	33
transcript49340	PanBaRT20_chr1HG07818.38	99.187	246	2	0	1	738	1	246	2.67e-151	424	99	33
transcript49340	PanBaRT20_chr1HG07818.37	99.187	246	2	0	1	738	1	246	2.67e-151	424	99	33
transcript49340	PanBaRT20_chr1HG07818.36	99.187	246	2	0	1	738	1	246	2.67e-151	424	99	33
transcript49340	PanBaRT20_chr1HG07818.35	99.187	246	2	0	1	738	1	246	2.67e-151	424	99	33
transcript49340	PanBaRT20_chr1HG07818.34	99.187	246	2	0	1	738	1	246	2.67e-151	424	99	33
transcript49340	PanBaRT20_chr1HG07818.33	99.187	246	2	0	1	738	1	246	2.67e-151	424	99	33
transcript49340	PanBaRT20_chr1HG07818.32	99.187	246	2	0	1	738	1	246	2.67e-151	424	99	33
transcript49340	PanBaRT20_chr1HG07818.31	99.187	246	2	0	1	738	1	246	2.67e-151	424	99	33
transcript49340	PanBaRT20_chr1HG07818.30	99.187	246	2	0	1	738	1	246	2.67e-151	424	99	33
transcript49340	PanBaRT20_chr1HG07818.3	99.187	246	2	0	1	738	1	246	2.67e-151	424	99	33
transcript49340	PanBaRT20_chr1HG07818.29	99.187	246	2	0	1	738	1	246	2.67e-151	424	99	33
transcript49340	PanBaRT20_chr1HG07818.28	99.187	246	2	0	1	738	1	246	2.67e-151	424	99	33
transcript49340	PanBaRT20_chr1HG07818.27	99.187	246	2	0	1	738	1	246	2.67e-151	424	99	33
transcript49340	PanBaRT20_chr1HG07818.26	99.187	246	2	0	1	738	1	246	2.67e-151	424	99	33
transcript49340	PanBaRT20_chr1HG07818.25	99.187	246	2	0	1	738	1	246	2.67e-151	424	99	33
transcript49340	PanBaRT20_chr1HG07818.24	99.187	246	2	0	1	738	1	246	2.67e-151	424	99	33
transcript49340	PanBaRT20_chr1HG07818.22	99.187	246	2	0	1	738	1	246	2.67e-151	424	99	33
transcript49340	PanBaRT20_chr1HG07818.21	99.187	246	2	0	1	738	1	246	2.67e-151	424	99	33
transcript49340	PanBaRT20_chr1HG07818.20	99.187	246	2	0	1	738	1	246	2.67e-151	424	99	33
transcript49340	PanBaRT20_chr1HG07818.2	99.187	246	2	0	1	738	1	246	2.67e-151	424	99	33
transcript49340	PanBaRT20_chr1HG07818.19	99.187	246	2	0	1	738	1	246	2.67e-151	424	99	33
transcript49340	PanBaRT20_chr1HG07818.18	99.187	246	2	0	1	738	1	246	2.67e-151	424	99	33
transcript49340	PanBaRT20_chr1HG07818.17	99.187	246	2	0	1	738	1	246	2.67e-151	424	99	33
transcript49340	PanBaRT20_chr1HG07818.16	99.187	246	2	0	1	738	1	246	2.67e-151	424	99	33
transcript49340	PanBaRT20_chr1HG07818.14	99.187	246	2	0	1	738	1	246	2.67e-151	424	99	33
transcript49340	PanBaRT20_chr1HG07818.13	99.187	246	2	0	1	738	1	246	2.67e-151	424	99	33
transcript49340	PanBaRT20_chr1HG07818.12	99.187	246	2	0	1	738	1	246	2.67e-151	424	99	33
transcript49340	PanBaRT20_chr1HG07818.11	99.187	246	2	0	1	738	1	246	2.67e-151	424	99	33
transcript49340	PanBaRT20_chr1HG07818.10	99.187	246	2	0	1	738	1	246	2.67e-151	424	99	33
transcript49340	PanBaRT20_chr1HG07818.1	99.187	246	2	0	1	738	1	246	2.67e-151	424	99	33
transcript49944	PanBaRT20_chr7HG69466.1	100.000	330	0	0	1	990	1	330	1.28e-166	469	99	33
transcript49944	PanBaRT20_chr7HG69466.2	100.000	330	0	0	1	990	50	379	5.76e-166	469	99	33
transcript50334	PanBaRT20_chr7HG70032.1	98.925	93	1	0	1	279	1	93	1.12e-28	101	99	33
transcript50519	PanBaRT20_chr3HG33184.2	98.370	184	2	1	1	549	85	268	1.42e-101	296	99	33
transcript50601	PanBaRT20_chr7HG70358.7	100.000	108	0	0	1	324	1	108	2.01e-76	223	99	33
transcript50601	PanBaRT20_chr7HG70358.1	100.000	108	0	0	1	324	1	108	2.01e-76	223	99	33
transcript50602	PanBaRT20_chr7HG70359.1	100.000	77	0	0	232	2	9	85	3.29e-47	148	99	33
transcript50603	PanBaRT20_chr7HG70359.1	100.000	77	0	0	232	2	9	85	3.29e-47	148	99	33
transcript51116	PanBaRT20_chr7HG71029.3	100.000	124	0	0	1	372	1	124	5.94e-81	236	99	33
transcript51173	PanBaRT20_chr7HG71131.9	100.000	411	0	0	1	1233	1	411	0.0	682	99	33
transcript51173	PanBaRT20_chr7HG71131.5	100.000	411	0	0	1	1233	1	411	0.0	682	99	33
transcript51173	PanBaRT20_chr7HG71131.4	100.000	411	0	0	1	1233	1	411	0.0	682	99	33
transcript51173	PanBaRT20_chr7HG71131.19	100.000	411	0	0	1	1233	1	411	0.0	682	99	33
transcript51173	PanBaRT20_chr7HG71131.12	100.000	411	0	0	1	1233	1	411	0.0	682	99	33
transcript51173	PanBaRT20_chr7HG71131.15	96.107	411	3	1	1	1233	1	398	0.0	637	99	33
transcript51328	PanBaRT20_chr7HG71328.1	100.000	124	0	0	1	372	131	254	4.34e-62	192	99	33
transcript51364	PanBaRT20_chr7HG71367.42	100.000	708	0	0	1	2124	1	708	0.0	1411	99	33
transcript51364	PanBaRT20_chr7HG71367.39	99.438	712	0	1	1	2124	1	712	0.0	1405	99	33
transcript51364	PanBaRT20_chr7HG71367.13	98.588	708	0	1	1	2124	1	698	0.0	1381	99	33
transcript51364	PanBaRT20_chr7HG71367.41	97.881	708	0	1	1	2124	1	693	0.0	1372	99	33
transcript51364	PanBaRT20_chr7HG71367.9	96.186	708	0	1	1	2124	1	681	0.0	1340	99	33
transcript51364	PanBaRT20_chr7HG71367.44	95.339	708	1	1	1	2124	1	676	0.0	1327	99	33
transcript51636	PanBaRT20_chr7HG71697.32	100.000	87	0	0	1	261	34	120	3.70e-50	156	99	33
transcript51636	PanBaRT20_chr7HG71697.37	100.000	87	0	0	1	261	86	172	1.06e-49	157	99	33
transcript51637	PanBaRT20_chr7HG71697.32	100.000	87	0	0	1	261	34	120	3.70e-50	156	99	33
transcript51637	PanBaRT20_chr7HG71697.37	100.000	87	0	0	1	261	86	172	1.06e-49	157	99	33
transcript51664	PanBaRT20_chr7HG71727.7	100.000	70	0	0	1	210	1	70	1.29e-44	140	99	33
transcript51664	PanBaRT20_chr7HG71727.6	100.000	70	0	0	1	210	1	70	1.29e-44	140	99	33
transcript51664	PanBaRT20_chr7HG71727.5	100.000	70	0	0	1	210	1	70	1.29e-44	140	99	33
transcript51664	PanBaRT20_chr7HG71727.4	100.000	70	0	0	1	210	1	70	1.29e-44	140	99	33
transcript51664	PanBaRT20_chr7HG71727.3	100.000	70	0	0	1	210	1	70	1.29e-44	140	99	33
transcript51664	PanBaRT20_chr7HG71727.18	100.000	70	0	0	1	210	1	70	1.29e-44	140	99	33
transcript51664	PanBaRT20_chr7HG71727.17	100.000	70	0	0	1	210	1	70	1.29e-44	140	99	33
transcript51664	PanBaRT20_chr7HG71727.16	100.000	70	0	0	1	210	1	70	1.29e-44	140	99	33
transcript51664	PanBaRT20_chr7HG71727.15	100.000	70	0	0	1	210	1	70	1.29e-44	140	99	33
transcript51674	PanBaRT20_chr7HG71742.5	100.000	167	0	0	1	501	1	167	1.72e-119	337	99	33
transcript51674	PanBaRT20_chr7HG71742.3	100.000	167	0	0	1	501	1	167	1.72e-119	337	99	33
transcript51674	PanBaRT20_chr7HG71742.10	100.000	167	0	0	1	501	1	167	1.72e-119	337	99	33
transcript51674	PanBaRT20_chr7HG71742.1	100.000	167	0	0	1	501	1	167	1.72e-119	337	99	33
transcript51674	PanBaRT20_chr7HG71742.9	97.006	167	1	1	1	501	1	163	3.37e-113	320	99	33
transcript51674	PanBaRT20_chr7HG71742.7	97.006	167	1	1	1	501	1	163	3.37e-113	320	99	33
transcript51674	PanBaRT20_chr7HG71742.2	97.006	167	1	1	1	501	1	163	3.37e-113	320	99	33
transcript51674	PanBaRT20_chr7HG71742.11	97.006	167	1	1	1	501	1	163	3.37e-113	320	99	33
transcript51702	PanBaRT20_chr7HG71778.3	100.000	300	0	0	1	900	1	300	0.0	578	99	33
transcript51803	PanBaRT20_chr7HG71958.6	100.000	101	0	0	1	303	1	101	5.55e-42	135	99	33
transcript51803	PanBaRT20_chr7HG71958.3	100.000	101	0	0	1	303	1	101	5.55e-42	135	99	33
transcript51803	PanBaRT20_chr7HG71958.13	100.000	101	0	0	1	303	1	101	5.55e-42	135	99	33
transcript51803	PanBaRT20_chr7HG71958.10	100.000	101	0	0	1	303	1	101	5.55e-42	135	99	33
transcript51803	PanBaRT20_chr7HG71958.11	98.020	101	0	1	1	303	1	99	9.64e-39	127	99	33
transcript51804	PanBaRT20_chr7HG71958.9	100.000	80	0	0	1	240	1	80	6.96e-37	121	99	33
transcript51804	PanBaRT20_chr7HG71958.8	100.000	80	0	0	1	240	1	80	6.96e-37	121	99	33
transcript51804	PanBaRT20_chr7HG71958.5	100.000	80	0	0	1	240	1	80	6.96e-37	121	99	33
transcript51804	PanBaRT20_chr7HG71958.19	100.000	80	0	0	1	240	1	80	6.96e-37	121	99	33
transcript51804	PanBaRT20_chr7HG71958.18	100.000	80	0	0	1	240	1	80	6.96e-37	121	99	33
transcript51804	PanBaRT20_chr7HG71958.17	100.000	80	0	0	1	240	1	80	6.96e-37	121	99	33
transcript51804	PanBaRT20_chr7HG71958.15	100.000	80	0	0	1	240	1	80	6.96e-37	121	99	33
transcript51804	PanBaRT20_chr7HG71958.14	100.000	80	0	0	1	240	1	80	6.96e-37	121	99	33
transcript51804	PanBaRT20_chr7HG71958.12	100.000	80	0	0	1	240	1	80	6.96e-37	121	99	33
transcript52056	PanBaRT20_chr7HG72373.5	99.275	138	1	0	1	414	1	138	1.00e-86	251	99	33
transcript52056	PanBaRT20_chr7HG72373.13	99.275	138	1	0	1	414	1	138	1.00e-86	251	99	33
transcript52056	PanBaRT20_chr7HG72373.1	99.275	138	1	0	1	414	1	138	1.00e-86	251	99	33
transcript52056	PanBaRT20_chr7HG72373.6	96.154	26	1	0	338	415	121	146	1.08e-10	58.9	99	6
transcript52056	PanBaRT20_chr7HG72373.2	96.154	26	1	0	338	415	121	146	1.08e-10	58.9	99	6
transcript52056	PanBaRT20_chr7HG72373.8	98.864	88	1	0	1	264	1	88	1.17e-44	147	99	21
transcript52056	PanBaRT20_chr7HG72373.11	98.864	88	1	0	1	264	1	88	1.17e-44	147	99	21
transcript52057	PanBaRT20_chr7HG72373.6	99.367	158	1	0	1	474	1	158	5.71e-105	299	99	33
transcript52057	PanBaRT20_chr7HG72373.2	99.367	158	1	0	1	474	1	158	5.71e-105	299	99	33
transcript52058	PanBaRT20_chr7HG72373.17	99.419	172	1	0	1	516	1	172	2.95e-115	326	99	33
transcript52058	PanBaRT20_chr7HG72373.16	100.000	24	0	0	446	517	151	174	7.99e-09	55.5	99	5
transcript52058	PanBaRT20_chr7HG72373.6	96.154	26	1	0	440	517	121	146	4.48e-10	58.5	99	5
transcript52058	PanBaRT20_chr7HG72373.2	96.154	26	1	0	440	517	121	146	4.48e-10	58.5	99	5
transcript52060	PanBaRT20_chr7HG72374.15	100.000	76	0	0	1	228	1	76	4.18e-53	162	99	33
transcript52061	PanBaRT20_chr7HG72374.14	98.925	93	1	0	1	279	1	93	8.27e-66	195	99	33
transcript52061	PanBaRT20_chr7HG72374.11	100.000	93	0	0	3	281	63	155	1.43e-64	196	99	33
transcript52199	PanBaRT20_chr7HG72586.1	100.000	146	0	0	1	438	1	146	1.26e-106	302	99	33
transcript52292	PanBaRT20_chr7HG72742.5	100.000	107	0	0	1	321	1	107	9.99e-46	145	99	33
transcript52292	PanBaRT20_chr7HG72742.26	100.000	107	0	0	1	321	1	107	9.99e-46	145	99	33
transcript52292	PanBaRT20_chr7HG72742.25	100.000	107	0	0	1	321	1	107	9.99e-46	145	99	33
transcript52292	PanBaRT20_chr7HG72742.24	100.000	107	0	0	1	321	1	107	9.99e-46	145	99	33
transcript52292	PanBaRT20_chr7HG72742.2	100.000	107	0	0	1	321	1	107	9.99e-46	145	99	33
transcript52292	PanBaRT20_chr7HG72742.31	95.652	92	4	0	1	276	1	92	8.49e-29	107	99	28
transcript52292	PanBaRT20_chr7HG72742.31	100.000	22	0	0	258	323	177	198	3.95e-05	43.9	99	7
transcript52292	PanBaRT20_chr7HG72742.50	95.652	92	4	0	1	276	1	92	4.78e-28	103	99	28
transcript52292	PanBaRT20_chr7HG72742.50	100.000	21	0	0	259	321	185	205	5.19e-08	51.6	99	6
transcript52317	PanBaRT20_chr7HG72783.9	100.000	71	0	0	1	213	1	71	9.39e-45	140	99	33
transcript52317	PanBaRT20_chr7HG72783.5	100.000	71	0	0	1	213	1	71	9.39e-45	140	99	33
transcript52317	PanBaRT20_chr7HG72783.4	100.000	71	0	0	1	213	1	71	9.39e-45	140	99	33
transcript52317	PanBaRT20_chr7HG72783.2	100.000	71	0	0	1	213	1	71	9.39e-45	140	99	33
transcript52317	PanBaRT20_chr7HG72783.16	100.000	71	0	0	1	213	1	71	9.39e-45	140	99	33
transcript52317	PanBaRT20_chr7HG72783.12	100.000	71	0	0	1	213	1	71	9.39e-45	140	99	33
transcript52317	PanBaRT20_chr7HG72783.11	100.000	71	0	0	1	213	1	71	9.39e-45	140	99	33
transcript52317	PanBaRT20_chr7HG72783.10	100.000	71	0	0	1	213	1	71	9.39e-45	140	99	33
transcript52317	PanBaRT20_chr7HG72783.1	100.000	71	0	0	1	213	1	71	9.39e-45	140	99	33
transcript52332	PanBaRT20_chr7HG72835.1	100.000	122	0	0	1	366	1	122	5.27e-65	195	99	33
transcript52333	PanBaRT20_chr7HG72835.1	100.000	122	0	0	1	366	1	122	5.27e-65	195	99	33
transcript52334	PanBaRT20_chr7HG72835.1	100.000	122	0	0	1	366	1	122	5.27e-65	195	99	33
transcript52335	PanBaRT20_chr7HG72835.1	100.000	122	0	0	1	366	1	122	5.27e-65	195	99	33
transcript52336	PanBaRT20_chr7HG72835.1	100.000	122	0	0	1	366	1	122	5.27e-65	195	99	33
transcript52399	PanBaRT20_chr7HG72968.3	99.153	118	1	0	1	354	1	118	1.10e-83	242	99	33
transcript52399	PanBaRT20_chr4HG36383.34	95.763	118	5	0	1	354	1	118	2.09e-80	234	99	33
transcript52399	PanBaRT20_chr7HG72968.20	98.837	86	1	0	97	354	106	191	9.32e-59	182	99	24
transcript52399	PanBaRT20_chr7HG72968.20	96.875	32	1	0	1	96	1	32	1.33e-12	63.9	99	9
transcript52399	PanBaRT20_chr1HG02511.32	96.491	57	2	0	186	356	108	164	4.55e-31	110	99	16
transcript52399	PanBaRT20_chr4HG36383.5	100.000	56	0	0	189	356	48	103	2.14e-33	115	99	16
transcript52399	PanBaRT20_chr4HG36383.17	100.000	56	0	0	189	356	57	112	2.75e-33	115	99	16
transcript52400	PanBaRT20_chr7HG72968.19	98.895	181	2	0	1	543	1	181	2.35e-130	365	99	33
transcript52400	PanBaRT20_chr7HG72968.11	98.895	181	2	0	1	543	1	181	2.35e-130	365	99	33
transcript52401	PanBaRT20_chr4HG36383.33	98.969	97	1	0	1	291	59	155	5.69e-68	203	99	33
transcript52401	PanBaRT20_chr7HG72968.20	98.969	97	1	0	1	291	95	191	1.50e-67	203	99	33
transcript52401	PanBaRT20_chr7HG72968.19	98.969	97	1	0	1	291	85	181	8.92e-67	201	99	33
transcript52401	PanBaRT20_chr7HG72968.11	98.969	97	1	0	1	291	85	181	8.92e-67	201	99	33
transcript52401	PanBaRT20_chr1HG02511.32	96.491	57	2	0	123	293	108	164	2.03e-31	110	99	19
transcript52402	PanBaRT20_chr4HG36383.33	98.969	97	1	0	1	291	59	155	5.69e-68	203	99	33
transcript52402	PanBaRT20_chr7HG72968.20	98.969	97	1	0	1	291	95	191	1.50e-67	203	99	33
transcript52402	PanBaRT20_chr7HG72968.19	98.969	97	1	0	1	291	85	181	8.92e-67	201	99	33
transcript52402	PanBaRT20_chr7HG72968.11	98.969	97	1	0	1	291	85	181	8.92e-67	201	99	33
transcript52402	PanBaRT20_chr1HG02511.32	96.491	57	2	0	123	293	108	164	2.03e-31	110	99	19
transcript52403	PanBaRT20_chr4HG36383.33	98.969	97	1	0	1	291	59	155	5.69e-68	203	99	33
transcript52403	PanBaRT20_chr7HG72968.20	98.969	97	1	0	1	291	95	191	1.50e-67	203	99	33
transcript52403	PanBaRT20_chr7HG72968.19	98.969	97	1	0	1	291	85	181	8.92e-67	201	99	33
transcript52403	PanBaRT20_chr7HG72968.11	98.969	97	1	0	1	291	85	181	8.92e-67	201	99	33
transcript52403	PanBaRT20_chr1HG02511.32	96.491	57	2	0	123	293	108	164	2.03e-31	110	99	19
transcript52436	PanBaRT20_chr7HG73063.3	98.425	127	2	0	1	381	1	127	9.38e-89	256	100	33
transcript52436	PanBaRT20_chr7HG73063.16	98.425	127	2	0	1	381	1	127	1.05e-88	256	100	33
transcript52436	PanBaRT20_chr7HG73063.13	98.425	127	2	0	1	381	1	127	1.18e-88	256	100	33
transcript52436	PanBaRT20_chr7HG73063.7	98.413	126	2	0	1	378	1	126	3.83e-88	254	99	33
transcript52436	PanBaRT20_chr7HG73063.6	98.413	126	2	0	1	378	1	126	3.83e-88	254	99	33
transcript52436	PanBaRT20_chr7HG73063.15	98.413	126	2	0	1	378	1	126	3.83e-88	254	99	33
transcript52436	PanBaRT20_chr7HG73063.1	98.413	126	2	0	1	378	1	126	3.83e-88	254	99	33
transcript52457	PanBaRT20_chr7HG73174.8	98.718	156	2	0	1	468	1	156	2.79e-56	176	99	33
transcript52457	PanBaRT20_chr7HG73174.7	98.718	156	2	0	1	468	1	156	2.79e-56	176	99	33
transcript52457	PanBaRT20_chr7HG73174.6	98.718	156	2	0	1	468	1	156	2.79e-56	176	99	33
transcript52457	PanBaRT20_chr7HG73174.4	98.718	156	2	0	1	468	1	156	2.79e-56	176	99	33
transcript52457	PanBaRT20_chr7HG73174.3	98.718	156	2	0	1	468	1	156	2.79e-56	176	99	33
transcript52457	PanBaRT20_chr7HG73174.2	98.718	156	2	0	1	468	1	156	2.79e-56	176	99	33
transcript52457	PanBaRT20_chr7HG73174.11	98.718	156	2	0	1	468	1	156	2.79e-56	176	99	33
transcript52457	PanBaRT20_chr7HG73174.10	98.718	156	2	0	1	468	1	156	2.79e-56	176	99	33
transcript52457	PanBaRT20_chr7HG73174.1	98.718	156	2	0	1	468	1	156	2.79e-56	176	99	33
transcript52458	PanBaRT20_chr7HG73174.8	98.718	156	2	0	1	468	1	156	2.79e-56	176	99	33
transcript52458	PanBaRT20_chr7HG73174.7	98.718	156	2	0	1	468	1	156	2.79e-56	176	99	33
transcript52458	PanBaRT20_chr7HG73174.6	98.718	156	2	0	1	468	1	156	2.79e-56	176	99	33
transcript52458	PanBaRT20_chr7HG73174.4	98.718	156	2	0	1	468	1	156	2.79e-56	176	99	33
transcript52458	PanBaRT20_chr7HG73174.3	98.718	156	2	0	1	468	1	156	2.79e-56	176	99	33
transcript52458	PanBaRT20_chr7HG73174.2	98.718	156	2	0	1	468	1	156	2.79e-56	176	99	33
transcript52458	PanBaRT20_chr7HG73174.11	98.718	156	2	0	1	468	1	156	2.79e-56	176	99	33
transcript52458	PanBaRT20_chr7HG73174.10	98.718	156	2	0	1	468	1	156	2.79e-56	176	99	33
transcript52458	PanBaRT20_chr7HG73174.1	98.718	156	2	0	1	468	1	156	2.79e-56	176	99	33
transcript52459	PanBaRT20_chr7HG73174.8	98.718	156	2	0	1	468	1	156	2.79e-56	176	99	33
transcript52459	PanBaRT20_chr7HG73174.7	98.718	156	2	0	1	468	1	156	2.79e-56	176	99	33
transcript52459	PanBaRT20_chr7HG73174.6	98.718	156	2	0	1	468	1	156	2.79e-56	176	99	33
transcript52459	PanBaRT20_chr7HG73174.4	98.718	156	2	0	1	468	1	156	2.79e-56	176	99	33
transcript52459	PanBaRT20_chr7HG73174.3	98.718	156	2	0	1	468	1	156	2.79e-56	176	99	33
transcript52459	PanBaRT20_chr7HG73174.2	98.718	156	2	0	1	468	1	156	2.79e-56	176	99	33
transcript52459	PanBaRT20_chr7HG73174.11	98.718	156	2	0	1	468	1	156	2.79e-56	176	99	33
transcript52459	PanBaRT20_chr7HG73174.10	98.718	156	2	0	1	468	1	156	2.79e-56	176	99	33
transcript52459	PanBaRT20_chr7HG73174.1	98.718	156	2	0	1	468	1	156	2.79e-56	176	99	33
transcript52460	PanBaRT20_chr7HG73177.2	100.000	72	0	0	1	216	1	72	5.34e-35	115	99	33
transcript52460	PanBaRT20_chr7HG72968.3	95.082	61	3	0	1	183	1	61	1.61e-25	93.6	99	28
transcript52460	PanBaRT20_chr7HG73177.4	97.561	41	1	0	94	216	91	131	3.67e-23	87.8	99	19
transcript52460	PanBaRT20_chr7HG73177.3	97.561	41	1	0	94	216	105	145	3.73e-23	88.2	99	19
transcript52460	PanBaRT20_chr7HG73177.3	96.875	32	1	0	1	96	1	32	0.17	32.0	99	15
transcript52460	PanBaRT20_chr7HG73177.23	96.875	32	1	0	1	96	1	32	0.14	32.0	99	15
transcript52527	PanBaRT20_chr7HG73436.9	100.000	78	0	0	1	234	1	78	6.80e-52	159	99	33
transcript52527	PanBaRT20_chr7HG73436.6	100.000	78	0	0	1	234	1	78	6.80e-52	159	99	33
transcript52527	PanBaRT20_chr7HG73436.5	100.000	78	0	0	1	234	1	78	6.80e-52	159	99	33
transcript52527	PanBaRT20_chr7HG73436.3	100.000	78	0	0	1	234	1	78	6.80e-52	159	99	33
transcript52527	PanBaRT20_chr7HG73436.10	100.000	78	0	0	1	234	1	78	6.80e-52	159	99	33
transcript52633	PanBaRT20_chr7HG73649.2	98.658	149	2	0	1	447	1	149	1.03e-41	139	99	33
transcript52633	PanBaRT20_chr7HG73649.1	98.658	149	2	0	1	447	1	149	1.03e-41	139	99	33
transcript52663	PanBaRT20_chr7HG73866.2	100.000	79	0	0	1	237	1	79	1.80e-53	163	99	33
transcript52663	PanBaRT20_chr7HG73866.1	100.000	79	0	0	1	237	1	79	1.80e-53	163	99	33
transcript52819	PanBaRT20_chr7HG74154.9	99.441	179	1	0	1	537	1	179	5.29e-116	329	99	33
transcript52819	PanBaRT20_chr7HG74154.6	99.441	179	1	0	1	537	1	179	5.29e-116	329	99	33
transcript52819	PanBaRT20_chr7HG74154.5	99.441	179	1	0	1	537	1	179	5.29e-116	329	99	33
transcript52819	PanBaRT20_chr7HG74154.3	99.441	179	1	0	1	537	1	179	5.29e-116	329	99	33
transcript52819	PanBaRT20_chr7HG74154.2	99.441	179	1	0	1	537	1	179	5.29e-116	329	99	33
transcript52819	PanBaRT20_chr7HG74154.15	99.441	179	1	0	1	537	1	179	5.29e-116	329	99	33
transcript52819	PanBaRT20_chr7HG74154.14	99.441	179	1	0	1	537	1	179	5.29e-116	329	99	33
transcript52819	PanBaRT20_chr7HG74154.13	99.441	179	1	0	1	537	1	179	5.29e-116	329	99	33
transcript52819	PanBaRT20_chr7HG74154.10	99.441	179	1	0	1	537	1	179	5.29e-116	329	99	33
transcript52819	PanBaRT20_chr7HG74154.1	99.441	179	1	0	1	537	1	179	5.29e-116	329	99	33
transcript52819	PanBaRT20_chr7HG74154.8	98.315	178	3	0	1	534	1	178	1.27e-112	322	99	33
transcript52820	PanBaRT20_chr7HG74154.9	99.441	179	1	0	1	537	1	179	5.29e-116	329	99	33
transcript52820	PanBaRT20_chr7HG74154.6	99.441	179	1	0	1	537	1	179	5.29e-116	329	99	33
transcript52820	PanBaRT20_chr7HG74154.5	99.441	179	1	0	1	537	1	179	5.29e-116	329	99	33
transcript52820	PanBaRT20_chr7HG74154.3	99.441	179	1	0	1	537	1	179	5.29e-116	329	99	33
transcript52820	PanBaRT20_chr7HG74154.2	99.441	179	1	0	1	537	1	179	5.29e-116	329	99	33
transcript52820	PanBaRT20_chr7HG74154.15	99.441	179	1	0	1	537	1	179	5.29e-116	329	99	33
transcript52820	PanBaRT20_chr7HG74154.14	99.441	179	1	0	1	537	1	179	5.29e-116	329	99	33
transcript52820	PanBaRT20_chr7HG74154.13	99.441	179	1	0	1	537	1	179	5.29e-116	329	99	33
transcript52820	PanBaRT20_chr7HG74154.10	99.441	179	1	0	1	537	1	179	5.29e-116	329	99	33
transcript52820	PanBaRT20_chr7HG74154.1	99.441	179	1	0	1	537	1	179	5.29e-116	329	99	33
transcript52820	PanBaRT20_chr7HG74154.8	98.315	178	3	0	1	534	1	178	1.27e-112	322	99	33
transcript52821	PanBaRT20_chr7HG74154.9	99.441	179	1	0	1	537	1	179	5.29e-116	329	99	33
transcript52821	PanBaRT20_chr7HG74154.6	99.441	179	1	0	1	537	1	179	5.29e-116	329	99	33
transcript52821	PanBaRT20_chr7HG74154.5	99.441	179	1	0	1	537	1	179	5.29e-116	329	99	33
transcript52821	PanBaRT20_chr7HG74154.3	99.441	179	1	0	1	537	1	179	5.29e-116	329	99	33
transcript52821	PanBaRT20_chr7HG74154.2	99.441	179	1	0	1	537	1	179	5.29e-116	329	99	33
transcript52821	PanBaRT20_chr7HG74154.15	99.441	179	1	0	1	537	1	179	5.29e-116	329	99	33
transcript52821	PanBaRT20_chr7HG74154.14	99.441	179	1	0	1	537	1	179	5.29e-116	329	99	33
transcript52821	PanBaRT20_chr7HG74154.13	99.441	179	1	0	1	537	1	179	5.29e-116	329	99	33
transcript52821	PanBaRT20_chr7HG74154.10	99.441	179	1	0	1	537	1	179	5.29e-116	329	99	33
transcript52821	PanBaRT20_chr7HG74154.1	99.441	179	1	0	1	537	1	179	5.29e-116	329	99	33
transcript52821	PanBaRT20_chr7HG74154.8	98.315	178	3	0	1	534	1	178	1.27e-112	322	99	33
transcript52860	PanBaRT20_chr7HG74191.2	100.000	122	0	0	1	366	1	122	2.01e-56	174	99	33
transcript52860	PanBaRT20_chr7HG74191.1	100.000	122	0	0	1	366	1	122	2.01e-56	174	99	33
transcript52891	PanBaRT20_chr7HG74228.9	100.000	158	0	0	1	474	1	158	1.71e-106	303	99	33
transcript52891	PanBaRT20_chr7HG74228.8	100.000	158	0	0	1	474	1	158	1.71e-106	303	99	33
transcript52891	PanBaRT20_chr7HG74228.7	100.000	158	0	0	1	474	1	158	1.71e-106	303	99	33
transcript52891	PanBaRT20_chr7HG74228.5	100.000	158	0	0	1	474	1	158	1.71e-106	303	99	33
transcript52891	PanBaRT20_chr7HG74228.4	100.000	158	0	0	1	474	1	158	1.71e-106	303	99	33
transcript52891	PanBaRT20_chr7HG74228.3	100.000	158	0	0	1	474	1	158	1.71e-106	303	99	33
transcript52891	PanBaRT20_chr7HG74228.2	100.000	158	0	0	1	474	1	158	1.71e-106	303	99	33
transcript52891	PanBaRT20_chr7HG74228.18	100.000	158	0	0	1	474	1	158	1.71e-106	303	99	33
transcript52891	PanBaRT20_chr7HG74228.17	100.000	158	0	0	1	474	1	158	1.71e-106	303	99	33
transcript52891	PanBaRT20_chr7HG74228.16	100.000	158	0	0	1	474	1	158	1.71e-106	303	99	33
transcript52891	PanBaRT20_chr7HG74228.15	100.000	158	0	0	1	474	1	158	1.71e-106	303	99	33
transcript52891	PanBaRT20_chr7HG74228.14	100.000	158	0	0	1	474	1	158	1.71e-106	303	99	33
transcript52891	PanBaRT20_chr7HG74228.11	100.000	158	0	0	1	474	1	158	1.71e-106	303	99	33
transcript52891	PanBaRT20_chr7HG74228.10	100.000	158	0	0	1	474	1	158	1.71e-106	303	99	33
transcript52891	PanBaRT20_chr7HG74228.1	100.000	158	0	0	1	474	1	158	1.71e-106	303	99	33
transcript53021	PanBaRT20_chr7HG74434.1	100.000	166	0	0	1	498	1	166	2.69e-87	255	99	33
transcript53387	PanBaRT20_chr7HG74950.5	100.000	102	0	0	1	306	1	102	1.49e-58	177	99	33
transcript53387	PanBaRT20_chr7HG74950.4	100.000	102	0	0	1	306	1	102	1.49e-58	177	99	33
transcript53387	PanBaRT20_chr7HG74950.3	100.000	102	0	0	1	306	1	102	1.49e-58	177	99	33
transcript53387	PanBaRT20_chr7HG74950.2	100.000	102	0	0	1	306	1	102	1.49e-58	177	99	33
transcript53387	PanBaRT20_chr7HG74950.1	100.000	102	0	0	1	306	1	102	1.49e-58	177	99	33
transcript53456	PanBaRT20_chr7HG75060.1	100.000	127	0	0	1	381	1	127	5.72e-73	216	99	33
transcript53669	PanBaRT20_chr7HG78019.1	97.183	71	2	0	1	213	1	71	2.64e-45	142	100	33
transcript53672	PanBaRT20_chr7HG78016.1	100.000	96	0	0	1	288	1	96	8.42e-67	198	99	33
transcript53770	PanBaRT20_chr7HG77916.1	99.593	246	1	0	1	738	1	246	4.31e-144	405	99	33
transcript54292	PanBaRT20_chr7HG77046.5	95.139	144	5	1	1	426	1	144	2.62e-68	205	99	33
transcript54292	PanBaRT20_chr7HG77046.4	95.139	144	5	1	1	426	1	144	2.62e-68	205	99	33
transcript54292	PanBaRT20_chr7HG77046.3	95.139	144	5	1	1	426	1	144	2.62e-68	205	99	33
transcript54292	PanBaRT20_chr7HG77046.2	95.139	144	5	1	1	426	1	144	2.62e-68	205	99	33
transcript54292	PanBaRT20_chr7HG77046.1	95.139	144	5	1	1	426	1	144	2.62e-68	205	99	33
transcript54368	PanBaRT20_chr7HG76958.7	98.507	67	1	0	1	201	1	67	7.20e-44	137	99	33
transcript54368	PanBaRT20_chr7HG76958.47	98.507	67	1	0	1	201	1	67	7.20e-44	137	99	33
transcript54368	PanBaRT20_chr7HG76958.4	98.507	67	1	0	1	201	1	67	7.20e-44	137	99	33
transcript54368	PanBaRT20_chr7HG76958.34	98.507	67	1	0	1	201	1	67	7.20e-44	137	99	33
transcript54368	PanBaRT20_chr7HG76958.33	98.507	67	1	0	1	201	1	67	7.20e-44	137	99	33
transcript54368	PanBaRT20_chr7HG76958.19	98.507	67	1	0	1	201	1	67	7.20e-44	137	99	33
transcript54368	PanBaRT20_chr7HG76958.13	98.507	67	1	0	1	201	1	67	7.20e-44	137	99	33
transcript54368	PanBaRT20_chr7HG76958.1	98.507	67	1	0	1	201	1	67	7.20e-44	137	99	33
transcript54427	PanBaRT20_chr7HG76889.2	100.000	589	0	0	1	1767	221	809	0.0	1242	99	33
transcript54427	PanBaRT20_chr7HG76889.1	100.000	589	0	0	1	1767	221	809	0.0	1242	99	33
transcript54427	PanBaRT20_chr7HG76889.3	100.000	589	0	0	1	1767	1	589	0.0	1240	99	33
transcript54427	PanBaRT20_chr7HG76889.6	99.660	589	0	1	1	1767	221	807	0.0	1233	99	33
transcript54427	PanBaRT20_chr7HG76889.11	99.660	589	0	1	1	1767	221	807	0.0	1233	99	33
transcript54427	PanBaRT20_chr7HG76889.9	99.491	589	0	1	1	1767	221	806	0.0	1231	99	33
transcript54427	PanBaRT20_chr7HG76889.4	99.491	589	0	1	1	1767	221	806	0.0	1231	99	33
transcript54427	PanBaRT20_chr7HG76889.8	99.645	563	2	0	1	1689	221	783	0.0	1185	98	32
transcript54651	PanBaRT20_chr7HG76587.2	100.000	491	0	0	1	1473	1	491	0.0	850	99	33
transcript54651	PanBaRT20_chr7HG76587.18	100.000	491	0	0	1	1473	1	491	0.0	850	99	33
transcript54651	PanBaRT20_chr7HG76587.16	100.000	491	0	0	1	1473	1	491	0.0	850	99	33
transcript54651	PanBaRT20_chr7HG76587.11	100.000	491	0	0	1	1473	1	491	0.0	850	99	33
transcript54651	PanBaRT20_chr7HG76587.1	100.000	491	0	0	1	1473	1	491	0.0	850	99	33
transcript54651	PanBaRT20_chr7HG76587.8	100.000	490	0	0	1	1470	1	490	0.0	845	99	33
transcript54651	PanBaRT20_chr7HG76587.13	100.000	489	0	0	1	1467	1	489	0.0	844	99	33
transcript54651	PanBaRT20_chr7HG76587.7	99.348	460	3	0	1	1380	1	460	0.0	778	98	31
transcript54651	PanBaRT20_chr7HG76587.3	99.348	460	3	0	1	1380	1	460	0.0	778	98	31
transcript54651	PanBaRT20_chr7HG76587.19	99.348	460	3	0	1	1380	1	460	0.0	778	98	31
transcript54651	PanBaRT20_chr7HG76587.6	99.781	456	1	0	1	1368	1	456	0.0	775	98	31
transcript54651	PanBaRT20_chr7HG76587.5	99.781	457	1	0	1	1371	1	457	0.0	774	98	31
transcript54651	PanBaRT20_chr7HG76587.21	99.781	457	1	0	1	1371	1	457	0.0	774	98	31
transcript54651	PanBaRT20_chr7HG76587.20	100.000	455	0	0	1	1365	1	455	0.0	773	98	31
transcript54651	PanBaRT20_chr7HG76587.10	100.000	455	0	0	1	1365	1	455	0.0	773	98	31
transcript54651	PanBaRT20_chr7HG76587.15	100.000	431	0	0	1	1293	1	431	0.0	724	98	29
transcript54651	PanBaRT20_chr7HG76587.4	100.000	386	0	0	1	1158	1	386	0.0	631	98	26
transcript54651	PanBaRT20_chr7HG76587.4	100.000	40	0	0	1239	1358	387	426	1.28e-18	91.3	98	3
transcript54651	PanBaRT20_chr7HG76587.9	100.000	380	0	0	1	1140	1	380	0.0	621	98	26
transcript54651	PanBaRT20_chr7HG76587.17	100.000	380	0	0	1	1140	1	380	0.0	621	98	26
transcript54651	PanBaRT20_chr7HG76587.12	100.000	380	0	0	1	1140	1	380	0.0	621	98	26
transcript54651	PanBaRT20_chr7HG76587.14	99.658	292	1	0	1	876	1	292	1.90e-150	433	98	20
transcript55069	PanBaRT20_chr7HG76074.6	100.000	566	0	0	1	1698	628	1193	0.0	1149	99	33
transcript55069	PanBaRT20_chr7HG76074.5	100.000	566	0	0	1	1698	628	1193	0.0	1149	99	33
transcript55069	PanBaRT20_chr7HG76074.1	100.000	566	0	0	1	1698	628	1193	0.0	1149	99	33
transcript55092	PanBaRT20_chr7HG76057.7	100.000	66	0	0	1	198	1	66	4.99e-44	138	99	33
transcript55092	PanBaRT20_chr7HG76057.2	100.000	66	0	0	1	198	1	66	4.99e-44	138	99	33
transcript55092	PanBaRT20_chr7HG76057.8	100.000	48	0	0	1	144	1	48	1.54e-28	100	96	24
transcript55092	PanBaRT20_chr7HG76057.8	100.000	16	0	0	152	199	49	64	0.007	35.4	96	8
transcript55309	PanBaRT20_chr7HG75784.1	100.000	63	0	0	1	189	1	63	1.95e-30	103	98	33
transcript56355	PanBaRT20_chr7HG78828.7	100.000	210	0	0	1	630	1	210	1.65e-150	419	99	33
transcript56355	PanBaRT20_chr7HG78828.4	100.000	210	0	0	1	630	1	210	1.65e-150	419	99	33
transcript56950	PanBaRT20_chr7HG79576.9	99.854	687	1	0	1	2061	241	927	0.0	1368	99	33
transcript56950	PanBaRT20_chr7HG79576.17	99.854	687	1	0	1	2061	229	915	0.0	1367	99	33
transcript56950	PanBaRT20_chr7HG79576.20	99.709	687	1	1	1	2061	241	926	0.0	1362	99	33
transcript56950	PanBaRT20_chr7HG79576.18	95.543	718	1	1	1	2061	241	958	0.0	1354	99	33
transcript56950	PanBaRT20_chr7HG79576.59	95.810	716	1	1	1	2061	241	956	0.0	1353	99	33
transcript56950	PanBaRT20_chr7HG79576.14	99.687	639	2	0	1	1917	241	879	0.0	1263	96	31
transcript7402	PanBaRT20_chr2HG09864.1	100.000	90	0	0	1	270	43	132	2.71e-50	157	99	33
transcript7403	PanBaRT20_chr2HG09864.1	100.000	90	0	0	1	270	43	132	2.71e-50	157	99	33
transcript7886	PanBaRT20_chr2HG13620.2	97.647	170	4	0	1	510	1	170	2.21e-113	322	99	33
transcript8341	PanBaRT20_chr2HG10970.2	98.131	107	2	0	1	321	1	107	3.04e-71	210	99	33
transcript8397	PanBaRT20_chr2HG11047.9	99.669	907	3	0	1	2721	319	1225	0.0	1265	99	33
transcript8397	PanBaRT20_chr2HG11047.4	99.669	907	3	0	1	2721	403	1309	0.0	1263	99	33
transcript8397	PanBaRT20_chr2HG11047.23	99.669	907	3	0	1	2721	403	1309	0.0	1263	99	33
transcript8397	PanBaRT20_chr2HG11047.11	99.669	907	3	0	1	2721	361	1267	0.0	1263	99	33
transcript8397	PanBaRT20_chr2HG11047.1	99.669	907	3	0	1	2721	361	1267	0.0	1263	99	33
transcript8397	PanBaRT20_chr2HG11047.2	99.669	907	3	0	1	2721	381	1287	0.0	1262	99	33
transcript8397	PanBaRT20_chr2HG11047.19	99.669	907	3	0	1	2721	381	1287	0.0	1262	99	33
transcript8397	PanBaRT20_chr2HG11047.16	99.669	907	3	0	1	2721	87	993	0.0	1262	99	33
transcript8397	PanBaRT20_chr2HG11047.20	99.669	907	3	0	1	2721	423	1329	0.0	1261	99	33
transcript8397	PanBaRT20_chr2HG11047.13	97.023	907	5	1	1	2721	403	1287	0.0	1233	99	33
transcript8397	PanBaRT20_chr2HG11047.17	99.771	873	2	0	103	2721	44	916	0.0	1221	96	32
transcript8397	PanBaRT20_chr2HG11047.22	100.000	831	0	0	229	2721	318	1148	0.0	1206	99	31
transcript8397	PanBaRT20_chr2HG11047.18	100.000	831	0	0	229	2721	57	887	0.0	1203	99	31
transcript8397	PanBaRT20_chr2HG11047.6	100.000	831	0	0	229	2721	45	875	0.0	1203	99	31
transcript8397	PanBaRT20_chr2HG11047.25	100.000	816	0	0	274	2721	270	1085	0.0	1176	99	30
transcript8465	PanBaRT20_chr2HG11114.29	100.000	96	0	0	1	288	1	96	1.64e-33	114	99	33
transcript8466	PanBaRT20_chr2HG11114.29	100.000	96	0	0	1	288	1	96	1.64e-33	114	99	33
transcript8467	PanBaRT20_chr2HG11114.29	100.000	96	0	0	1	288	1	96	1.64e-33	114	99	33
transcript8478	PanBaRT20_chr2HG11117.8	96.820	283	9	0	1	849	31	313	2.33e-120	349	99	33
transcript8478	PanBaRT20_chr2HG11117.74	96.820	283	9	0	1	849	31	313	2.33e-120	349	99	33
transcript8478	PanBaRT20_chr2HG11117.71	96.820	283	9	0	1	849	31	313	2.33e-120	349	99	33
transcript8478	PanBaRT20_chr2HG11117.70	96.820	283	9	0	1	849	31	313	2.33e-120	349	99	33
transcript8478	PanBaRT20_chr2HG11117.65	96.820	283	9	0	1	849	31	313	2.33e-120	349	99	33
transcript8478	PanBaRT20_chr2HG11117.64	96.820	283	9	0	1	849	31	313	2.33e-120	349	99	33
transcript8478	PanBaRT20_chr2HG11117.62	96.820	283	9	0	1	849	31	313	2.33e-120	349	99	33
transcript8478	PanBaRT20_chr2HG11117.61	96.820	283	9	0	1	849	31	313	2.33e-120	349	99	33
transcript8478	PanBaRT20_chr2HG11117.60	96.820	283	9	0	1	849	31	313	2.33e-120	349	99	33
transcript8478	PanBaRT20_chr2HG11117.54	96.820	283	9	0	1	849	31	313	2.33e-120	349	99	33
transcript8478	PanBaRT20_chr2HG11117.53	96.820	283	9	0	1	849	31	313	2.33e-120	349	99	33
transcript8478	PanBaRT20_chr2HG11117.50	96.820	283	9	0	1	849	31	313	2.33e-120	349	99	33
transcript8478	PanBaRT20_chr2HG11117.48	96.820	283	9	0	1	849	31	313	2.33e-120	349	99	33
transcript8478	PanBaRT20_chr2HG11117.47	96.820	283	9	0	1	849	31	313	2.33e-120	349	99	33
transcript8478	PanBaRT20_chr2HG11117.46	96.820	283	9	0	1	849	31	313	2.33e-120	349	99	33
transcript8478	PanBaRT20_chr2HG11117.45	96.820	283	9	0	1	849	31	313	2.33e-120	349	99	33
transcript8478	PanBaRT20_chr2HG11117.44	96.820	283	9	0	1	849	31	313	2.33e-120	349	99	33
transcript8478	PanBaRT20_chr2HG11117.43	96.820	283	9	0	1	849	31	313	2.33e-120	349	99	33
transcript8478	PanBaRT20_chr2HG11117.42	96.820	283	9	0	1	849	31	313	2.33e-120	349	99	33
transcript8478	PanBaRT20_chr2HG11117.41	96.820	283	9	0	1	849	31	313	2.33e-120	349	99	33
transcript8478	PanBaRT20_chr2HG11117.40	96.820	283	9	0	1	849	31	313	2.33e-120	349	99	33
transcript8478	PanBaRT20_chr2HG11117.34	96.820	283	9	0	1	849	31	313	2.33e-120	349	99	33
transcript8478	PanBaRT20_chr2HG11117.32	96.820	283	9	0	1	849	31	313	2.33e-120	349	99	33
transcript8478	PanBaRT20_chr2HG11117.31	96.820	283	9	0	1	849	31	313	2.33e-120	349	99	33
transcript8478	PanBaRT20_chr2HG11117.30	96.820	283	9	0	1	849	31	313	2.33e-120	349	99	33
transcript8478	PanBaRT20_chr2HG11117.29	96.820	283	9	0	1	849	31	313	2.33e-120	349	99	33
transcript8478	PanBaRT20_chr2HG11117.28	96.820	283	9	0	1	849	31	313	2.33e-120	349	99	33
transcript8478	PanBaRT20_chr2HG11117.21	96.820	283	9	0	1	849	31	313	2.33e-120	349	99	33
transcript8478	PanBaRT20_chr2HG11117.20	96.820	283	9	0	1	849	31	313	2.33e-120	349	99	33
transcript8478	PanBaRT20_chr2HG11117.2	96.820	283	9	0	1	849	31	313	2.33e-120	349	99	33
transcript8478	PanBaRT20_chr2HG11117.19	96.820	283	9	0	1	849	31	313	2.33e-120	349	99	33
transcript8478	PanBaRT20_chr2HG11117.18	96.820	283	9	0	1	849	31	313	2.33e-120	349	99	33
transcript8478	PanBaRT20_chr2HG11117.17	96.820	283	9	0	1	849	31	313	2.33e-120	349	99	33
transcript8478	PanBaRT20_chr2HG11117.14	96.820	283	9	0	1	849	31	313	2.33e-120	349	99	33
transcript8478	PanBaRT20_chr2HG11117.13	96.820	283	9	0	1	849	31	313	2.33e-120	349	99	33
transcript8478	PanBaRT20_chr2HG11117.1	96.820	283	9	0	1	849	31	313	2.33e-120	349	99	33
transcript8716	PanBaRT20_chr2HG11416.12	99.310	145	1	0	1	435	84	228	8.25e-103	296	99	33
transcript8716	PanBaRT20_chr2HG11416.7	99.310	145	1	0	1	435	287	431	1.72e-101	300	99	33
transcript9017	PanBaRT20_chr2HG11771.2	100.000	148	0	0	1	444	1	148	1.56e-102	292	99	33
transcript9017	PanBaRT20_chr2HG11771.1	100.000	145	0	0	1	435	1	145	3.72e-100	286	97	32
transcript9191	PanBaRT20_chr2HG11973.9	100.000	117	0	0	1	351	1	117	1.05e-81	237	99	33
transcript9191	PanBaRT20_chr2HG11973.8	100.000	117	0	0	1	351	1	117	1.05e-81	237	99	33
transcript9191	PanBaRT20_chr2HG11973.6	100.000	117	0	0	1	351	1	117	1.05e-81	237	99	33
transcript9191	PanBaRT20_chr2HG11973.56	100.000	117	0	0	1	351	1	117	1.05e-81	237	99	33
transcript9191	PanBaRT20_chr2HG11973.55	100.000	117	0	0	1	351	1	117	1.05e-81	237	99	33
transcript9191	PanBaRT20_chr2HG11973.54	100.000	117	0	0	1	351	1	117	1.05e-81	237	99	33
transcript9191	PanBaRT20_chr2HG11973.53	100.000	117	0	0	1	351	1	117	1.05e-81	237	99	33
transcript9191	PanBaRT20_chr2HG11973.52	100.000	117	0	0	1	351	1	117	1.05e-81	237	99	33
transcript9191	PanBaRT20_chr2HG11973.50	100.000	117	0	0	1	351	1	117	1.05e-81	237	99	33
transcript9191	PanBaRT20_chr2HG11973.5	100.000	117	0	0	1	351	1	117	1.05e-81	237	99	33
transcript9191	PanBaRT20_chr2HG11973.49	100.000	117	0	0	1	351	1	117	1.05e-81	237	99	33
transcript9191	PanBaRT20_chr2HG11973.46	100.000	117	0	0	1	351	1	117	1.05e-81	237	99	33
transcript9191	PanBaRT20_chr2HG11973.45	100.000	117	0	0	1	351	1	117	1.05e-81	237	99	33
transcript9191	PanBaRT20_chr2HG11973.37	100.000	117	0	0	1	351	1	117	1.05e-81	237	99	33
transcript9191	PanBaRT20_chr2HG11973.35	100.000	117	0	0	1	351	1	117	1.05e-81	237	99	33
transcript9191	PanBaRT20_chr2HG11973.34	100.000	117	0	0	1	351	1	117	1.05e-81	237	99	33
transcript9191	PanBaRT20_chr2HG11973.33	100.000	117	0	0	1	351	1	117	1.05e-81	237	99	33
transcript9191	PanBaRT20_chr2HG11973.32	100.000	117	0	0	1	351	1	117	1.05e-81	237	99	33
transcript9191	PanBaRT20_chr2HG11973.31	100.000	117	0	0	1	351	1	117	1.05e-81	237	99	33
transcript9191	PanBaRT20_chr2HG11973.3	100.000	117	0	0	1	351	1	117	1.05e-81	237	99	33
transcript9191	PanBaRT20_chr2HG11973.29	100.000	117	0	0	1	351	1	117	1.05e-81	237	99	33
transcript9191	PanBaRT20_chr2HG11973.28	100.000	117	0	0	1	351	1	117	1.05e-81	237	99	33
transcript9191	PanBaRT20_chr2HG11973.26	100.000	117	0	0	1	351	1	117	1.05e-81	237	99	33
transcript9191	PanBaRT20_chr2HG11973.25	100.000	117	0	0	1	351	1	117	1.05e-81	237	99	33
transcript9191	PanBaRT20_chr2HG11973.23	100.000	117	0	0	1	351	1	117	1.05e-81	237	99	33
transcript9191	PanBaRT20_chr2HG11973.22	100.000	117	0	0	1	351	1	117	1.05e-81	237	99	33
transcript9191	PanBaRT20_chr2HG11973.2	100.000	117	0	0	1	351	1	117	1.05e-81	237	99	33
transcript9191	PanBaRT20_chr2HG11973.19	100.000	117	0	0	1	351	1	117	1.05e-81	237	99	33
transcript9191	PanBaRT20_chr2HG11973.16	100.000	117	0	0	1	351	1	117	1.05e-81	237	99	33
transcript9191	PanBaRT20_chr2HG11973.15	100.000	117	0	0	1	351	1	117	1.05e-81	237	99	33
transcript9191	PanBaRT20_chr2HG11973.14	100.000	117	0	0	1	351	1	117	1.05e-81	237	99	33
transcript9191	PanBaRT20_chr2HG11973.11	100.000	117	0	0	1	351	1	117	1.05e-81	237	99	33
transcript9191	PanBaRT20_chr2HG11973.10	100.000	117	0	0	1	351	1	117	1.05e-81	237	99	33
transcript9192	PanBaRT20_chr2HG11974.9	100.000	96	0	0	1	288	1	96	1.25e-66	197	99	33
transcript9192	PanBaRT20_chr2HG11974.7	100.000	96	0	0	1	288	1	96	1.25e-66	197	99	33
transcript9192	PanBaRT20_chr2HG11974.2	100.000	96	0	0	1	288	1	96	1.25e-66	197	99	33
transcript9192	PanBaRT20_chr2HG11974.19	100.000	96	0	0	1	288	1	96	1.25e-66	197	99	33
transcript9192	PanBaRT20_chr2HG11974.18	100.000	96	0	0	1	288	1	96	1.25e-66	197	99	33
transcript9192	PanBaRT20_chr2HG11974.17	100.000	96	0	0	1	288	1	96	1.25e-66	197	99	33
transcript9192	PanBaRT20_chr2HG11974.15	100.000	96	0	0	1	288	1	96	1.25e-66	197	99	33
transcript9192	PanBaRT20_chr2HG11974.12	100.000	96	0	0	1	288	1	96	1.25e-66	197	99	33
transcript9192	PanBaRT20_chr2HG11974.11	100.000	96	0	0	1	288	1	96	1.25e-66	197	99	33
transcript9192	PanBaRT20_chr2HG11974.10	100.000	96	0	0	1	288	1	96	1.25e-66	197	99	33
transcript9192	PanBaRT20_chr2HG11974.1	100.000	96	0	0	1	288	1	96	1.25e-66	197	99	33
transcript9352	PanBaRT20_chr2HG12188.1	100.000	124	0	0	1	372	1	124	2.31e-71	211	99	33
transcript9663	PanBaRT20_chr2HG12576.3	97.872	141	3	0	1	423	1	141	2.11e-100	286	99	33
transcript9702	PanBaRT20_chr2HG12614.4	100.000	79	0	0	1	237	1	79	1.10e-53	163	99	33
transcript9702	PanBaRT20_chr2HG12614.2	100.000	79	0	0	1	237	1	79	1.10e-53	163	99	33
transcript9702	PanBaRT20_chr2HG12614.13	100.000	78	0	0	4	237	6	83	5.70e-53	162	98	33
transcript9702	PanBaRT20_chr2HG12614.12	100.000	78	0	0	4	237	6	83	5.70e-53	162	98	33
transcript9735	PanBaRT20_chr2HG12654.9	100.000	84	0	0	1	252	1	84	7.81e-22	83.6	99	33
transcript9735	PanBaRT20_chr2HG12654.8	100.000	84	0	0	1	252	1	84	7.81e-22	83.6	99	33
transcript9735	PanBaRT20_chr2HG12654.6	100.000	84	0	0	1	252	1	84	7.81e-22	83.6	99	33
transcript9735	PanBaRT20_chr2HG12654.54	100.000	84	0	0	1	252	1	84	7.81e-22	83.6	99	33
transcript9735	PanBaRT20_chr2HG12654.51	100.000	84	0	0	1	252	1	84	7.81e-22	83.6	99	33
transcript9735	PanBaRT20_chr2HG12654.5	100.000	84	0	0	1	252	1	84	7.81e-22	83.6	99	33
transcript9735	PanBaRT20_chr2HG12654.47	100.000	84	0	0	1	252	1	84	7.81e-22	83.6	99	33
transcript9735	PanBaRT20_chr2HG12654.46	100.000	84	0	0	1	252	1	84	7.81e-22	83.6	99	33
transcript9735	PanBaRT20_chr2HG12654.45	100.000	84	0	0	1	252	1	84	7.81e-22	83.6	99	33
transcript9735	PanBaRT20_chr2HG12654.44	100.000	84	0	0	1	252	1	84	7.81e-22	83.6	99	33
transcript9735	PanBaRT20_chr2HG12654.43	100.000	84	0	0	1	252	1	84	7.81e-22	83.6	99	33
transcript9735	PanBaRT20_chr2HG12654.42	100.000	84	0	0	1	252	1	84	7.81e-22	83.6	99	33
transcript9735	PanBaRT20_chr2HG12654.41	100.000	84	0	0	1	252	1	84	7.81e-22	83.6	99	33
transcript9735	PanBaRT20_chr2HG12654.40	100.000	84	0	0	1	252	1	84	7.81e-22	83.6	99	33
transcript9735	PanBaRT20_chr2HG12654.4	100.000	84	0	0	1	252	1	84	7.81e-22	83.6	99	33
transcript9735	PanBaRT20_chr2HG12654.39	100.000	84	0	0	1	252	1	84	7.81e-22	83.6	99	33
transcript9735	PanBaRT20_chr2HG12654.37	100.000	84	0	0	1	252	1	84	7.81e-22	83.6	99	33
transcript9735	PanBaRT20_chr2HG12654.36	100.000	84	0	0	1	252	1	84	7.81e-22	83.6	99	33
transcript9735	PanBaRT20_chr2HG12654.35	100.000	84	0	0	1	252	1	84	7.81e-22	83.6	99	33
transcript9735	PanBaRT20_chr2HG12654.33	100.000	84	0	0	1	252	1	84	7.81e-22	83.6	99	33
transcript9735	PanBaRT20_chr2HG12654.32	100.000	84	0	0	1	252	1	84	7.81e-22	83.6	99	33
transcript9735	PanBaRT20_chr2HG12654.31	100.000	84	0	0	1	252	1	84	7.81e-22	83.6	99	33
transcript9735	PanBaRT20_chr2HG12654.30	100.000	84	0	0	1	252	1	84	7.81e-22	83.6	99	33
transcript9735	PanBaRT20_chr2HG12654.3	100.000	84	0	0	1	252	1	84	7.81e-22	83.6	99	33
transcript9735	PanBaRT20_chr2HG12654.29	100.000	84	0	0	1	252	1	84	7.81e-22	83.6	99	33
transcript9735	PanBaRT20_chr2HG12654.28	100.000	84	0	0	1	252	1	84	7.81e-22	83.6	99	33
transcript9735	PanBaRT20_chr2HG12654.27	100.000	84	0	0	1	252	1	84	7.81e-22	83.6	99	33
transcript9735	PanBaRT20_chr2HG12654.26	100.000	84	0	0	1	252	1	84	7.81e-22	83.6	99	33
transcript9735	PanBaRT20_chr2HG12654.25	100.000	84	0	0	1	252	1	84	7.81e-22	83.6	99	33
transcript9735	PanBaRT20_chr2HG12654.24	100.000	84	0	0	1	252	1	84	7.81e-22	83.6	99	33
transcript9735	PanBaRT20_chr2HG12654.23	100.000	84	0	0	1	252	1	84	7.81e-22	83.6	99	33
transcript9735	PanBaRT20_chr2HG12654.22	100.000	84	0	0	1	252	1	84	7.81e-22	83.6	99	33
transcript9735	PanBaRT20_chr2HG12654.21	100.000	84	0	0	1	252	1	84	7.81e-22	83.6	99	33
transcript9735	PanBaRT20_chr2HG12654.20	100.000	84	0	0	1	252	1	84	7.81e-22	83.6	99	33
transcript9735	PanBaRT20_chr2HG12654.2	100.000	84	0	0	1	252	1	84	7.81e-22	83.6	99	33
transcript9735	PanBaRT20_chr2HG12654.19	100.000	84	0	0	1	252	1	84	7.81e-22	83.6	99	33
transcript9735	PanBaRT20_chr2HG12654.18	100.000	84	0	0	1	252	1	84	7.81e-22	83.6	99	33
transcript9735	PanBaRT20_chr2HG12654.17	100.000	84	0	0	1	252	1	84	7.81e-22	83.6	99	33
transcript9735	PanBaRT20_chr2HG12654.16	100.000	84	0	0	1	252	1	84	7.81e-22	83.6	99	33
transcript9735	PanBaRT20_chr2HG12654.15	100.000	84	0	0	1	252	1	84	7.81e-22	83.6	99	33
transcript9735	PanBaRT20_chr2HG12654.14	100.000	84	0	0	1	252	1	84	7.81e-22	83.6	99	33
transcript9735	PanBaRT20_chr2HG12654.13	100.000	84	0	0	1	252	1	84	7.81e-22	83.6	99	33
transcript9735	PanBaRT20_chr2HG12654.12	100.000	84	0	0	1	252	1	84	7.81e-22	83.6	99	33
transcript9735	PanBaRT20_chr2HG12654.11	100.000	84	0	0	1	252	1	84	7.81e-22	83.6	99	33
transcript9735	PanBaRT20_chr2HG12654.1	100.000	84	0	0	1	252	1	84	7.81e-22	83.6	99	33
transcript9811	PanBaRT20_chr2HG12781.1	100.000	147	0	0	1	441	1	147	1.75e-94	272	99	33
transcript9940	PanBaRT20_chr2HG12935.3	98.851	87	1	0	1	261	1	87	7.06e-56	169	99	33
transcript9940	PanBaRT20_chr2HG12935.2	98.851	87	1	0	1	261	1	87	7.06e-56	169	99	33
transcript9940	PanBaRT20_chr2HG12935.1	98.851	87	1	0	1	261	1	87	7.06e-56	169	99	33
transcript10008	PanBaRT20_chr2HG13027.3	100.000	142	0	0	1	426	1	142	4.06e-90	260	99	33
transcript10008	PanBaRT20_chr2HG13027.7	99.296	142	0	1	1	426	1	141	1.59e-87	254	99	33
transcript10008	PanBaRT20_chr2HG13027.57	100.000	72	0	0	212	427	121	192	1.16e-44	147	99	17
transcript10008	PanBaRT20_chr2HG13027.57	100.000	70	0	0	1	210	1	70	1.44e-32	117	99	16
transcript10008	PanBaRT20_chr2HG13027.37	96.154	78	2	1	1	234	1	77	1.78e-34	119	99	18
transcript10009	PanBaRT20_chr2HG13027.64	99.291	141	0	1	1	423	1	140	2.76e-98	281	99	33
transcript10089	PanBaRT20_chr2HG13127.6	100.000	66	0	0	1	198	1	66	2.89e-43	136	99	33
transcript10089	PanBaRT20_chr2HG13127.1	96.970	66	2	0	1	198	1	66	2.92e-41	131	99	33
transcript10501	PanBaRT20_chr2HG13724.3	98.507	67	1	0	1	201	1	67	4.17e-13	60.5	99	33
transcript10501	PanBaRT20_chr2HG13724.2	98.507	67	1	0	1	201	1	67	4.17e-13	60.5	99	33
transcript10504	PanBaRT20_chr2HG13727.5	100.000	673	0	0	1	2019	1	673	0.0	998	99	33
transcript10504	PanBaRT20_chr2HG13727.4	100.000	673	0	0	1	2019	1	673	0.0	998	99	33
transcript10504	PanBaRT20_chr2HG13727.3	100.000	638	0	0	1	1914	1	638	0.0	927	98	32
transcript10504	PanBaRT20_chr2HG13727.2	100.000	638	0	0	1	1914	1	638	0.0	927	98	32
transcript10504	PanBaRT20_chr2HG13727.1	100.000	638	0	0	1	1914	1	638	0.0	924	98	32
transcript10504	PanBaRT20_chr2HG13727.10	100.000	613	0	0	1	1839	1	613	0.0	874	98	30
transcript10504	PanBaRT20_chr2HG13727.7	99.645	564	2	0	1	1692	1	564	0.0	774	98	28
transcript10504	PanBaRT20_chr2HG13727.9	100.000	562	0	0	1	1686	1	562	0.0	772	98	28
transcript10504	PanBaRT20_chr2HG13727.8	100.000	562	0	0	1	1686	1	562	0.0	772	98	28
transcript10536	PanBaRT20_chr2HG13778.50	100.000	77	0	0	1	231	1	77	2.59e-50	155	99	33
transcript10536	PanBaRT20_chr2HG13778.49	100.000	77	0	0	1	231	1	77	2.59e-50	155	99	33
transcript10677	PanBaRT20_chr2HG13981.8	98.473	131	1	1	1	390	1	131	8.17e-78	228	99	33
transcript10677	PanBaRT20_chr2HG13981.7	98.473	131	1	1	1	390	1	131	8.17e-78	228	99	33
transcript10677	PanBaRT20_chr2HG13981.5	98.473	131	1	1	1	390	1	131	8.17e-78	228	99	33
transcript10677	PanBaRT20_chr2HG13981.4	98.473	131	1	1	1	390	1	131	8.17e-78	228	99	33
transcript10677	PanBaRT20_chr2HG13981.3	98.473	131	1	1	1	390	1	131	8.17e-78	228	99	33
transcript10677	PanBaRT20_chr2HG13981.2	98.473	131	1	1	1	390	1	131	8.17e-78	228	99	33
transcript10677	PanBaRT20_chr2HG13981.1	98.473	131	1	1	1	390	1	131	8.17e-78	228	99	33
transcript10765	PanBaRT20_chr2HG14107.44	98.990	198	2	0	16	609	35	232	2.75e-92	272	97	32
transcript10765	PanBaRT20_chr2HG14107.27	98.990	198	2	0	16	609	35	232	2.75e-92	272	97	32
transcript10765	PanBaRT20_chr2HG14107.2	98.990	198	2	0	16	609	35	232	2.75e-92	272	97	32
transcript10765	PanBaRT20_chr2HG14107.30	96.296	162	3	1	16	492	35	196	6.79e-84	242	97	26
transcript10765	PanBaRT20_chr2HG14107.30	100.000	44	0	0	480	611	202	245	6.79e-84	89.4	97	7
transcript10766	PanBaRT20_chr2HG14107.53	98.726	157	2	0	16	486	35	191	3.67e-83	247	97	30
transcript10766	PanBaRT20_chr2HG14107.45	98.726	157	2	0	16	486	35	191	3.67e-83	247	97	30
transcript10766	PanBaRT20_chr2HG14107.37	98.726	157	2	0	16	486	35	191	3.67e-83	247	97	30
transcript10798	PanBaRT20_chr2HG14136.2	99.785	466	1	0	1	1398	281	746	0.0	974	99	33
transcript10798	PanBaRT20_chr2HG14136.1	99.785	466	1	0	1	1398	281	746	0.0	974	99	33
transcript10798	PanBaRT20_chr2HG14136.4	99.751	402	1	0	1	1206	281	682	0.0	841	98	29
transcript10798	PanBaRT20_chr2HG14136.3	100.000	259	0	0	622	1398	1	259	0.0	542	99	18
transcript10817	PanBaRT20_chr2HG14167.6	100.000	98	0	0	1	294	1	98	2.04e-58	177	99	33
transcript10817	PanBaRT20_chr2HG14167.4	100.000	98	0	0	1	294	1	98	2.04e-58	177	99	33
transcript10817	PanBaRT20_chr2HG14167.2	100.000	98	0	0	1	294	1	98	2.04e-58	177	99	33
transcript10819	PanBaRT20_chr2HG14168.1	99.180	122	1	0	368	3	18	139	4.83e-20	84.3	99	33
transcript10821	PanBaRT20_chr2HG14175.5	98.837	86	1	0	1	258	1	86	1.92e-59	178	99	33
transcript10821	PanBaRT20_chr2HG14175.3	98.837	86	1	0	1	258	1	86	1.92e-59	178	99	33
transcript10901	PanBaRT20_chr2HG14298.1	100.000	73	0	0	1	219	1	73	8.45e-49	150	99	33
transcript10920	PanBaRT20_chr2HG14338.7	100.000	103	0	0	1	309	1	103	1.06e-43	140	99	33
transcript10920	PanBaRT20_chr2HG14338.6	100.000	103	0	0	1	309	1	103	1.06e-43	140	99	33
transcript10920	PanBaRT20_chr2HG14338.4	100.000	103	0	0	1	309	1	103	1.06e-43	140	99	33
transcript10920	PanBaRT20_chr2HG14338.27	100.000	103	0	0	1	309	1	103	1.06e-43	140	99	33
transcript10920	PanBaRT20_chr2HG14338.25	100.000	103	0	0	1	309	1	103	1.06e-43	140	99	33
transcript10920	PanBaRT20_chr2HG14338.24	100.000	103	0	0	1	309	1	103	1.06e-43	140	99	33
transcript10920	PanBaRT20_chr2HG14338.21	100.000	103	0	0	1	309	1	103	1.06e-43	140	99	33
transcript10920	PanBaRT20_chr2HG14338.2	100.000	103	0	0	1	309	1	103	1.06e-43	140	99	33
transcript10920	PanBaRT20_chr2HG14338.16	100.000	103	0	0	1	309	1	103	1.06e-43	140	99	33
transcript10920	PanBaRT20_chr2HG14338.15	100.000	103	0	0	1	309	1	103	1.06e-43	140	99	33
transcript10920	PanBaRT20_chr2HG14338.14	100.000	103	0	0	1	309	1	103	1.06e-43	140	99	33
transcript10920	PanBaRT20_chr2HG14338.12	100.000	103	0	0	1	309	1	103	1.06e-43	140	99	33
transcript10920	PanBaRT20_chr2HG14338.11	100.000	103	0	0	1	309	1	103	1.06e-43	140	99	33
transcript10920	PanBaRT20_chr2HG14338.1	100.000	103	0	0	1	309	1	103	1.06e-43	140	99	33
transcript10924	PanBaRT20_chr2HG14341.2	100.000	90	0	0	272	3	52	141	1.85e-45	145	99	33
transcript10924	PanBaRT20_chr2HG14341.1	100.000	90	0	0	272	3	52	141	1.85e-45	145	99	33
transcript10924	PanBaRT20_chr2HG14340.8	100.000	90	0	0	1	270	1	90	1.46e-33	113	99	33
transcript10924	PanBaRT20_chr2HG14340.5	100.000	90	0	0	1	270	1	90	1.46e-33	113	99	33
transcript10924	PanBaRT20_chr2HG14340.13	100.000	90	0	0	1	270	1	90	1.46e-33	113	99	33
transcript10924	PanBaRT20_chr2HG14340.12	100.000	90	0	0	1	270	1	90	1.46e-33	113	99	33
transcript10940	PanBaRT20_chr2HG14359.7	100.000	184	0	0	1	552	1	184	1.36e-126	356	99	33
transcript10940	PanBaRT20_chr2HG14359.47	100.000	184	0	0	1	552	1	184	1.36e-126	356	99	33
transcript10940	PanBaRT20_chr2HG14359.4	100.000	184	0	0	1	552	1	184	1.36e-126	356	99	33
transcript10940	PanBaRT20_chr2HG14359.37	100.000	184	0	0	1	552	1	184	1.36e-126	356	99	33
transcript10940	PanBaRT20_chr2HG14359.35	100.000	184	0	0	1	552	1	184	1.36e-126	356	99	33
transcript10940	PanBaRT20_chr2HG14359.3	100.000	184	0	0	1	552	1	184	1.36e-126	356	99	33
transcript10940	PanBaRT20_chr2HG14359.23	100.000	184	0	0	1	552	1	184	1.36e-126	356	99	33
transcript10940	PanBaRT20_chr2HG14359.18	100.000	184	0	0	1	552	1	184	1.36e-126	356	99	33
transcript10940	PanBaRT20_chr2HG14359.17	100.000	184	0	0	1	552	1	184	1.36e-126	356	99	33
transcript10940	PanBaRT20_chr2HG14359.16	100.000	184	0	0	1	552	1	184	1.36e-126	356	99	33
transcript10982	PanBaRT20_chr2HG14427.3	100.000	116	0	0	1	348	1	116	2.90e-61	185	99	33
transcript10982	PanBaRT20_chr2HG14427.2	100.000	116	0	0	1	348	1	116	2.90e-61	185	99	33
transcript11003	PanBaRT20_chr2HG14534.34	100.000	86	0	0	1	258	1	86	8.84e-59	177	99	33
transcript11003	PanBaRT20_chr2HG14534.2	100.000	86	0	0	1	258	1	86	8.84e-59	177	99	33
transcript11003	PanBaRT20_chr2HG14534.1	100.000	86	0	0	1	258	1	86	8.84e-59	177	99	33
transcript11003	PanBaRT20_chr2HG14534.18	95.349	86	0	1	1	258	1	82	1.74e-53	163	99	33
transcript11003	PanBaRT20_chr2HG14534.15	95.349	86	0	1	1	258	1	82	1.74e-53	163	99	33
transcript11004	PanBaRT20_chr2HG14534.34	100.000	86	0	0	1	258	1	86	8.84e-59	177	99	33
transcript11004	PanBaRT20_chr2HG14534.2	100.000	86	0	0	1	258	1	86	8.84e-59	177	99	33
transcript11004	PanBaRT20_chr2HG14534.1	100.000	86	0	0	1	258	1	86	8.84e-59	177	99	33
transcript11004	PanBaRT20_chr2HG14534.18	95.349	86	0	1	1	258	1	82	1.74e-53	163	99	33
transcript11004	PanBaRT20_chr2HG14534.15	95.349	86	0	1	1	258	1	82	1.74e-53	163	99	33
transcript11005	PanBaRT20_chr2HG14534.30	100.000	75	0	0	1	225	1	75	1.14e-49	153	99	33
transcript11005	PanBaRT20_chr2HG14534.3	100.000	75	0	0	1	225	1	75	1.14e-49	153	99	33
transcript11005	PanBaRT20_chr2HG14534.17	100.000	75	0	0	1	225	1	75	1.14e-49	153	99	33
transcript11005	PanBaRT20_chr2HG14534.16	100.000	75	0	0	1	225	1	75	1.14e-49	153	99	33
transcript11005	PanBaRT20_chr2HG14534.13	100.000	75	0	0	1	225	1	75	1.14e-49	153	99	33
transcript11005	PanBaRT20_chr2HG14534.11	100.000	75	0	0	1	225	1	75	1.14e-49	153	99	33
transcript11005	PanBaRT20_chr2HG14534.10	100.000	75	0	0	1	225	1	75	1.14e-49	153	99	33
transcript11031	PanBaRT20_chr2HG14592.4	100.000	72	0	0	1	216	1	72	9.80e-49	150	99	33
transcript11031	PanBaRT20_chr2HG14592.3	100.000	72	0	0	1	216	1	72	9.80e-49	150	99	33
transcript11039	PanBaRT20_chr2HG14602.8	100.000	96	0	0	1	288	1	96	2.39e-63	189	99	33
transcript11039	PanBaRT20_chr2HG14602.6	100.000	96	0	0	1	288	1	96	7.39e-63	188	99	33
transcript11039	PanBaRT20_chr2HG14602.16	100.000	96	0	0	1	288	1	96	7.39e-63	188	99	33
transcript11039	PanBaRT20_chr2HG14602.15	100.000	96	0	0	1	288	1	96	7.39e-63	188	99	33
transcript11039	PanBaRT20_chr2HG14602.14	100.000	96	0	0	1	288	1	96	7.39e-63	188	99	33
transcript11039	PanBaRT20_chr2HG14602.13	100.000	96	0	0	1	288	1	96	7.39e-63	188	99	33
transcript11039	PanBaRT20_chr2HG14602.12	100.000	96	0	0	1	288	1	96	7.39e-63	188	99	33
transcript11039	PanBaRT20_chr2HG14602.7	100.000	96	0	0	1	288	1	96	7.45e-63	188	99	33
transcript11039	PanBaRT20_chr2HG14602.25	100.000	96	0	0	1	288	1	96	7.45e-63	188	99	33
transcript11039	PanBaRT20_chr2HG14602.21	100.000	96	0	0	1	288	1	96	7.45e-63	188	99	33
transcript11039	PanBaRT20_chr2HG14602.1	100.000	96	0	0	1	288	1	96	7.45e-63	188	99	33
transcript11040	PanBaRT20_chr2HG14602.7	100.000	98	0	0	1	294	1	98	2.97e-64	191	99	33
transcript11040	PanBaRT20_chr2HG14602.25	100.000	98	0	0	1	294	1	98	2.97e-64	191	99	33
transcript11040	PanBaRT20_chr2HG14602.21	100.000	98	0	0	1	294	1	98	2.97e-64	191	99	33
transcript11040	PanBaRT20_chr2HG14602.1	100.000	98	0	0	1	294	1	98	2.97e-64	191	99	33
transcript11040	PanBaRT20_chr2HG14602.8	98.969	97	1	0	1	291	1	97	2.20e-63	189	98	33
transcript11040	PanBaRT20_chr2HG14602.6	100.000	96	0	0	1	288	1	96	8.03e-63	188	97	32
transcript11040	PanBaRT20_chr2HG14602.16	100.000	96	0	0	1	288	1	96	8.03e-63	188	97	32
transcript11040	PanBaRT20_chr2HG14602.15	100.000	96	0	0	1	288	1	96	8.03e-63	188	97	32
transcript11040	PanBaRT20_chr2HG14602.14	100.000	96	0	0	1	288	1	96	8.03e-63	188	97	32
transcript11040	PanBaRT20_chr2HG14602.13	100.000	96	0	0	1	288	1	96	8.03e-63	188	97	32
transcript11040	PanBaRT20_chr2HG14602.12	100.000	96	0	0	1	288	1	96	8.03e-63	188	97	32
transcript11049	PanBaRT20_chr2HG14618.5	100.000	95	0	0	1	285	1	95	5.28e-63	188	99	33
transcript11049	PanBaRT20_chr2HG14618.4	100.000	95	0	0	1	285	1	95	5.28e-63	188	99	33
transcript11049	PanBaRT20_chr2HG14618.2	100.000	95	0	0	1	285	1	95	5.28e-63	188	99	33
transcript11049	PanBaRT20_chr2HG14618.1	100.000	95	0	0	1	285	1	95	5.28e-63	188	99	33
transcript11049	PanBaRT20_chr2HG14618.6	100.000	92	0	0	1	276	1	92	1.05e-60	182	96	32
transcript11087	PanBaRT20_chr2HG14718.6	100.000	73	0	0	1	219	1	73	6.25e-50	153	99	33
transcript11087	PanBaRT20_chr2HG14718.4	100.000	73	0	0	1	219	1	73	6.25e-50	153	99	33
transcript11087	PanBaRT20_chr2HG14718.10	100.000	73	0	0	1	219	1	73	6.25e-50	153	99	33
transcript11087	PanBaRT20_chr2HG14718.5	100.000	71	0	0	1	213	1	71	1.28e-48	151	96	32
transcript11087	PanBaRT20_chr2HG14718.3	100.000	71	0	0	1	213	1	71	1.28e-48	151	96	32
transcript11087	PanBaRT20_chr2HG14718.2	100.000	71	0	0	1	213	1	71	1.28e-48	151	96	32
transcript11087	PanBaRT20_chr2HG14718.1	100.000	71	0	0	1	213	1	71	2.11e-48	149	96	32
transcript11087	PanBaRT20_chr2HG14718.9	100.000	71	0	0	1	213	1	71	2.38e-48	152	96	32
transcript11088	PanBaRT20_chr2HG14718.5	100.000	106	0	0	1	318	1	106	4.51e-76	222	99	33
transcript11088	PanBaRT20_chr2HG14718.3	100.000	106	0	0	1	318	1	106	4.51e-76	222	99	33
transcript11088	PanBaRT20_chr2HG14718.2	100.000	106	0	0	1	318	1	106	4.51e-76	222	99	33
transcript11089	PanBaRT20_chr2HG14718.5	100.000	72	0	0	1	216	1	72	1.51e-49	154	99	33
transcript11089	PanBaRT20_chr2HG14718.3	100.000	72	0	0	1	216	1	72	1.51e-49	154	99	33
transcript11089	PanBaRT20_chr2HG14718.2	100.000	72	0	0	1	216	1	72	1.51e-49	154	99	33
transcript11089	PanBaRT20_chr2HG14718.1	100.000	72	0	0	1	216	1	72	2.90e-49	152	99	33
transcript11089	PanBaRT20_chr2HG14718.6	100.000	71	0	0	1	213	1	71	1.43e-48	150	97	32
transcript11089	PanBaRT20_chr2HG14718.4	100.000	71	0	0	1	213	1	71	1.43e-48	150	97	32
transcript11089	PanBaRT20_chr2HG14718.10	100.000	71	0	0	1	213	1	71	1.43e-48	150	97	32
transcript11089	PanBaRT20_chr2HG14718.9	100.000	71	0	0	1	213	1	71	2.29e-48	152	97	32
transcript11147	PanBaRT20_chr2HG14849.6	100.000	124	0	0	1	372	1	124	6.07e-54	167	99	33
transcript11147	PanBaRT20_chr2HG14849.5	100.000	124	0	0	1	372	1	124	6.07e-54	167	99	33
transcript11157	PanBaRT20_chr2HG14931.3	100.000	83	0	0	1	249	1	83	8.26e-44	139	99	33
transcript11157	PanBaRT20_chr2HG14931.2	100.000	83	0	0	1	249	1	83	8.26e-44	139	99	33
transcript11197	PanBaRT20_chr2HG15065.21	97.849	93	2	0	166	444	67	159	5.97e-64	159	96	21
transcript11197	PanBaRT20_chr2HG15065.21	100.000	50	0	0	3	152	11	60	5.97e-64	105	96	11
transcript11197	PanBaRT20_chr2HG15065.20	100.000	91	0	0	172	444	148	238	1.25e-48	159	99	20
transcript11204	PanBaRT20_chr2HG15072.9	100.000	100	0	0	1	300	1	100	8.02e-67	198	99	33
transcript11204	PanBaRT20_chr2HG15072.8	100.000	100	0	0	1	300	1	100	8.02e-67	198	99	33
transcript11204	PanBaRT20_chr2HG15072.70	100.000	100	0	0	1	300	1	100	8.02e-67	198	99	33
transcript11204	PanBaRT20_chr2HG15072.7	100.000	100	0	0	1	300	1	100	8.02e-67	198	99	33
transcript11204	PanBaRT20_chr2HG15072.68	100.000	100	0	0	1	300	1	100	8.02e-67	198	99	33
transcript11204	PanBaRT20_chr2HG15072.67	100.000	100	0	0	1	300	1	100	8.02e-67	198	99	33
transcript11204	PanBaRT20_chr2HG15072.66	100.000	100	0	0	1	300	1	100	8.02e-67	198	99	33
transcript11204	PanBaRT20_chr2HG15072.59	100.000	100	0	0	1	300	1	100	8.02e-67	198	99	33
transcript11204	PanBaRT20_chr2HG15072.58	100.000	100	0	0	1	300	1	100	8.02e-67	198	99	33
transcript11204	PanBaRT20_chr2HG15072.56	100.000	100	0	0	1	300	1	100	8.02e-67	198	99	33
transcript11204	PanBaRT20_chr2HG15072.55	100.000	100	0	0	1	300	1	100	8.02e-67	198	99	33
transcript11204	PanBaRT20_chr2HG15072.53	100.000	100	0	0	1	300	1	100	8.02e-67	198	99	33
transcript11204	PanBaRT20_chr2HG15072.48	100.000	100	0	0	1	300	1	100	8.02e-67	198	99	33
transcript11204	PanBaRT20_chr2HG15072.43	100.000	100	0	0	1	300	1	100	8.02e-67	198	99	33
transcript11204	PanBaRT20_chr2HG15072.42	100.000	100	0	0	1	300	1	100	8.02e-67	198	99	33
transcript11204	PanBaRT20_chr2HG15072.4	100.000	100	0	0	1	300	1	100	8.02e-67	198	99	33
transcript11204	PanBaRT20_chr2HG15072.38	100.000	100	0	0	1	300	1	100	8.02e-67	198	99	33
transcript11204	PanBaRT20_chr2HG15072.36	100.000	100	0	0	1	300	1	100	8.02e-67	198	99	33
transcript11204	PanBaRT20_chr2HG15072.35	100.000	100	0	0	1	300	1	100	8.02e-67	198	99	33
transcript11204	PanBaRT20_chr2HG15072.33	100.000	100	0	0	1	300	1	100	8.02e-67	198	99	33
transcript11204	PanBaRT20_chr2HG15072.32	100.000	100	0	0	1	300	1	100	8.02e-67	198	99	33
transcript11204	PanBaRT20_chr2HG15072.31	100.000	100	0	0	1	300	1	100	8.02e-67	198	99	33
transcript11204	PanBaRT20_chr2HG15072.29	100.000	100	0	0	1	300	1	100	8.02e-67	198	99	33
transcript11204	PanBaRT20_chr2HG15072.28	100.000	100	0	0	1	300	1	100	8.02e-67	198	99	33
transcript11204	PanBaRT20_chr2HG15072.26	100.000	100	0	0	1	300	1	100	8.02e-67	198	99	33
transcript11204	PanBaRT20_chr2HG15072.23	100.000	100	0	0	1	300	1	100	8.02e-67	198	99	33
transcript11204	PanBaRT20_chr2HG15072.14	100.000	100	0	0	1	300	1	100	8.02e-67	198	99	33
transcript11204	PanBaRT20_chr2HG15072.13	100.000	100	0	0	1	300	1	100	8.02e-67	198	99	33
transcript11204	PanBaRT20_chr2HG15072.12	100.000	100	0	0	1	300	1	100	8.02e-67	198	99	33
transcript11204	PanBaRT20_chr2HG15072.11	100.000	100	0	0	1	300	1	100	8.02e-67	198	99	33
transcript11222	PanBaRT20_chr2HG15095.7	100.000	118	0	0	1	354	1	118	1.27e-43	141	99	33
transcript11223	PanBaRT20_chr2HG15095.10	100.000	122	0	0	1	366	1	122	6.60e-46	147	99	33
transcript11224	PanBaRT20_chr2HG15095.3	100.000	124	0	0	1	372	1	124	3.54e-47	150	99	33
transcript11224	PanBaRT20_chr2HG15095.22	100.000	124	0	0	1	372	1	124	3.54e-47	150	99	33
transcript11224	PanBaRT20_chr2HG15095.11	100.000	124	0	0	1	372	1	124	3.54e-47	150	99	33
transcript11225	PanBaRT20_chr2HG15095.8	100.000	101	0	0	1	303	1	101	1.80e-27	99.4	99	33
transcript11225	PanBaRT20_chr2HG15095.13	100.000	101	0	0	1	303	1	101	1.80e-27	99.4	99	33
transcript11246	PanBaRT20_chr2HG15161.1	100.000	74	0	0	1	222	1	74	1.33e-49	152	99	33
transcript11258	PanBaRT20_chr2HG15230.2	100.000	64	0	0	1	192	1	64	1.68e-40	129	98	33
transcript11258	PanBaRT20_chr2HG15230.1	100.000	64	0	0	1	192	1	64	1.68e-40	129	98	33
transcript11279	PanBaRT20_chr2HG15338.7	100.000	66	0	0	1	198	1	66	3.72e-41	131	99	33
transcript11279	PanBaRT20_chr2HG15338.6	100.000	66	0	0	1	198	1	66	3.72e-41	131	99	33
transcript11280	PanBaRT20_chr2HG15338.9	100.000	91	0	0	1	273	1	91	4.28e-62	186	99	33
transcript11280	PanBaRT20_chr2HG15338.8	100.000	91	0	0	1	273	1	91	4.28e-62	186	99	33
transcript11280	PanBaRT20_chr2HG15338.13	100.000	91	0	0	1	273	1	91	4.28e-62	186	99	33
transcript11281	PanBaRT20_chr2HG15338.9	97.561	82	2	0	1	246	10	91	1.65e-54	166	99	33
transcript11281	PanBaRT20_chr2HG15338.8	97.561	82	2	0	1	246	10	91	1.65e-54	166	99	33
transcript11281	PanBaRT20_chr2HG15338.13	97.561	82	2	0	1	246	10	91	1.65e-54	166	99	33
transcript11433	PanBaRT20_chr2HG15705.5	97.368	114	3	0	1	342	1	114	2.03e-39	130	99	33
transcript11433	PanBaRT20_chr2HG15705.1	97.368	114	3	0	1	342	1	114	2.03e-39	130	99	33
transcript11433	PanBaRT20_chr2HG15705.3	96.491	114	4	0	1	342	1	114	2.39e-39	130	99	33
transcript11489	PanBaRT20_chr2HG15780.1	96.364	165	6	0	1	495	1	165	1.02e-117	332	99	33
transcript11531	PanBaRT20_chr2HG15873.2	100.000	148	0	0	1	444	1	148	6.02e-103	293	99	33
transcript11613	PanBaRT20_chr2HG15999.5	100.000	234	0	0	1	702	1	234	7.90e-162	449	99	33
transcript11613	PanBaRT20_chr2HG15999.4	100.000	234	0	0	1	702	1	234	7.90e-162	449	99	33
transcript11613	PanBaRT20_chr2HG15999.3	100.000	234	0	0	1	702	1	234	7.90e-162	449	99	33
transcript11613	PanBaRT20_chr2HG15999.2	100.000	234	0	0	1	702	1	234	7.90e-162	449	99	33
transcript11613	PanBaRT20_chr2HG15999.1	100.000	234	0	0	1	702	1	234	7.90e-162	449	99	33
transcript11613	PanBaRT20_chr7HG74379.1	95.652	138	6	0	16	429	210	347	4.88e-114	275	98	20
transcript11613	PanBaRT20_chr5HG47050.1	97.561	41	1	0	15	137	35	75	4.12e-105	83.2	98	6
transcript11633	PanBaRT20_chr2HG16033.2	100.000	100	0	0	1	300	1	100	9.97e-33	112	99	33
transcript11634	PanBaRT20_chr2HG16033.2	100.000	100	0	0	1	300	1	100	9.97e-33	112	99	33
transcript11635	PanBaRT20_chr2HG16033.2	100.000	100	0	0	1	300	1	100	9.97e-33	112	99	33
transcript11739	PanBaRT20_chr2HG16179.7	100.000	66	0	0	1	198	1	66	1.42e-29	102	99	33
transcript11739	PanBaRT20_chr2HG16179.6	100.000	66	0	0	1	198	1	66	1.42e-29	102	99	33
transcript11739	PanBaRT20_chr2HG16179.5	100.000	66	0	0	1	198	1	66	1.42e-29	102	99	33
transcript11739	PanBaRT20_chr2HG16179.38	100.000	66	0	0	1	198	1	66	1.42e-29	102	99	33
transcript11739	PanBaRT20_chr2HG16179.37	100.000	66	0	0	1	198	1	66	1.42e-29	102	99	33
transcript11739	PanBaRT20_chr2HG16179.31	100.000	66	0	0	1	198	1	66	1.42e-29	102	99	33
transcript11739	PanBaRT20_chr2HG16179.30	100.000	66	0	0	1	198	1	66	1.42e-29	102	99	33
transcript11739	PanBaRT20_chr2HG16179.29	100.000	66	0	0	1	198	1	66	1.42e-29	102	99	33
transcript11739	PanBaRT20_chr2HG16179.28	100.000	66	0	0	1	198	1	66	1.42e-29	102	99	33
transcript11739	PanBaRT20_chr2HG16179.27	100.000	66	0	0	1	198	1	66	1.42e-29	102	99	33
transcript11739	PanBaRT20_chr2HG16179.26	100.000	66	0	0	1	198	1	66	1.42e-29	102	99	33
transcript11739	PanBaRT20_chr2HG16179.25	100.000	66	0	0	1	198	1	66	1.42e-29	102	99	33
transcript11739	PanBaRT20_chr2HG16179.15	100.000	66	0	0	1	198	1	66	1.42e-29	102	99	33
transcript11739	PanBaRT20_chr2HG16179.12	100.000	66	0	0	1	198	1	66	1.42e-29	102	99	33
transcript11739	PanBaRT20_chr2HG16179.10	100.000	66	0	0	1	198	1	66	1.42e-29	102	99	33
transcript11793	PanBaRT20_chr2HG16266.4	100.000	78	0	0	1	234	1	78	8.01e-39	126	99	33
transcript11793	PanBaRT20_chr2HG16266.15	100.000	78	0	0	1	234	1	78	8.01e-39	126	99	33
transcript11793	PanBaRT20_chr2HG16266.13	100.000	54	0	0	1	162	1	54	5.26e-25	76.6	99	23
transcript11793	PanBaRT20_chr2HG16266.13	96.154	26	1	0	158	235	89	114	5.26e-25	57.0	99	11
transcript11793	PanBaRT20_chr2HG16266.29	96.154	26	1	0	158	235	75	100	8.36e-14	57.0	99	11
transcript11794	PanBaRT20_chr2HG16266.7	100.000	124	0	0	1	372	1	124	2.51e-88	254	99	33
transcript11794	PanBaRT20_chr2HG16266.14	100.000	124	0	0	1	372	1	124	2.51e-88	254	99	33
transcript11794	PanBaRT20_chr7HG72968.19	97.581	124	3	0	1	372	15	138	9.27e-86	250	99	33
transcript11794	PanBaRT20_chr7HG72968.11	97.581	124	3	0	1	372	15	138	9.27e-86	250	99	33
transcript11795	PanBaRT20_chr2HG16266.2	100.000	64	0	0	1	192	1	64	2.74e-27	95.9	98	33
transcript11795	PanBaRT20_chr2HG16266.17	100.000	64	0	0	1	192	1	64	2.74e-27	95.9	98	33
transcript11795	PanBaRT20_chr2HG16266.13	96.154	26	1	0	116	193	89	114	1.17e-13	57.0	99	13
transcript11795	PanBaRT20_chr2HG16266.29	96.154	26	1	0	116	193	75	100	3.37e-11	57.0	99	13
transcript11798	PanBaRT20_chr2HG16266.10	100.000	70	0	0	1	210	1	70	5.11e-21	80.5	99	33
transcript11871	PanBaRT20_chr2HG16368.4	100.000	119	0	0	1	357	1	119	1.85e-81	238	99	33
transcript11871	PanBaRT20_chr2HG16368.3	100.000	119	0	0	1	357	1	119	4.22e-81	237	99	33
transcript11871	PanBaRT20_chr2HG16368.2	100.000	119	0	0	1	357	1	119	4.48e-81	236	99	33
transcript11871	PanBaRT20_chr2HG16368.1	100.000	119	0	0	1	357	1	119	4.48e-81	236	99	33
transcript11871	PanBaRT20_chr2HG19135.1	97.479	119	3	0	1	357	1	119	7.99e-78	228	99	33
transcript11945	PanBaRT20_chr2HG16493.6	100.000	189	0	0	1	567	1	189	7.44e-139	387	99	33
transcript11945	PanBaRT20_chr2HG16493.5	100.000	189	0	0	1	567	1	189	7.44e-139	387	99	33
transcript11945	PanBaRT20_chr2HG16493.4	100.000	189	0	0	1	567	1	189	7.44e-139	387	99	33
transcript11945	PanBaRT20_chr2HG16493.3	100.000	189	0	0	1	567	1	189	7.44e-139	387	99	33
transcript11945	PanBaRT20_chr2HG16493.2	100.000	189	0	0	1	567	1	189	7.44e-139	387	99	33
transcript11945	PanBaRT20_chr2HG16493.1	100.000	189	0	0	1	567	1	189	7.44e-139	387	99	33
transcript11971	PanBaRT20_chr2HG16526.9	100.000	77	0	0	1	231	1	77	3.45e-40	129	99	33
transcript11971	PanBaRT20_chr2HG16526.8	100.000	77	0	0	1	231	1	77	3.45e-40	129	99	33
transcript11971	PanBaRT20_chr2HG16526.7	100.000	77	0	0	1	231	1	77	3.45e-40	129	99	33
transcript11971	PanBaRT20_chr2HG16526.6	100.000	77	0	0	1	231	1	77	3.45e-40	129	99	33
transcript11971	PanBaRT20_chr2HG16526.5	100.000	77	0	0	1	231	1	77	3.45e-40	129	99	33
transcript11971	PanBaRT20_chr2HG16526.4	100.000	77	0	0	1	231	1	77	3.45e-40	129	99	33
transcript11971	PanBaRT20_chr2HG16526.3	100.000	77	0	0	1	231	1	77	3.45e-40	129	99	33
transcript11971	PanBaRT20_chr2HG16526.2	100.000	77	0	0	1	231	1	77	3.45e-40	129	99	33
transcript11971	PanBaRT20_chr2HG16526.1	100.000	77	0	0	1	231	1	77	3.45e-40	129	99	33
transcript11972	PanBaRT20_chr2HG16526.9	100.000	77	0	0	1	231	1	77	3.45e-40	129	99	33
transcript11972	PanBaRT20_chr2HG16526.8	100.000	77	0	0	1	231	1	77	3.45e-40	129	99	33
transcript11972	PanBaRT20_chr2HG16526.7	100.000	77	0	0	1	231	1	77	3.45e-40	129	99	33
transcript11972	PanBaRT20_chr2HG16526.6	100.000	77	0	0	1	231	1	77	3.45e-40	129	99	33
transcript11972	PanBaRT20_chr2HG16526.5	100.000	77	0	0	1	231	1	77	3.45e-40	129	99	33
transcript11972	PanBaRT20_chr2HG16526.4	100.000	77	0	0	1	231	1	77	3.45e-40	129	99	33
transcript11972	PanBaRT20_chr2HG16526.3	100.000	77	0	0	1	231	1	77	3.45e-40	129	99	33
transcript11972	PanBaRT20_chr2HG16526.2	100.000	77	0	0	1	231	1	77	3.45e-40	129	99	33
transcript11972	PanBaRT20_chr2HG16526.1	100.000	77	0	0	1	231	1	77	3.45e-40	129	99	33
transcript11973	PanBaRT20_chr2HG16526.9	100.000	77	0	0	1	231	1	77	3.45e-40	129	99	33
transcript11973	PanBaRT20_chr2HG16526.8	100.000	77	0	0	1	231	1	77	3.45e-40	129	99	33
transcript11973	PanBaRT20_chr2HG16526.7	100.000	77	0	0	1	231	1	77	3.45e-40	129	99	33
transcript11973	PanBaRT20_chr2HG16526.6	100.000	77	0	0	1	231	1	77	3.45e-40	129	99	33
transcript11973	PanBaRT20_chr2HG16526.5	100.000	77	0	0	1	231	1	77	3.45e-40	129	99	33
transcript11973	PanBaRT20_chr2HG16526.4	100.000	77	0	0	1	231	1	77	3.45e-40	129	99	33
transcript11973	PanBaRT20_chr2HG16526.3	100.000	77	0	0	1	231	1	77	3.45e-40	129	99	33
transcript11973	PanBaRT20_chr2HG16526.2	100.000	77	0	0	1	231	1	77	3.45e-40	129	99	33
transcript11973	PanBaRT20_chr2HG16526.1	100.000	77	0	0	1	231	1	77	3.45e-40	129	99	33
transcript11974	PanBaRT20_chr2HG16526.9	100.000	77	0	0	1	231	1	77	3.45e-40	129	99	33
transcript11974	PanBaRT20_chr2HG16526.8	100.000	77	0	0	1	231	1	77	3.45e-40	129	99	33
transcript11974	PanBaRT20_chr2HG16526.7	100.000	77	0	0	1	231	1	77	3.45e-40	129	99	33
transcript11974	PanBaRT20_chr2HG16526.6	100.000	77	0	0	1	231	1	77	3.45e-40	129	99	33
transcript11974	PanBaRT20_chr2HG16526.5	100.000	77	0	0	1	231	1	77	3.45e-40	129	99	33
transcript11974	PanBaRT20_chr2HG16526.4	100.000	77	0	0	1	231	1	77	3.45e-40	129	99	33
transcript11974	PanBaRT20_chr2HG16526.3	100.000	77	0	0	1	231	1	77	3.45e-40	129	99	33
transcript11974	PanBaRT20_chr2HG16526.2	100.000	77	0	0	1	231	1	77	3.45e-40	129	99	33
transcript11974	PanBaRT20_chr2HG16526.1	100.000	77	0	0	1	231	1	77	3.45e-40	129	99	33
transcript11975	PanBaRT20_chr2HG16526.9	100.000	77	0	0	1	231	1	77	3.45e-40	129	99	33
transcript11975	PanBaRT20_chr2HG16526.8	100.000	77	0	0	1	231	1	77	3.45e-40	129	99	33
transcript11975	PanBaRT20_chr2HG16526.7	100.000	77	0	0	1	231	1	77	3.45e-40	129	99	33
transcript11975	PanBaRT20_chr2HG16526.6	100.000	77	0	0	1	231	1	77	3.45e-40	129	99	33
transcript11975	PanBaRT20_chr2HG16526.5	100.000	77	0	0	1	231	1	77	3.45e-40	129	99	33
transcript11975	PanBaRT20_chr2HG16526.4	100.000	77	0	0	1	231	1	77	3.45e-40	129	99	33
transcript11975	PanBaRT20_chr2HG16526.3	100.000	77	0	0	1	231	1	77	3.45e-40	129	99	33
transcript11975	PanBaRT20_chr2HG16526.2	100.000	77	0	0	1	231	1	77	3.45e-40	129	99	33
transcript11975	PanBaRT20_chr2HG16526.1	100.000	77	0	0	1	231	1	77	3.45e-40	129	99	33
transcript11976	PanBaRT20_chr2HG16526.9	100.000	77	0	0	1	231	1	77	3.45e-40	129	99	33
transcript11976	PanBaRT20_chr2HG16526.8	100.000	77	0	0	1	231	1	77	3.45e-40	129	99	33
transcript11976	PanBaRT20_chr2HG16526.7	100.000	77	0	0	1	231	1	77	3.45e-40	129	99	33
transcript11976	PanBaRT20_chr2HG16526.6	100.000	77	0	0	1	231	1	77	3.45e-40	129	99	33
transcript11976	PanBaRT20_chr2HG16526.5	100.000	77	0	0	1	231	1	77	3.45e-40	129	99	33
transcript11976	PanBaRT20_chr2HG16526.4	100.000	77	0	0	1	231	1	77	3.45e-40	129	99	33
transcript11976	PanBaRT20_chr2HG16526.3	100.000	77	0	0	1	231	1	77	3.45e-40	129	99	33
transcript11976	PanBaRT20_chr2HG16526.2	100.000	77	0	0	1	231	1	77	3.45e-40	129	99	33
transcript11976	PanBaRT20_chr2HG16526.1	100.000	77	0	0	1	231	1	77	3.45e-40	129	99	33
transcript11977	PanBaRT20_chr2HG16526.9	100.000	77	0	0	1	231	1	77	3.45e-40	129	99	33
transcript11977	PanBaRT20_chr2HG16526.8	100.000	77	0	0	1	231	1	77	3.45e-40	129	99	33
transcript11977	PanBaRT20_chr2HG16526.7	100.000	77	0	0	1	231	1	77	3.45e-40	129	99	33
transcript11977	PanBaRT20_chr2HG16526.6	100.000	77	0	0	1	231	1	77	3.45e-40	129	99	33
transcript11977	PanBaRT20_chr2HG16526.5	100.000	77	0	0	1	231	1	77	3.45e-40	129	99	33
transcript11977	PanBaRT20_chr2HG16526.4	100.000	77	0	0	1	231	1	77	3.45e-40	129	99	33
transcript11977	PanBaRT20_chr2HG16526.3	100.000	77	0	0	1	231	1	77	3.45e-40	129	99	33
transcript11977	PanBaRT20_chr2HG16526.2	100.000	77	0	0	1	231	1	77	3.45e-40	129	99	33
transcript11977	PanBaRT20_chr2HG16526.1	100.000	77	0	0	1	231	1	77	3.45e-40	129	99	33
transcript11978	PanBaRT20_chr2HG16526.9	100.000	77	0	0	1	231	1	77	3.45e-40	129	99	33
transcript11978	PanBaRT20_chr2HG16526.8	100.000	77	0	0	1	231	1	77	3.45e-40	129	99	33
transcript11978	PanBaRT20_chr2HG16526.7	100.000	77	0	0	1	231	1	77	3.45e-40	129	99	33
transcript11978	PanBaRT20_chr2HG16526.6	100.000	77	0	0	1	231	1	77	3.45e-40	129	99	33
transcript11978	PanBaRT20_chr2HG16526.5	100.000	77	0	0	1	231	1	77	3.45e-40	129	99	33
transcript11978	PanBaRT20_chr2HG16526.4	100.000	77	0	0	1	231	1	77	3.45e-40	129	99	33
transcript11978	PanBaRT20_chr2HG16526.3	100.000	77	0	0	1	231	1	77	3.45e-40	129	99	33
transcript11978	PanBaRT20_chr2HG16526.2	100.000	77	0	0	1	231	1	77	3.45e-40	129	99	33
transcript11978	PanBaRT20_chr2HG16526.1	100.000	77	0	0	1	231	1	77	3.45e-40	129	99	33
transcript12005	PanBaRT20_chr2HG16551.1	100.000	124	0	0	1	372	1	124	3.68e-74	219	99	33
transcript12143	PanBaRT20_chr2HG16773.1	100.000	202	0	0	1	606	1	202	1.63e-117	337	100	33
transcript12307	PanBaRT20_chr2HG16862.2	100.000	100	0	0	1	300	1	100	7.05e-31	107	99	33
transcript12307	PanBaRT20_chr2HG16862.1	100.000	100	0	0	1	300	1	100	7.05e-31	107	99	33
transcript12308	PanBaRT20_chr2HG16862.2	100.000	100	0	0	1	300	1	100	7.05e-31	107	99	33
transcript12308	PanBaRT20_chr2HG16862.1	100.000	100	0	0	1	300	1	100	7.05e-31	107	99	33
transcript12376	PanBaRT20_chr3HG31837.1	96.835	316	10	0	1	948	382	697	0.0	596	99	32
transcript12376	PanBaRT20_chr3HG31835.4	96.835	316	10	0	1	948	382	697	0.0	594	99	32
transcript12376	PanBaRT20_chr1HG09623.1	96.835	316	10	0	1	948	675	990	0.0	594	99	32
transcript12376	PanBaRT20_chr6HG56650.1	96.519	316	11	0	1	948	382	697	0.0	593	99	32
transcript12376	PanBaRT20_chr7HG76812.1	96.519	316	11	0	1	948	174	489	0.0	593	99	32
transcript12376	PanBaRT20_chr6HG61643.17	96.519	316	11	0	1	948	1	316	0.0	592	99	32
transcript12376	PanBaRT20_chr2HG13147.1	96.519	316	11	0	1	948	597	912	0.0	592	99	32
transcript12376	PanBaRT20_chr7HG77247.7	96.203	316	12	0	1	948	984	1299	0.0	592	99	32
transcript12376	PanBaRT20_chr7HG77247.4	96.203	316	12	0	1	948	984	1299	0.0	592	99	32
transcript12376	PanBaRT20_chr7HG77247.14	96.203	316	12	0	1	948	984	1299	0.0	592	99	32
transcript12376	PanBaRT20_chr7HG75645.1	96.203	316	12	0	1	948	459	774	0.0	592	99	32
transcript12376	PanBaRT20_chr4HG37167.1	95.886	316	13	0	1	948	890	1205	0.0	590	99	32
transcript12376	PanBaRT20_chr3HG31394.1	96.203	316	12	0	1	948	454	769	0.0	588	99	32
transcript12376	PanBaRT20_chr6HG65550.2	95.570	316	14	0	1	948	984	1299	0.0	585	99	32
transcript12376	PanBaRT20_chr6HG57945.1	95.238	315	15	0	4	948	383	697	0.0	578	99	32
transcript12425	PanBaRT20_chr2HG17149.7	100.000	121	0	0	1	363	1	121	1.12e-68	204	99	33
transcript12425	PanBaRT20_chr2HG17149.5	100.000	121	0	0	1	363	1	121	1.12e-68	204	99	33
transcript12425	PanBaRT20_chr2HG17149.4	100.000	121	0	0	1	363	1	121	1.12e-68	204	99	33
transcript12425	PanBaRT20_chr2HG17149.3	100.000	121	0	0	1	363	1	121	1.12e-68	204	99	33
transcript12425	PanBaRT20_chr2HG17149.6	100.000	121	0	0	1	363	1	121	3.05e-68	204	99	33
transcript12425	PanBaRT20_chr2HG17149.2	100.000	121	0	0	1	363	1	121	3.05e-68	204	99	33
transcript12425	PanBaRT20_chr2HG17149.1	100.000	121	0	0	1	363	1	121	3.05e-68	204	99	33
transcript12426	PanBaRT20_chr2HG17149.7	100.000	121	0	0	1	363	1	121	1.12e-68	204	99	33
transcript12426	PanBaRT20_chr2HG17149.5	100.000	121	0	0	1	363	1	121	1.12e-68	204	99	33
transcript12426	PanBaRT20_chr2HG17149.4	100.000	121	0	0	1	363	1	121	1.12e-68	204	99	33
transcript12426	PanBaRT20_chr2HG17149.3	100.000	121	0	0	1	363	1	121	1.12e-68	204	99	33
transcript12426	PanBaRT20_chr2HG17149.6	100.000	121	0	0	1	363	1	121	3.05e-68	204	99	33
transcript12426	PanBaRT20_chr2HG17149.2	100.000	121	0	0	1	363	1	121	3.05e-68	204	99	33
transcript12426	PanBaRT20_chr2HG17149.1	100.000	121	0	0	1	363	1	121	3.05e-68	204	99	33
transcript12443	PanBaRT20_chr2HG17185.1	98.058	206	4	0	1	618	1	206	1.62e-133	375	99	33
transcript12450	PanBaRT20_chr2HG17204.5	98.649	74	1	0	1	222	66	139	2.01e-36	122	99	33
transcript12540	PanBaRT20_chr2HG17331.47	100.000	244	0	0	1	732	1	244	1.29e-111	328	99	24
transcript12540	PanBaRT20_chr2HG17331.31	100.000	244	0	0	1	732	1	244	1.29e-111	328	99	24
transcript12540	PanBaRT20_chr2HG17331.30	100.000	244	0	0	1	732	1	244	1.29e-111	328	99	24
transcript12540	PanBaRT20_chr2HG17331.25	100.000	244	0	0	1	732	1	244	1.29e-111	328	99	24
transcript12641	PanBaRT20_chr2HG17439.43	100.000	99	0	0	1	297	1	99	2.10e-71	210	99	33
transcript12641	PanBaRT20_chr2HG17439.9	100.000	99	0	0	1	297	1	99	2.20e-71	210	99	33
transcript12641	PanBaRT20_chr2HG17439.7	100.000	99	0	0	1	297	1	99	2.20e-71	210	99	33
transcript12641	PanBaRT20_chr2HG17439.28	100.000	99	0	0	1	297	1	99	2.20e-71	210	99	33
transcript12641	PanBaRT20_chr2HG17439.23	100.000	99	0	0	1	297	1	99	2.20e-71	210	99	33
transcript12641	PanBaRT20_chr2HG17439.21	100.000	99	0	0	1	297	1	99	2.20e-71	210	99	33
transcript12641	PanBaRT20_chr2HG17439.19	100.000	99	0	0	1	297	1	99	2.20e-71	210	99	33
transcript12641	PanBaRT20_chr2HG17439.17	100.000	99	0	0	1	297	1	99	2.20e-71	210	99	33
transcript12641	PanBaRT20_chr2HG17439.6	100.000	99	0	0	1	297	1	99	2.48e-71	209	99	33
transcript12641	PanBaRT20_chr2HG17439.5	100.000	99	0	0	1	297	1	99	2.48e-71	209	99	33
transcript12641	PanBaRT20_chr2HG17439.34	100.000	99	0	0	1	297	1	99	2.48e-71	209	99	33
transcript12641	PanBaRT20_chr2HG17439.31	100.000	99	0	0	1	297	1	99	2.48e-71	209	99	33
transcript12641	PanBaRT20_chr2HG17439.3	100.000	99	0	0	1	297	1	99	2.48e-71	209	99	33
transcript12641	PanBaRT20_chr2HG17439.29	100.000	99	0	0	1	297	1	99	2.48e-71	209	99	33
transcript12641	PanBaRT20_chr2HG17439.26	100.000	99	0	0	1	297	1	99	2.48e-71	209	99	33
transcript12641	PanBaRT20_chr2HG17439.25	100.000	99	0	0	1	297	1	99	2.48e-71	209	99	33
transcript12641	PanBaRT20_chr2HG17439.24	100.000	99	0	0	1	297	1	99	2.48e-71	209	99	33
transcript12641	PanBaRT20_chr2HG17439.20	100.000	99	0	0	1	297	1	99	2.48e-71	209	99	33
transcript12641	PanBaRT20_chr2HG17439.18	100.000	99	0	0	1	297	1	99	2.48e-71	209	99	33
transcript12641	PanBaRT20_chr2HG17439.16	100.000	99	0	0	1	297	1	99	2.48e-71	209	99	33
transcript12641	PanBaRT20_chr2HG17439.13	100.000	99	0	0	1	297	1	99	2.48e-71	209	99	33
transcript12641	PanBaRT20_chr2HG17439.10	100.000	99	0	0	1	297	1	99	2.48e-71	209	99	33
transcript12985	PanBaRT20_chr2HG17856.7	100.000	148	0	0	1	444	1	148	5.39e-53	167	99	33
transcript12985	PanBaRT20_chr2HG17856.6	100.000	148	0	0	1	444	1	148	5.39e-53	167	99	33
transcript12985	PanBaRT20_chr2HG17856.5	100.000	148	0	0	1	444	1	148	5.39e-53	167	99	33
transcript12985	PanBaRT20_chr2HG17856.4	100.000	148	0	0	1	444	1	148	5.39e-53	167	99	33
transcript12985	PanBaRT20_chr2HG17856.35	100.000	148	0	0	1	444	1	148	5.39e-53	167	99	33
transcript12985	PanBaRT20_chr2HG17856.33	100.000	148	0	0	1	444	1	148	5.39e-53	167	99	33
transcript12985	PanBaRT20_chr2HG17856.30	100.000	148	0	0	1	444	1	148	5.39e-53	167	99	33
transcript12985	PanBaRT20_chr2HG17856.3	100.000	148	0	0	1	444	1	148	5.39e-53	167	99	33
transcript12985	PanBaRT20_chr2HG17856.29	100.000	148	0	0	1	444	1	148	5.39e-53	167	99	33
transcript12985	PanBaRT20_chr2HG17856.27	100.000	148	0	0	1	444	1	148	5.39e-53	167	99	33
transcript12985	PanBaRT20_chr2HG17856.25	100.000	148	0	0	1	444	1	148	5.39e-53	167	99	33
transcript12985	PanBaRT20_chr2HG17856.24	100.000	148	0	0	1	444	1	148	5.39e-53	167	99	33
transcript12985	PanBaRT20_chr2HG17856.2	100.000	148	0	0	1	444	1	148	5.39e-53	167	99	33
transcript12985	PanBaRT20_chr2HG17856.19	100.000	148	0	0	1	444	1	148	5.39e-53	167	99	33
transcript12985	PanBaRT20_chr2HG17856.18	100.000	148	0	0	1	444	1	148	5.39e-53	167	99	33
transcript12985	PanBaRT20_chr2HG17856.10	100.000	148	0	0	1	444	1	148	5.39e-53	167	99	33
transcript12985	PanBaRT20_chr2HG17856.1	100.000	148	0	0	1	444	1	148	5.39e-53	167	99	33
transcript13037	PanBaRT20_chr2HG17918.3	100.000	106	0	0	1	318	66	171	7.71e-46	148	99	33
transcript13037	PanBaRT20_chr2HG17918.2	100.000	106	0	0	1	318	66	171	7.71e-46	148	99	33
transcript13038	PanBaRT20_chr2HG17918.5	100.000	184	0	0	1	552	1	184	1.74e-110	315	99	33
transcript13038	PanBaRT20_chr2HG17918.1	100.000	184	0	0	1	552	1	184	1.74e-110	315	99	33
transcript13742	PanBaRT20_chr2HG18785.1	97.196	214	6	0	1	642	1	214	7.84e-142	397	99	33
transcript13943	PanBaRT20_chr2HG19065.5	98.876	89	1	0	1	267	1	89	4.92e-56	123	99	18
transcript13943	PanBaRT20_chr2HG19065.5	100.000	74	0	0	266	487	97	170	4.92e-56	115	99	15
transcript13944	PanBaRT20_chr2HG19065.5	98.876	89	1	0	1	267	1	89	4.92e-56	123	99	18
transcript13944	PanBaRT20_chr2HG19065.5	100.000	74	0	0	266	487	97	170	4.92e-56	115	99	15
transcript14559	PanBaRT20_chr2HG19830.1	97.826	92	2	0	1	276	1	92	7.22e-62	185	99	33
transcript15894	PanBaRT20_chr2HG21358.8	98.633	439	6	0	1	1317	1	439	0.0	729	99	33
transcript15894	PanBaRT20_chr2HG21358.5	98.633	439	6	0	1	1317	1	439	0.0	729	99	33
transcript15894	PanBaRT20_chr2HG21358.7	96.222	450	6	1	1	1317	1	450	0.0	718	99	33
transcript15894	PanBaRT20_chr2HG21358.2	96.222	450	6	1	1	1317	1	450	0.0	718	99	33
transcript15894	PanBaRT20_chr1HG01419.1	97.722	439	10	0	1	1317	1	439	0.0	707	99	33
transcript15894	PanBaRT20_chr1HG08207.5	97.267	439	12	0	1	1317	1	439	0.0	704	99	33
transcript15894	PanBaRT20_chr1HG08207.2	97.267	439	12	0	1	1317	1	439	0.0	704	99	33
transcript15894	PanBaRT20_chr4HG34227.1	97.494	439	11	0	1	1317	1	439	0.0	702	99	33
transcript15894	PanBaRT20_chr4HG34430.7	97.494	439	11	0	1	1317	1	439	0.0	701	99	33
transcript15894	PanBaRT20_chr4HG34430.5	97.494	439	11	0	1	1317	1	439	0.0	701	99	33
transcript15894	PanBaRT20_chr1HG01419.2	97.494	439	10	1	1	1317	1	438	0.0	701	99	33
transcript15894	PanBaRT20_chr2HG10971.4	97.500	440	10	1	1	1317	1	440	0.0	699	99	33
transcript15894	PanBaRT20_chr2HG10971.1	97.500	440	10	1	1	1317	1	440	0.0	699	99	33
transcript15894	PanBaRT20_chr1HG08207.4	97.039	439	12	1	1	1317	1	438	0.0	697	99	33
transcript15894	PanBaRT20_chr4HG34227.3	97.267	439	11	1	1	1317	1	438	0.0	696	99	33
transcript15894	PanBaRT20_chr4HG34227.2	97.267	439	11	1	1	1317	1	438	0.0	696	99	33
transcript15894	PanBaRT20_chr4HG34430.6	97.267	439	11	1	1	1317	1	438	0.0	694	99	33
transcript15894	PanBaRT20_chr4HG34430.4	97.267	439	11	1	1	1317	1	438	0.0	694	99	33
transcript15894	PanBaRT20_chr4HG34430.3	97.267	439	11	1	1	1317	1	438	0.0	694	99	33
transcript15894	PanBaRT20_chr2HG10971.2	96.188	446	10	2	1	1317	1	446	0.0	693	99	33
transcript15894	PanBaRT20_chr7HG67351.1	96.583	439	14	1	1	1317	1	438	0.0	691	99	33
transcript15894	PanBaRT20_chr4HG34430.2	96.811	439	11	1	1	1317	1	436	0.0	689	99	33
transcript15894	PanBaRT20_chr7HG67351.2	95.281	445	14	2	1	1317	1	444	0.0	686	99	33
transcript16102	PanBaRT20_chr2HG21601.21	97.701	87	2	0	1	261	1	87	1.10e-36	121	99	33
transcript17469	PanBaRT20_chr3HG23283.3	100.000	76	0	0	1	228	1	76	1.44e-48	150	99	33
transcript17469	PanBaRT20_chr3HG23283.1	100.000	76	0	0	1	228	1	76	1.44e-48	150	99	33
transcript17470	PanBaRT20_chr3HG23283.3	100.000	76	0	0	1	228	1	76	1.44e-48	150	99	33
transcript17470	PanBaRT20_chr3HG23283.1	100.000	76	0	0	1	228	1	76	1.44e-48	150	99	33
transcript17878	PanBaRT20_chr3HG23698.4	96.341	82	3	0	7	252	80	161	6.47e-54	167	96	32
transcript18168	PanBaRT20_chr3HG24033.8	100.000	65	0	0	1	195	1	65	4.45e-23	85.5	98	33
transcript18168	PanBaRT20_chr3HG24033.5	100.000	65	0	0	1	195	1	65	4.45e-23	85.5	98	33
transcript18168	PanBaRT20_chr3HG24033.4	100.000	65	0	0	1	195	1	65	4.45e-23	85.5	98	33
transcript18168	PanBaRT20_chr3HG24033.3	100.000	65	0	0	1	195	1	65	4.45e-23	85.5	98	33
transcript18168	PanBaRT20_chr3HG24033.26	100.000	65	0	0	1	195	1	65	4.45e-23	85.5	98	33
transcript18168	PanBaRT20_chr3HG24033.24	100.000	65	0	0	1	195	1	65	4.45e-23	85.5	98	33
transcript18168	PanBaRT20_chr3HG24033.23	100.000	65	0	0	1	195	1	65	4.45e-23	85.5	98	33
transcript18168	PanBaRT20_chr3HG24033.22	100.000	65	0	0	1	195	1	65	4.45e-23	85.5	98	33
transcript18168	PanBaRT20_chr3HG24033.2	100.000	65	0	0	1	195	1	65	4.45e-23	85.5	98	33
transcript18168	PanBaRT20_chr3HG24033.19	100.000	65	0	0	1	195	1	65	4.45e-23	85.5	98	33
transcript18168	PanBaRT20_chr3HG24033.18	100.000	65	0	0	1	195	1	65	4.45e-23	85.5	98	33
transcript18168	PanBaRT20_chr3HG24033.17	100.000	65	0	0	1	195	1	65	4.45e-23	85.5	98	33
transcript18168	PanBaRT20_chr3HG24033.16	100.000	65	0	0	1	195	1	65	4.45e-23	85.5	98	33
transcript18168	PanBaRT20_chr3HG24033.15	100.000	65	0	0	1	195	1	65	4.45e-23	85.5	98	33
transcript18168	PanBaRT20_chr3HG24033.14	100.000	65	0	0	1	195	1	65	4.45e-23	85.5	98	33
transcript18168	PanBaRT20_chr3HG24033.11	100.000	65	0	0	1	195	1	65	4.45e-23	85.5	98	33
transcript18168	PanBaRT20_chr3HG24033.10	100.000	65	0	0	1	195	1	65	4.45e-23	85.5	98	33
transcript18268	PanBaRT20_chr3HG24150.7	100.000	81	0	0	1	243	1	81	7.60e-53	161	99	33
transcript18268	PanBaRT20_chr3HG24150.6	100.000	81	0	0	1	243	1	81	7.60e-53	161	99	33
transcript18268	PanBaRT20_chr3HG24150.4	100.000	81	0	0	1	243	1	81	7.60e-53	161	99	33
transcript18268	PanBaRT20_chr3HG24150.2	100.000	81	0	0	1	243	1	81	7.60e-53	161	99	33
transcript18554	PanBaRT20_chr3HG24477.7	100.000	184	0	0	1	552	1	184	2.32e-77	231	99	33
transcript18554	PanBaRT20_chr3HG24477.15	100.000	184	0	0	1	552	1	184	2.32e-77	231	99	33
transcript18554	PanBaRT20_chr3HG24477.8	98.907	183	2	0	1	549	1	183	3.34e-75	227	99	33
transcript18554	PanBaRT20_chr3HG24477.2	98.907	183	2	0	1	549	1	183	3.34e-75	227	99	33
transcript18554	PanBaRT20_chr3HG24477.33	98.907	183	2	0	1	549	1	183	3.90e-75	226	99	33
transcript18554	PanBaRT20_chr3HG24477.22	98.907	183	2	0	1	549	1	183	4.49e-75	226	99	33
transcript18554	PanBaRT20_chr3HG24477.20	98.907	183	2	0	1	549	1	183	5.71e-75	226	99	33
transcript18554	PanBaRT20_chr3HG24477.10	98.907	183	2	0	1	549	1	183	5.71e-75	226	99	33
transcript18645	PanBaRT20_chr3HG24595.9	100.000	137	0	0	1	411	1	137	1.64e-69	208	99	33
transcript18645	PanBaRT20_chr3HG24595.8	100.000	137	0	0	1	411	1	137	1.64e-69	208	99	33
transcript18645	PanBaRT20_chr3HG24595.7	100.000	137	0	0	1	411	1	137	1.64e-69	208	99	33
transcript18645	PanBaRT20_chr3HG24595.6	100.000	137	0	0	1	411	1	137	1.64e-69	208	99	33
transcript18645	PanBaRT20_chr3HG24595.5	100.000	137	0	0	1	411	1	137	1.64e-69	208	99	33
transcript18645	PanBaRT20_chr3HG24595.4	100.000	137	0	0	1	411	1	137	1.64e-69	208	99	33
transcript18645	PanBaRT20_chr3HG24595.36	100.000	137	0	0	1	411	1	137	1.64e-69	208	99	33
transcript18645	PanBaRT20_chr3HG24595.35	100.000	137	0	0	1	411	1	137	1.64e-69	208	99	33
transcript18645	PanBaRT20_chr3HG24595.34	100.000	137	0	0	1	411	1	137	1.64e-69	208	99	33
transcript18645	PanBaRT20_chr3HG24595.33	100.000	137	0	0	1	411	1	137	1.64e-69	208	99	33
transcript18645	PanBaRT20_chr3HG24595.32	100.000	137	0	0	1	411	1	137	1.64e-69	208	99	33
transcript18645	PanBaRT20_chr3HG24595.31	100.000	137	0	0	1	411	1	137	1.64e-69	208	99	33
transcript18645	PanBaRT20_chr3HG24595.30	100.000	137	0	0	1	411	1	137	1.64e-69	208	99	33
transcript18645	PanBaRT20_chr3HG24595.3	100.000	137	0	0	1	411	1	137	1.64e-69	208	99	33
transcript18645	PanBaRT20_chr3HG24595.29	100.000	137	0	0	1	411	1	137	1.64e-69	208	99	33
transcript18645	PanBaRT20_chr3HG24595.28	100.000	137	0	0	1	411	1	137	1.64e-69	208	99	33
transcript18645	PanBaRT20_chr3HG24595.27	100.000	137	0	0	1	411	1	137	1.64e-69	208	99	33
transcript18645	PanBaRT20_chr3HG24595.26	100.000	137	0	0	1	411	1	137	1.64e-69	208	99	33
transcript18645	PanBaRT20_chr3HG24595.25	100.000	137	0	0	1	411	1	137	1.64e-69	208	99	33
transcript18645	PanBaRT20_chr3HG24595.24	100.000	137	0	0	1	411	1	137	1.64e-69	208	99	33
transcript18645	PanBaRT20_chr3HG24595.23	100.000	137	0	0	1	411	1	137	1.64e-69	208	99	33
transcript18645	PanBaRT20_chr3HG24595.22	100.000	137	0	0	1	411	1	137	1.64e-69	208	99	33
transcript18645	PanBaRT20_chr3HG24595.21	100.000	137	0	0	1	411	1	137	1.64e-69	208	99	33
transcript18645	PanBaRT20_chr3HG24595.20	100.000	137	0	0	1	411	1	137	1.64e-69	208	99	33
transcript18645	PanBaRT20_chr3HG24595.2	100.000	137	0	0	1	411	1	137	1.64e-69	208	99	33
transcript18645	PanBaRT20_chr3HG24595.19	100.000	137	0	0	1	411	1	137	1.64e-69	208	99	33
transcript18645	PanBaRT20_chr3HG24595.18	100.000	137	0	0	1	411	1	137	1.64e-69	208	99	33
transcript18645	PanBaRT20_chr3HG24595.17	100.000	137	0	0	1	411	1	137	1.64e-69	208	99	33
transcript18645	PanBaRT20_chr3HG24595.16	100.000	137	0	0	1	411	1	137	1.64e-69	208	99	33
transcript18645	PanBaRT20_chr3HG24595.15	100.000	137	0	0	1	411	1	137	1.64e-69	208	99	33
transcript18645	PanBaRT20_chr3HG24595.14	100.000	137	0	0	1	411	1	137	1.64e-69	208	99	33
transcript18645	PanBaRT20_chr3HG24595.13	100.000	137	0	0	1	411	1	137	1.64e-69	208	99	33
transcript18645	PanBaRT20_chr3HG24595.12	100.000	137	0	0	1	411	1	137	1.64e-69	208	99	33
transcript18645	PanBaRT20_chr3HG24595.11	100.000	137	0	0	1	411	1	137	1.64e-69	208	99	33
transcript18645	PanBaRT20_chr3HG24595.10	100.000	137	0	0	1	411	1	137	1.64e-69	208	99	33
transcript18645	PanBaRT20_chr3HG24595.1	100.000	137	0	0	1	411	1	137	1.64e-69	208	99	33
transcript18731	PanBaRT20_chr3HG24700.50	100.000	118	0	0	1	354	1	118	7.97e-84	243	99	33
transcript18731	PanBaRT20_chr3HG24700.48	100.000	118	0	0	1	354	67	184	1.15e-83	244	99	33
transcript18731	PanBaRT20_chr3HG24700.47	100.000	118	0	0	1	354	153	270	6.30e-83	246	99	33
transcript18731	PanBaRT20_chr3HG24700.46	100.000	118	0	0	1	354	168	285	1.02e-82	246	99	33
transcript18731	PanBaRT20_chr3HG24700.44	100.000	118	0	0	1	354	235	352	1.27e-81	245	99	33
transcript18731	PanBaRT20_chr3HG24700.45	100.000	118	0	0	1	354	234	351	1.56e-81	245	99	33
transcript18731	PanBaRT20_chr3HG24700.43	100.000	118	0	0	1	354	386	503	6.03e-80	246	99	33
transcript18731	PanBaRT20_chr3HG24700.42	100.000	118	0	0	1	354	407	524	1.20e-79	245	99	33
transcript18731	PanBaRT20_chr3HG24700.23	100.000	118	0	0	1	354	872	989	5.16e-77	247	99	33
transcript18731	PanBaRT20_chr3HG24700.8	100.000	118	0	0	1	354	880	997	5.22e-77	248	99	33
transcript18731	PanBaRT20_chr3HG24700.1	100.000	118	0	0	1	354	880	997	5.22e-77	248	99	33
transcript18731	PanBaRT20_chr3HG24700.7	100.000	118	0	0	1	354	879	996	5.28e-77	247	99	33
transcript18731	PanBaRT20_chr3HG24700.6	100.000	118	0	0	1	354	879	996	5.28e-77	247	99	33
transcript18731	PanBaRT20_chr3HG24700.5	100.000	118	0	0	1	354	879	996	5.28e-77	247	99	33
transcript18731	PanBaRT20_chr3HG24700.4	100.000	118	0	0	1	354	879	996	5.28e-77	247	99	33
transcript18731	PanBaRT20_chr3HG24700.2	100.000	118	0	0	1	354	879	996	5.28e-77	247	99	33
transcript18731	PanBaRT20_chr3HG24700.27	100.000	118	0	0	1	354	876	993	5.75e-77	247	99	33
transcript18731	PanBaRT20_chr3HG24700.18	100.000	118	0	0	1	354	868	985	6.75e-77	247	99	33
transcript18892	PanBaRT20_chr3HG24897.7	100.000	696	0	0	1	2088	1	696	0.0	1455	99	33
transcript18892	PanBaRT20_chr3HG24897.3	100.000	696	0	0	1	2088	1	696	0.0	1455	99	33
transcript18892	PanBaRT20_chr3HG24897.13	100.000	696	0	0	1	2088	1	696	0.0	1455	99	33
transcript18892	PanBaRT20_chr3HG24897.11	100.000	696	0	0	1	2088	1	696	0.0	1455	99	33
transcript18892	PanBaRT20_chr3HG24897.9	98.563	696	0	1	1	2088	1	686	0.0	1423	99	33
transcript18892	PanBaRT20_chr3HG24897.12	96.552	696	0	1	1	2088	1	672	0.0	1391	99	33
transcript18898	PanBaRT20_chr3HG24903.5	99.123	114	1	0	1	342	1	114	1.10e-73	217	99	33
transcript18898	PanBaRT20_chr3HG24903.3	99.123	114	1	0	1	342	1	114	1.10e-73	217	99	33
transcript18898	PanBaRT20_chr3HG24903.1	97.368	114	1	1	1	342	1	112	1.96e-70	209	99	33
transcript18900	PanBaRT20_chr3HG24903.5	99.123	114	1	0	1	342	1	114	1.10e-73	217	99	33
transcript18900	PanBaRT20_chr3HG24903.3	99.123	114	1	0	1	342	1	114	1.10e-73	217	99	33
transcript18900	PanBaRT20_chr3HG24903.1	97.368	114	1	1	1	342	1	112	1.96e-70	209	99	33
transcript18937	PanBaRT20_chr3HG24963.8	100.000	100	0	0	1	300	54	153	1.90e-56	174	99	33
transcript18937	PanBaRT20_chr3HG24963.7	100.000	100	0	0	1	300	54	153	1.90e-56	174	99	33
transcript18937	PanBaRT20_chr3HG24963.6	100.000	100	0	0	1	300	54	153	1.90e-56	174	99	33
transcript18937	PanBaRT20_chr3HG24963.5	100.000	100	0	0	1	300	54	153	1.90e-56	174	99	33
transcript18937	PanBaRT20_chr3HG24963.4	100.000	100	0	0	1	300	54	153	1.90e-56	174	99	33
transcript18937	PanBaRT20_chr3HG24963.13	100.000	100	0	0	1	300	54	153	1.90e-56	174	99	33
transcript18937	PanBaRT20_chr3HG24963.12	100.000	100	0	0	1	300	54	153	1.90e-56	174	99	33
transcript18950	PanBaRT20_chr3HG24978.1	100.000	158	0	0	1	474	1	158	1.82e-83	245	99	33
transcript18951	PanBaRT20_chr3HG24978.1	100.000	158	0	0	1	474	1	158	1.82e-83	245	99	33
transcript19001	PanBaRT20_chr3HG25044.6	100.000	104	0	0	1	312	1	104	8.82e-44	140	99	33
transcript19001	PanBaRT20_chr3HG25044.8	100.000	104	0	0	1	312	98	201	1.61e-42	140	99	33
transcript19001	PanBaRT20_chr3HG25044.3	100.000	104	0	0	1	312	98	201	1.61e-42	140	99	33
transcript19001	PanBaRT20_chr3HG25044.18	100.000	104	0	0	1	312	98	201	1.61e-42	140	99	33
transcript19001	PanBaRT20_chr3HG25044.16	100.000	104	0	0	1	312	98	201	1.61e-42	140	99	33
transcript19001	PanBaRT20_chr3HG25044.15	100.000	104	0	0	1	312	98	201	1.61e-42	140	99	33
transcript19001	PanBaRT20_chr3HG25044.13	100.000	104	0	0	1	312	98	201	1.61e-42	140	99	33
transcript19001	PanBaRT20_chr3HG25044.12	100.000	104	0	0	1	312	98	201	1.61e-42	140	99	33
transcript19001	PanBaRT20_chr3HG25044.1	100.000	104	0	0	1	312	98	201	1.61e-42	140	99	33
transcript19047	PanBaRT20_chr3HG25104.1	100.000	164	0	0	1	492	1	164	9.04e-97	279	99	33
transcript19362	PanBaRT20_chr3HG25508.24	100.000	104	0	0	1	312	1	104	5.09e-56	173	100	33
transcript19362	PanBaRT20_chr3HG25508.21	100.000	104	0	0	1	312	1	104	5.09e-56	173	100	33
transcript19362	PanBaRT20_chr3HG25508.11	100.000	104	0	0	1	312	1	104	1.91e-55	176	100	33
transcript19362	PanBaRT20_chr3HG25508.32	100.000	104	0	0	1	312	1	104	1.96e-55	176	100	33
transcript19362	PanBaRT20_chr3HG25508.9	100.000	104	0	0	1	312	1	104	3.91e-55	175	100	33
transcript19362	PanBaRT20_chr3HG25508.19	100.000	104	0	0	1	312	1	104	1.80e-54	173	100	33
transcript19369	PanBaRT20_chr3HG25512.5	100.000	100	0	0	1	300	1	100	2.78e-70	207	99	33
transcript19369	PanBaRT20_chr3HG25512.18	100.000	100	0	0	1	300	1	100	2.78e-70	207	99	33
transcript19369	PanBaRT20_chr3HG25512.4	100.000	100	0	0	1	300	1	100	3.27e-70	207	99	33
transcript19369	PanBaRT20_chr3HG25512.25	100.000	100	0	0	1	300	1	100	3.68e-70	207	99	33
transcript19369	PanBaRT20_chr3HG25512.13	100.000	100	0	0	1	300	1	100	3.68e-70	207	99	33
transcript19369	PanBaRT20_chr3HG25512.22	99.000	100	1	0	1	300	1	100	2.57e-69	204	99	33
transcript19450	PanBaRT20_chr3HG25647.8	99.029	103	1	0	1	309	1	103	8.63e-72	211	99	33
transcript19450	PanBaRT20_chr3HG25647.24	99.029	103	1	0	1	309	1	103	8.63e-72	211	99	33
transcript19450	PanBaRT20_chr3HG25647.15	99.029	103	1	0	1	309	1	103	8.63e-72	211	99	33
transcript19450	PanBaRT20_chr3HG25647.12	99.029	103	1	0	1	309	1	103	8.63e-72	211	99	33
transcript19450	PanBaRT20_chr3HG25647.11	99.029	103	1	0	1	309	1	103	8.63e-72	211	99	33
transcript19451	PanBaRT20_chr3HG25647.5	99.296	142	1	0	1	426	1	142	1.21e-102	292	99	33
transcript19451	PanBaRT20_chr3HG25647.26	99.296	142	1	0	1	426	1	142	1.21e-102	292	99	33
transcript19451	PanBaRT20_chr3HG25647.18	99.296	142	1	0	1	426	1	142	1.21e-102	292	99	33
transcript19451	PanBaRT20_chr3HG25647.17	99.296	142	1	0	1	426	1	142	1.21e-102	292	99	33
transcript19451	PanBaRT20_chr3HG25647.13	99.296	142	1	0	1	426	1	142	1.21e-102	292	99	33
transcript19625	PanBaRT20_chr3HG25994.1	100.000	66	0	0	1	198	1	66	2.81e-24	88.6	99	33
transcript19626	PanBaRT20_chr3HG25994.1	100.000	66	0	0	1	198	1	66	2.81e-24	88.6	99	33
transcript19628	PanBaRT20_chr3HG25996.7	100.000	124	0	0	1	372	1	124	1.05e-49	157	99	33
transcript19628	PanBaRT20_chr3HG25996.1	100.000	124	0	0	1	372	1	124	1.05e-49	157	99	33
transcript19628	PanBaRT20_chr3HG25996.8	98.387	124	0	1	1	372	1	122	6.25e-46	147	99	33
transcript19628	PanBaRT20_chr3HG25996.3	98.387	124	0	1	1	372	1	122	6.25e-46	147	99	33
transcript19629	PanBaRT20_chr3HG25996.7	100.000	124	0	0	1	372	1	124	1.05e-49	157	99	33
transcript19629	PanBaRT20_chr3HG25996.1	100.000	124	0	0	1	372	1	124	1.05e-49	157	99	33
transcript19629	PanBaRT20_chr3HG25996.8	98.387	124	0	1	1	372	1	122	6.25e-46	147	99	33
transcript19629	PanBaRT20_chr3HG25996.3	98.387	124	0	1	1	372	1	122	6.25e-46	147	99	33
transcript19714	PanBaRT20_chr3HG26187.2	99.487	195	0	1	1	585	1	194	5.67e-97	282	99	33
transcript19714	PanBaRT20_chr3HG26187.4	98.974	195	0	1	1	585	1	193	6.30e-96	279	99	33
transcript19714	PanBaRT20_chr3HG26187.1	98.462	195	0	2	1	585	1	192	3.10e-93	273	99	33
transcript19748	PanBaRT20_chr3HG26245.28	100.000	191	0	0	1	573	1	191	5.81e-140	392	99	30
transcript19748	PanBaRT20_chr3HG26245.28	100.000	20	0	0	581	640	194	213	3.21e-04	43.5	99	3
transcript19748	PanBaRT20_chr3HG26245.22	100.000	191	0	0	1	573	1	191	5.81e-140	392	99	30
transcript19748	PanBaRT20_chr3HG26245.22	100.000	20	0	0	581	640	194	213	3.21e-04	43.5	99	3
transcript19748	PanBaRT20_chr3HG26245.24	100.000	191	0	0	1	573	1	191	9.85e-140	393	99	30
transcript19748	PanBaRT20_chr3HG26245.24	100.000	20	0	0	581	640	194	213	3.66e-04	43.5	99	3
transcript19748	PanBaRT20_chr3HG26245.25	100.000	191	0	0	1	573	1	191	1.10e-139	393	99	30
transcript19748	PanBaRT20_chr3HG26245.25	100.000	20	0	0	581	640	194	213	3.81e-04	43.5	99	3
transcript19748	PanBaRT20_chr3HG26245.8	100.000	191	0	0	1	573	1	191	4.07e-139	392	99	30
transcript19748	PanBaRT20_chr3HG26245.8	100.000	20	0	0	581	640	194	213	3.68e-04	43.5	99	3
transcript19748	PanBaRT20_chr3HG26245.19	100.000	191	0	0	1	573	1	191	7.58e-139	391	99	30
transcript19748	PanBaRT20_chr3HG26245.19	100.000	20	0	0	581	640	194	213	4.15e-04	43.5	99	3
transcript19748	PanBaRT20_chr3HG26245.13	100.000	191	0	0	1	573	1	191	7.58e-139	391	99	30
transcript19748	PanBaRT20_chr3HG26245.13	100.000	20	0	0	581	640	194	213	4.15e-04	43.5	99	3
transcript19748	PanBaRT20_chr3HG26245.12	100.000	191	0	0	1	573	1	191	2.95e-138	392	99	30
transcript19748	PanBaRT20_chr3HG26245.12	100.000	20	0	0	581	640	194	213	4.19e-04	43.9	99	3
transcript19748	PanBaRT20_chr3HG26245.23	100.000	191	0	0	1	573	1	191	4.81e-138	394	99	30
transcript19748	PanBaRT20_chr3HG26245.23	100.000	20	0	0	581	640	194	213	3.77e-04	43.9	99	3
transcript19748	PanBaRT20_chr3HG26245.5	100.000	191	0	0	1	573	1	191	9.91e-137	392	99	30
transcript19748	PanBaRT20_chr3HG26245.5	100.000	20	0	0	581	640	194	213	4.85e-04	43.9	99	3
transcript19748	PanBaRT20_chr3HG26245.20	100.000	191	0	0	1	573	1	191	1.19e-136	393	99	30
transcript19748	PanBaRT20_chr3HG26245.20	100.000	20	0	0	581	640	194	213	4.89e-04	43.9	99	3
transcript19748	PanBaRT20_chr3HG26245.21	100.000	191	0	0	1	573	1	191	1.50e-136	394	99	30
transcript19748	PanBaRT20_chr3HG26245.21	100.000	20	0	0	581	640	194	213	4.66e-04	43.9	99	3
transcript19748	PanBaRT20_chr3HG26245.6	100.000	191	0	0	1	573	1	191	1.55e-136	392	99	30
transcript19748	PanBaRT20_chr3HG26245.6	100.000	20	0	0	581	640	194	213	4.95e-04	43.5	99	3
transcript19748	PanBaRT20_chr3HG26245.27	100.000	191	0	0	1	573	1	191	1.60e-136	393	99	30
transcript19748	PanBaRT20_chr3HG26245.27	100.000	20	0	0	581	640	194	213	4.78e-04	43.9	99	3
transcript19748	PanBaRT20_chr3HG26245.14	100.000	191	0	0	1	573	1	191	1.60e-136	393	99	30
transcript19748	PanBaRT20_chr3HG26245.14	100.000	20	0	0	581	640	194	213	4.78e-04	43.9	99	3
transcript19748	PanBaRT20_chr3HG26245.26	100.000	191	0	0	1	573	1	191	1.82e-136	393	99	30
transcript19748	PanBaRT20_chr3HG26245.26	100.000	20	0	0	581	640	194	213	4.48e-04	43.9	99	3
transcript19748	PanBaRT20_chr3HG26245.11	100.000	191	0	0	1	573	1	191	1.82e-136	393	99	30
transcript19748	PanBaRT20_chr3HG26245.11	100.000	20	0	0	581	640	194	213	4.48e-04	43.9	99	3
transcript19748	PanBaRT20_chr3HG26245.9	100.000	191	0	0	1	573	1	191	2.33e-136	393	99	30
transcript19748	PanBaRT20_chr3HG26245.9	100.000	20	0	0	581	640	194	213	4.34e-04	43.9	99	3
transcript19748	PanBaRT20_chr3HG26245.16	100.000	191	0	0	1	573	1	191	2.46e-136	393	99	30
transcript19748	PanBaRT20_chr3HG26245.16	100.000	20	0	0	581	640	194	213	4.39e-04	43.9	99	3
transcript19748	PanBaRT20_chr3HG26245.4	100.000	191	0	0	1	573	1	191	4.80e-136	393	99	30
transcript19748	PanBaRT20_chr3HG26245.4	100.000	20	0	0	581	640	194	213	4.46e-04	43.9	99	3
transcript19748	PanBaRT20_chr3HG26245.7	100.000	191	0	0	1	573	1	191	1.28e-135	392	99	30
transcript19748	PanBaRT20_chr3HG26245.7	100.000	20	0	0	581	640	194	213	5.11e-04	43.9	99	3
transcript19748	PanBaRT20_chr3HG26245.2	100.000	191	0	0	1	573	1	191	1.28e-135	392	99	30
transcript19748	PanBaRT20_chr3HG26245.2	100.000	20	0	0	581	640	194	213	5.11e-04	43.9	99	3
transcript19748	PanBaRT20_chr3HG26245.3	100.000	20	0	0	581	640	167	186	5.08e-04	43.9	99	3
transcript19760	PanBaRT20_chr3HG26263.2	100.000	169	0	0	1	507	1	169	2.94e-87	255	99	33
transcript19760	PanBaRT20_chr3HG26263.11	100.000	169	0	0	1	507	1	169	2.94e-87	255	99	33
transcript19767	PanBaRT20_chr3HG26284.9	100.000	136	0	0	1	408	1	136	4.75e-84	244	99	33
transcript19767	PanBaRT20_chr3HG26284.8	100.000	136	0	0	1	408	1	136	4.75e-84	244	99	33
transcript19767	PanBaRT20_chr3HG26284.7	100.000	136	0	0	1	408	1	136	4.75e-84	244	99	33
transcript19767	PanBaRT20_chr3HG26284.6	100.000	136	0	0	1	408	1	136	4.75e-84	244	99	33
transcript19767	PanBaRT20_chr3HG26284.5	100.000	136	0	0	1	408	1	136	4.75e-84	244	99	33
transcript19767	PanBaRT20_chr3HG26284.4	100.000	136	0	0	1	408	1	136	4.75e-84	244	99	33
transcript19767	PanBaRT20_chr3HG26284.3	100.000	136	0	0	1	408	1	136	4.75e-84	244	99	33
transcript19767	PanBaRT20_chr3HG26284.2	100.000	136	0	0	1	408	1	136	4.75e-84	244	99	33
transcript19767	PanBaRT20_chr3HG26284.12	100.000	136	0	0	1	408	1	136	4.75e-84	244	99	33
transcript19767	PanBaRT20_chr3HG26284.11	100.000	136	0	0	1	408	1	136	4.75e-84	244	99	33
transcript19767	PanBaRT20_chr3HG26284.10	100.000	136	0	0	1	408	1	136	4.75e-84	244	99	33
transcript19767	PanBaRT20_chr3HG26284.1	100.000	136	0	0	1	408	1	136	4.75e-84	244	99	33
transcript19768	PanBaRT20_chr3HG26284.9	100.000	131	0	0	1	393	6	136	8.88e-80	234	99	33
transcript19768	PanBaRT20_chr3HG26284.8	100.000	131	0	0	1	393	6	136	8.88e-80	234	99	33
transcript19768	PanBaRT20_chr3HG26284.7	100.000	131	0	0	1	393	6	136	8.88e-80	234	99	33
transcript19768	PanBaRT20_chr3HG26284.6	100.000	131	0	0	1	393	6	136	8.88e-80	234	99	33
transcript19768	PanBaRT20_chr3HG26284.5	100.000	131	0	0	1	393	6	136	8.88e-80	234	99	33
transcript19768	PanBaRT20_chr3HG26284.4	100.000	131	0	0	1	393	6	136	8.88e-80	234	99	33
transcript19768	PanBaRT20_chr3HG26284.3	100.000	131	0	0	1	393	6	136	8.88e-80	234	99	33
transcript19768	PanBaRT20_chr3HG26284.2	100.000	131	0	0	1	393	6	136	8.88e-80	234	99	33
transcript19768	PanBaRT20_chr3HG26284.12	100.000	131	0	0	1	393	6	136	8.88e-80	234	99	33
transcript19768	PanBaRT20_chr3HG26284.11	100.000	131	0	0	1	393	6	136	8.88e-80	234	99	33
transcript19768	PanBaRT20_chr3HG26284.10	100.000	131	0	0	1	393	6	136	8.88e-80	234	99	33
transcript19768	PanBaRT20_chr3HG26284.1	100.000	131	0	0	1	393	6	136	8.88e-80	234	99	33
transcript19780	PanBaRT20_chr3HG26312.4	98.684	76	1	0	1	228	1	76	3.25e-37	122	99	33
transcript19780	PanBaRT20_chr3HG26312.3	98.684	76	1	0	1	228	1	76	3.25e-37	122	99	33
transcript19780	PanBaRT20_chr3HG26312.2	98.684	76	1	0	1	228	1	76	3.25e-37	122	99	33
transcript19780	PanBaRT20_chr3HG26312.1	98.684	76	1	0	1	228	1	76	3.25e-37	122	99	33
transcript19819	PanBaRT20_chr3HG26424.9	100.000	78	0	0	1	234	1	78	5.04e-50	154	99	33
transcript19819	PanBaRT20_chr3HG26424.7	100.000	78	0	0	1	234	1	78	5.04e-50	154	99	33
transcript19819	PanBaRT20_chr3HG26424.5	100.000	78	0	0	1	234	1	78	5.04e-50	154	99	33
transcript19823	PanBaRT20_chr3HG26441.1	100.000	124	0	0	1	372	1	124	2.58e-85	247	99	33
transcript19869	PanBaRT20_chr3HG26600.55	100.000	97	0	0	1	291	1	97	3.35e-18	75.5	99	33
transcript19869	PanBaRT20_chr3HG26600.54	100.000	97	0	0	1	291	1	97	3.35e-18	75.5	99	33
transcript19869	PanBaRT20_chr3HG26600.53	100.000	97	0	0	1	291	1	97	3.35e-18	75.5	99	33
transcript19869	PanBaRT20_chr3HG26600.52	100.000	97	0	0	1	291	1	97	3.35e-18	75.5	99	33
transcript19869	PanBaRT20_chr3HG26600.50	100.000	97	0	0	1	291	1	97	3.35e-18	75.5	99	33
transcript19869	PanBaRT20_chr3HG26600.48	100.000	97	0	0	1	291	1	97	3.35e-18	75.5	99	33
transcript19869	PanBaRT20_chr3HG26600.47	100.000	97	0	0	1	291	1	97	3.35e-18	75.5	99	33
transcript19869	PanBaRT20_chr3HG26600.46	100.000	97	0	0	1	291	1	97	3.35e-18	75.5	99	33
transcript19869	PanBaRT20_chr3HG26600.45	100.000	97	0	0	1	291	1	97	3.35e-18	75.5	99	33
transcript19869	PanBaRT20_chr3HG26600.44	100.000	97	0	0	1	291	1	97	3.35e-18	75.5	99	33
transcript19869	PanBaRT20_chr3HG26600.43	100.000	97	0	0	1	291	1	97	3.35e-18	75.5	99	33
transcript19869	PanBaRT20_chr3HG26600.42	100.000	97	0	0	1	291	1	97	3.35e-18	75.5	99	33
transcript19869	PanBaRT20_chr3HG26600.41	100.000	97	0	0	1	291	1	97	3.35e-18	75.5	99	33
transcript19869	PanBaRT20_chr3HG26600.40	100.000	97	0	0	1	291	1	97	3.35e-18	75.5	99	33
transcript19870	PanBaRT20_chr3HG26603.5	100.000	147	0	0	1	441	1	147	5.65e-107	303	99	33
transcript19870	PanBaRT20_chr3HG26603.10	100.000	147	0	0	1	441	1	147	5.65e-107	303	99	33
transcript19871	PanBaRT20_chr3HG26603.9	100.000	125	0	0	1	375	1	125	1.74e-89	257	99	33
transcript19871	PanBaRT20_chr3HG26603.7	100.000	125	0	0	1	375	1	125	1.74e-89	257	99	33
transcript19871	PanBaRT20_chr3HG26603.4	100.000	125	0	0	1	375	1	125	1.74e-89	257	99	33
transcript19871	PanBaRT20_chr3HG26603.1	100.000	125	0	0	1	375	1	125	1.74e-89	257	99	33
transcript19872	PanBaRT20_chr3HG26603.2	100.000	150	0	0	1	450	1	150	9.98e-111	313	99	33
transcript19921	PanBaRT20_chr3HG26724.3	100.000	169	0	0	1	507	1	169	5.04e-72	217	99	33
transcript19921	PanBaRT20_chr3HG26724.2	100.000	169	0	0	1	507	1	169	5.04e-72	217	99	33
transcript19921	PanBaRT20_chr3HG26724.1	100.000	169	0	0	1	507	1	169	5.04e-72	217	99	33
transcript19922	PanBaRT20_chr3HG26724.3	100.000	169	0	0	1	507	1	169	5.04e-72	217	99	33
transcript19922	PanBaRT20_chr3HG26724.2	100.000	169	0	0	1	507	1	169	5.04e-72	217	99	33
transcript19922	PanBaRT20_chr3HG26724.1	100.000	169	0	0	1	507	1	169	5.04e-72	217	99	33
transcript19936	PanBaRT20_chr3HG26814.4	100.000	82	0	0	1	246	1	82	3.90e-14	63.9	99	33
transcript19936	PanBaRT20_chr3HG26814.3	100.000	82	0	0	1	246	1	82	3.90e-14	63.9	99	33
transcript19936	PanBaRT20_chr3HG26814.1	100.000	82	0	0	1	246	1	82	3.90e-14	63.9	99	33
transcript19937	PanBaRT20_chr3HG26814.4	100.000	82	0	0	1	246	1	82	3.90e-14	63.9	99	33
transcript19937	PanBaRT20_chr3HG26814.3	100.000	82	0	0	1	246	1	82	3.90e-14	63.9	99	33
transcript19937	PanBaRT20_chr3HG26814.1	100.000	82	0	0	1	246	1	82	3.90e-14	63.9	99	33
transcript20015	PanBaRT20_chr3HG27008.3	100.000	78	0	0	1	234	1	78	5.17e-52	159	100	33
transcript20015	PanBaRT20_chr3HG27008.6	100.000	77	0	0	4	234	3	79	2.79e-51	157	99	33
transcript20016	PanBaRT20_chr3HG27008.3	100.000	89	0	0	1	267	1	89	1.59e-59	179	99	33
transcript20016	PanBaRT20_chr3HG27008.6	100.000	88	0	0	4	267	3	90	8.79e-59	177	98	33
transcript20034	PanBaRT20_chr3HG27061.6	100.000	67	0	0	1	201	1	67	1.84e-44	139	99	33
transcript20034	PanBaRT20_chr3HG27061.5	100.000	67	0	0	1	201	1	67	1.84e-44	139	99	33
transcript20034	PanBaRT20_chr3HG27061.4	100.000	67	0	0	1	201	1	67	3.19e-44	139	99	33
transcript20034	PanBaRT20_chr3HG27061.3	100.000	67	0	0	1	201	1	67	3.19e-44	139	99	33
transcript20034	PanBaRT20_chr3HG27061.2	100.000	67	0	0	1	201	1	67	3.19e-44	139	99	33
transcript20034	PanBaRT20_chr3HG27061.1	100.000	67	0	0	1	201	1	67	3.19e-44	139	99	33
transcript20097	PanBaRT20_chr3HG27177.9	100.000	93	0	0	1	279	1	93	1.98e-60	181	99	33
transcript20097	PanBaRT20_chr3HG27177.8	100.000	93	0	0	1	279	1	93	1.98e-60	181	99	33
transcript20097	PanBaRT20_chr3HG27177.6	100.000	93	0	0	1	279	1	93	1.98e-60	181	99	33
transcript20097	PanBaRT20_chr3HG27177.5	100.000	93	0	0	1	279	1	93	1.98e-60	181	99	33
transcript20097	PanBaRT20_chr3HG27177.4	100.000	93	0	0	1	279	1	93	1.98e-60	181	99	33
transcript20097	PanBaRT20_chr3HG27177.3	100.000	93	0	0	1	279	1	93	1.98e-60	181	99	33
transcript20097	PanBaRT20_chr3HG27177.2	100.000	93	0	0	1	279	1	93	1.98e-60	181	99	33
transcript20097	PanBaRT20_chr3HG27177.11	100.000	93	0	0	1	279	1	93	1.98e-60	181	99	33
transcript20097	PanBaRT20_chr3HG27177.10	100.000	93	0	0	1	279	1	93	1.98e-60	181	99	33
transcript20097	PanBaRT20_chr3HG27177.1	100.000	93	0	0	1	279	1	93	1.98e-60	181	99	33
transcript20098	PanBaRT20_chr3HG27177.9	100.000	93	0	0	1	279	1	93	1.98e-60	181	99	33
transcript20098	PanBaRT20_chr3HG27177.8	100.000	93	0	0	1	279	1	93	1.98e-60	181	99	33
transcript20098	PanBaRT20_chr3HG27177.6	100.000	93	0	0	1	279	1	93	1.98e-60	181	99	33
transcript20098	PanBaRT20_chr3HG27177.5	100.000	93	0	0	1	279	1	93	1.98e-60	181	99	33
transcript20098	PanBaRT20_chr3HG27177.4	100.000	93	0	0	1	279	1	93	1.98e-60	181	99	33
transcript20098	PanBaRT20_chr3HG27177.3	100.000	93	0	0	1	279	1	93	1.98e-60	181	99	33
transcript20098	PanBaRT20_chr3HG27177.2	100.000	93	0	0	1	279	1	93	1.98e-60	181	99	33
transcript20098	PanBaRT20_chr3HG27177.11	100.000	93	0	0	1	279	1	93	1.98e-60	181	99	33
transcript20098	PanBaRT20_chr3HG27177.10	100.000	93	0	0	1	279	1	93	1.98e-60	181	99	33
transcript20098	PanBaRT20_chr3HG27177.1	100.000	93	0	0	1	279	1	93	1.98e-60	181	99	33
transcript20099	PanBaRT20_chr3HG27177.9	100.000	93	0	0	1	279	1	93	1.98e-60	181	99	33
transcript20099	PanBaRT20_chr3HG27177.8	100.000	93	0	0	1	279	1	93	1.98e-60	181	99	33
transcript20099	PanBaRT20_chr3HG27177.6	100.000	93	0	0	1	279	1	93	1.98e-60	181	99	33
transcript20099	PanBaRT20_chr3HG27177.5	100.000	93	0	0	1	279	1	93	1.98e-60	181	99	33
transcript20099	PanBaRT20_chr3HG27177.4	100.000	93	0	0	1	279	1	93	1.98e-60	181	99	33
transcript20099	PanBaRT20_chr3HG27177.3	100.000	93	0	0	1	279	1	93	1.98e-60	181	99	33
transcript20099	PanBaRT20_chr3HG27177.2	100.000	93	0	0	1	279	1	93	1.98e-60	181	99	33
transcript20099	PanBaRT20_chr3HG27177.11	100.000	93	0	0	1	279	1	93	1.98e-60	181	99	33
transcript20099	PanBaRT20_chr3HG27177.10	100.000	93	0	0	1	279	1	93	1.98e-60	181	99	33
transcript20099	PanBaRT20_chr3HG27177.1	100.000	93	0	0	1	279	1	93	1.98e-60	181	99	33
transcript20100	PanBaRT20_chr3HG27177.9	100.000	93	0	0	1	279	1	93	1.98e-60	181	99	33
transcript20100	PanBaRT20_chr3HG27177.8	100.000	93	0	0	1	279	1	93	1.98e-60	181	99	33
transcript20100	PanBaRT20_chr3HG27177.6	100.000	93	0	0	1	279	1	93	1.98e-60	181	99	33
transcript20100	PanBaRT20_chr3HG27177.5	100.000	93	0	0	1	279	1	93	1.98e-60	181	99	33
transcript20100	PanBaRT20_chr3HG27177.4	100.000	93	0	0	1	279	1	93	1.98e-60	181	99	33
transcript20100	PanBaRT20_chr3HG27177.3	100.000	93	0	0	1	279	1	93	1.98e-60	181	99	33
transcript20100	PanBaRT20_chr3HG27177.2	100.000	93	0	0	1	279	1	93	1.98e-60	181	99	33
transcript20100	PanBaRT20_chr3HG27177.11	100.000	93	0	0	1	279	1	93	1.98e-60	181	99	33
transcript20100	PanBaRT20_chr3HG27177.10	100.000	93	0	0	1	279	1	93	1.98e-60	181	99	33
transcript20100	PanBaRT20_chr3HG27177.1	100.000	93	0	0	1	279	1	93	1.98e-60	181	99	33
transcript20101	PanBaRT20_chr3HG27177.9	100.000	93	0	0	1	279	1	93	1.98e-60	181	99	33
transcript20101	PanBaRT20_chr3HG27177.8	100.000	93	0	0	1	279	1	93	1.98e-60	181	99	33
transcript20101	PanBaRT20_chr3HG27177.6	100.000	93	0	0	1	279	1	93	1.98e-60	181	99	33
transcript20101	PanBaRT20_chr3HG27177.5	100.000	93	0	0	1	279	1	93	1.98e-60	181	99	33
transcript20101	PanBaRT20_chr3HG27177.4	100.000	93	0	0	1	279	1	93	1.98e-60	181	99	33
transcript20101	PanBaRT20_chr3HG27177.3	100.000	93	0	0	1	279	1	93	1.98e-60	181	99	33
transcript20101	PanBaRT20_chr3HG27177.2	100.000	93	0	0	1	279	1	93	1.98e-60	181	99	33
transcript20101	PanBaRT20_chr3HG27177.11	100.000	93	0	0	1	279	1	93	1.98e-60	181	99	33
transcript20101	PanBaRT20_chr3HG27177.10	100.000	93	0	0	1	279	1	93	1.98e-60	181	99	33
transcript20101	PanBaRT20_chr3HG27177.1	100.000	93	0	0	1	279	1	93	1.98e-60	181	99	33
transcript20109	PanBaRT20_chr3HG27184.1	100.000	150	0	0	452	3	37	186	9.60e-105	300	99	33
transcript20118	PanBaRT20_chr3HG27215.1	100.000	134	0	0	1	402	1	134	4.38e-64	194	99	33
transcript20119	PanBaRT20_chr3HG27215.1	100.000	134	0	0	1	402	1	134	4.38e-64	194	99	33
transcript20135	PanBaRT20_chr3HG27234.4	100.000	111	0	0	1	333	1	111	3.20e-67	200	99	33
transcript20135	PanBaRT20_chr3HG27234.37	100.000	111	0	0	1	333	1	111	3.20e-67	200	99	33
transcript20135	PanBaRT20_chr3HG27234.28	100.000	111	0	0	1	333	1	111	3.20e-67	200	99	33
transcript20135	PanBaRT20_chr3HG27234.27	100.000	111	0	0	1	333	1	111	3.20e-67	200	99	33
transcript20135	PanBaRT20_chr3HG27234.24	100.000	111	0	0	1	333	1	111	3.20e-67	200	99	33
transcript20135	PanBaRT20_chr3HG27234.2	100.000	111	0	0	1	333	1	111	3.20e-67	200	99	33
transcript20135	PanBaRT20_chr3HG27234.1	100.000	111	0	0	1	333	1	111	3.20e-67	200	99	33
transcript20162	PanBaRT20_chr3HG27266.1	100.000	141	0	0	1	423	1	141	4.62e-62	189	99	33
transcript20239	PanBaRT20_chr3HG27356.1	96.842	95	3	0	1	285	1	95	3.14e-53	163	99	33
transcript20312	PanBaRT20_chr3HG27475.1	100.000	91	0	0	1	273	1	91	5.82e-62	185	99	33
transcript20323	PanBaRT20_chr3HG27512.3	95.794	214	1	1	1	618	1	214	2.10e-146	408	99	33
transcript20324	PanBaRT20_chr3HG27512.3	95.794	214	1	1	1	618	1	214	2.10e-146	408	99	33
transcript20349	PanBaRT20_chr3HG27550.99	100.000	84	0	0	1	252	1	84	1.18e-43	138	99	33
transcript20349	PanBaRT20_chr3HG27550.92	100.000	84	0	0	1	252	1	84	1.18e-43	138	99	33
transcript20349	PanBaRT20_chr3HG27550.91	100.000	84	0	0	1	252	1	84	1.18e-43	138	99	33
transcript20349	PanBaRT20_chr3HG27550.90	100.000	84	0	0	1	252	1	84	1.18e-43	138	99	33
transcript20349	PanBaRT20_chr3HG27550.9	100.000	84	0	0	1	252	1	84	1.18e-43	138	99	33
transcript20349	PanBaRT20_chr3HG27550.89	100.000	84	0	0	1	252	1	84	1.18e-43	138	99	33
transcript20349	PanBaRT20_chr3HG27550.87	100.000	84	0	0	1	252	1	84	1.18e-43	138	99	33
transcript20349	PanBaRT20_chr3HG27550.84	100.000	84	0	0	1	252	1	84	1.18e-43	138	99	33
transcript20349	PanBaRT20_chr3HG27550.82	100.000	84	0	0	1	252	1	84	1.18e-43	138	99	33
transcript20349	PanBaRT20_chr3HG27550.8	100.000	84	0	0	1	252	1	84	1.18e-43	138	99	33
transcript20349	PanBaRT20_chr3HG27550.79	100.000	84	0	0	1	252	1	84	1.18e-43	138	99	33
transcript20349	PanBaRT20_chr3HG27550.78	100.000	84	0	0	1	252	1	84	1.18e-43	138	99	33
transcript20349	PanBaRT20_chr3HG27550.77	100.000	84	0	0	1	252	1	84	1.18e-43	138	99	33
transcript20349	PanBaRT20_chr3HG27550.76	100.000	84	0	0	1	252	1	84	1.18e-43	138	99	33
transcript20349	PanBaRT20_chr3HG27550.75	100.000	84	0	0	1	252	1	84	1.18e-43	138	99	33
transcript20349	PanBaRT20_chr3HG27550.74	100.000	84	0	0	1	252	1	84	1.18e-43	138	99	33
transcript20349	PanBaRT20_chr3HG27550.72	100.000	84	0	0	1	252	1	84	1.18e-43	138	99	33
transcript20349	PanBaRT20_chr3HG27550.71	100.000	84	0	0	1	252	1	84	1.18e-43	138	99	33
transcript20349	PanBaRT20_chr3HG27550.70	100.000	84	0	0	1	252	1	84	1.18e-43	138	99	33
transcript20349	PanBaRT20_chr3HG27550.7	100.000	84	0	0	1	252	1	84	1.18e-43	138	99	33
transcript20349	PanBaRT20_chr3HG27550.68	100.000	84	0	0	1	252	1	84	1.18e-43	138	99	33
transcript20349	PanBaRT20_chr3HG27550.67	100.000	84	0	0	1	252	1	84	1.18e-43	138	99	33
transcript20349	PanBaRT20_chr3HG27550.65	100.000	84	0	0	1	252	1	84	1.18e-43	138	99	33
transcript20349	PanBaRT20_chr3HG27550.63	100.000	84	0	0	1	252	1	84	1.18e-43	138	99	33
transcript20349	PanBaRT20_chr3HG27550.62	100.000	84	0	0	1	252	1	84	1.18e-43	138	99	33
transcript20349	PanBaRT20_chr3HG27550.6	100.000	84	0	0	1	252	1	84	1.18e-43	138	99	33
transcript20349	PanBaRT20_chr3HG27550.59	100.000	84	0	0	1	252	1	84	1.18e-43	138	99	33
transcript20349	PanBaRT20_chr3HG27550.57	100.000	84	0	0	1	252	1	84	1.18e-43	138	99	33
transcript20349	PanBaRT20_chr3HG27550.56	100.000	84	0	0	1	252	1	84	1.18e-43	138	99	33
transcript20349	PanBaRT20_chr3HG27550.51	100.000	84	0	0	1	252	1	84	1.18e-43	138	99	33
transcript20349	PanBaRT20_chr3HG27550.5	100.000	84	0	0	1	252	1	84	1.18e-43	138	99	33
transcript20349	PanBaRT20_chr3HG27550.48	100.000	84	0	0	1	252	1	84	1.18e-43	138	99	33
transcript20349	PanBaRT20_chr3HG27550.47	100.000	84	0	0	1	252	1	84	1.18e-43	138	99	33
transcript20349	PanBaRT20_chr3HG27550.43	100.000	84	0	0	1	252	1	84	1.18e-43	138	99	33
transcript20349	PanBaRT20_chr3HG27550.42	100.000	84	0	0	1	252	1	84	1.18e-43	138	99	33
transcript20349	PanBaRT20_chr3HG27550.41	100.000	84	0	0	1	252	1	84	1.18e-43	138	99	33
transcript20349	PanBaRT20_chr3HG27550.4	100.000	84	0	0	1	252	1	84	1.18e-43	138	99	33
transcript20349	PanBaRT20_chr3HG27550.39	100.000	84	0	0	1	252	1	84	1.18e-43	138	99	33
transcript20349	PanBaRT20_chr3HG27550.38	100.000	84	0	0	1	252	1	84	1.18e-43	138	99	33
transcript20349	PanBaRT20_chr3HG27550.37	100.000	84	0	0	1	252	1	84	1.18e-43	138	99	33
transcript20349	PanBaRT20_chr3HG27550.34	100.000	84	0	0	1	252	1	84	1.18e-43	138	99	33
transcript20349	PanBaRT20_chr3HG27550.33	100.000	84	0	0	1	252	1	84	1.18e-43	138	99	33
transcript20349	PanBaRT20_chr3HG27550.31	100.000	84	0	0	1	252	1	84	1.18e-43	138	99	33
transcript20349	PanBaRT20_chr3HG27550.29	100.000	84	0	0	1	252	1	84	1.18e-43	138	99	33
transcript20349	PanBaRT20_chr3HG27550.28	100.000	84	0	0	1	252	1	84	1.18e-43	138	99	33
transcript20349	PanBaRT20_chr3HG27550.26	100.000	84	0	0	1	252	1	84	1.18e-43	138	99	33
transcript20349	PanBaRT20_chr3HG27550.25	100.000	84	0	0	1	252	1	84	1.18e-43	138	99	33
transcript20349	PanBaRT20_chr3HG27550.244	100.000	84	0	0	1	252	1	84	1.18e-43	138	99	33
transcript20349	PanBaRT20_chr3HG27550.240	100.000	84	0	0	1	252	1	84	1.18e-43	138	99	33
transcript20349	PanBaRT20_chr3HG27550.239	100.000	84	0	0	1	252	1	84	1.18e-43	138	99	33
transcript20349	PanBaRT20_chr3HG27550.236	100.000	84	0	0	1	252	1	84	1.18e-43	138	99	33
transcript20349	PanBaRT20_chr3HG27550.235	100.000	84	0	0	1	252	1	84	1.18e-43	138	99	33
transcript20349	PanBaRT20_chr3HG27550.234	100.000	84	0	0	1	252	1	84	1.18e-43	138	99	33
transcript20349	PanBaRT20_chr3HG27550.233	100.000	84	0	0	1	252	1	84	1.18e-43	138	99	33
transcript20349	PanBaRT20_chr3HG27550.232	100.000	84	0	0	1	252	1	84	1.18e-43	138	99	33
transcript20349	PanBaRT20_chr3HG27550.229	100.000	84	0	0	1	252	1	84	1.18e-43	138	99	33
transcript20349	PanBaRT20_chr3HG27550.226	100.000	84	0	0	1	252	1	84	1.18e-43	138	99	33
transcript20349	PanBaRT20_chr3HG27550.223	100.000	84	0	0	1	252	1	84	1.18e-43	138	99	33
transcript20349	PanBaRT20_chr3HG27550.22	100.000	84	0	0	1	252	1	84	1.18e-43	138	99	33
transcript20349	PanBaRT20_chr3HG27550.219	100.000	84	0	0	1	252	1	84	1.18e-43	138	99	33
transcript20349	PanBaRT20_chr3HG27550.218	100.000	84	0	0	1	252	1	84	1.18e-43	138	99	33
transcript20349	PanBaRT20_chr3HG27550.216	100.000	84	0	0	1	252	1	84	1.18e-43	138	99	33
transcript20349	PanBaRT20_chr3HG27550.215	100.000	84	0	0	1	252	1	84	1.18e-43	138	99	33
transcript20349	PanBaRT20_chr3HG27550.213	100.000	84	0	0	1	252	1	84	1.18e-43	138	99	33
transcript20349	PanBaRT20_chr3HG27550.212	100.000	84	0	0	1	252	1	84	1.18e-43	138	99	33
transcript20349	PanBaRT20_chr3HG27550.21	100.000	84	0	0	1	252	1	84	1.18e-43	138	99	33
transcript20349	PanBaRT20_chr3HG27550.209	100.000	84	0	0	1	252	1	84	1.18e-43	138	99	33
transcript20349	PanBaRT20_chr3HG27550.207	100.000	84	0	0	1	252	1	84	1.18e-43	138	99	33
transcript20349	PanBaRT20_chr3HG27550.204	100.000	84	0	0	1	252	1	84	1.18e-43	138	99	33
transcript20349	PanBaRT20_chr3HG27550.2	100.000	84	0	0	1	252	1	84	1.18e-43	138	99	33
transcript20349	PanBaRT20_chr3HG27550.198	100.000	84	0	0	1	252	1	84	1.18e-43	138	99	33
transcript20349	PanBaRT20_chr3HG27550.195	100.000	84	0	0	1	252	1	84	1.18e-43	138	99	33
transcript20349	PanBaRT20_chr3HG27550.194	100.000	84	0	0	1	252	1	84	1.18e-43	138	99	33
transcript20349	PanBaRT20_chr3HG27550.193	100.000	84	0	0	1	252	1	84	1.18e-43	138	99	33
transcript20349	PanBaRT20_chr3HG27550.19	100.000	84	0	0	1	252	1	84	1.18e-43	138	99	33
transcript20349	PanBaRT20_chr3HG27550.189	100.000	84	0	0	1	252	1	84	1.18e-43	138	99	33
transcript20349	PanBaRT20_chr3HG27550.185	100.000	84	0	0	1	252	1	84	1.18e-43	138	99	33
transcript20349	PanBaRT20_chr3HG27550.181	100.000	84	0	0	1	252	1	84	1.18e-43	138	99	33
transcript20349	PanBaRT20_chr3HG27550.179	100.000	84	0	0	1	252	1	84	1.18e-43	138	99	33
transcript20349	PanBaRT20_chr3HG27550.175	100.000	84	0	0	1	252	1	84	1.18e-43	138	99	33
transcript20349	PanBaRT20_chr3HG27550.174	100.000	84	0	0	1	252	1	84	1.18e-43	138	99	33
transcript20349	PanBaRT20_chr3HG27550.173	100.000	84	0	0	1	252	1	84	1.18e-43	138	99	33
transcript20349	PanBaRT20_chr3HG27550.171	100.000	84	0	0	1	252	1	84	1.18e-43	138	99	33
transcript20349	PanBaRT20_chr3HG27550.17	100.000	84	0	0	1	252	1	84	1.18e-43	138	99	33
transcript20349	PanBaRT20_chr3HG27550.165	100.000	84	0	0	1	252	1	84	1.18e-43	138	99	33
transcript20349	PanBaRT20_chr3HG27550.162	100.000	84	0	0	1	252	1	84	1.18e-43	138	99	33
transcript20349	PanBaRT20_chr3HG27550.155	100.000	84	0	0	1	252	1	84	1.18e-43	138	99	33
transcript20349	PanBaRT20_chr3HG27550.154	100.000	84	0	0	1	252	1	84	1.18e-43	138	99	33
transcript20349	PanBaRT20_chr3HG27550.152	100.000	84	0	0	1	252	1	84	1.18e-43	138	99	33
transcript20349	PanBaRT20_chr3HG27550.151	100.000	84	0	0	1	252	1	84	1.18e-43	138	99	33
transcript20349	PanBaRT20_chr3HG27550.149	100.000	84	0	0	1	252	1	84	1.18e-43	138	99	33
transcript20349	PanBaRT20_chr3HG27550.141	100.000	84	0	0	1	252	1	84	1.18e-43	138	99	33
transcript20349	PanBaRT20_chr3HG27550.137	100.000	84	0	0	1	252	1	84	1.18e-43	138	99	33
transcript20349	PanBaRT20_chr3HG27550.134	100.000	84	0	0	1	252	1	84	1.18e-43	138	99	33
transcript20349	PanBaRT20_chr3HG27550.132	100.000	84	0	0	1	252	1	84	1.18e-43	138	99	33
transcript20349	PanBaRT20_chr3HG27550.130	100.000	84	0	0	1	252	1	84	1.18e-43	138	99	33
transcript20349	PanBaRT20_chr3HG27550.13	100.000	84	0	0	1	252	1	84	1.18e-43	138	99	33
transcript20349	PanBaRT20_chr3HG27550.129	100.000	84	0	0	1	252	1	84	1.18e-43	138	99	33
transcript20349	PanBaRT20_chr3HG27550.128	100.000	84	0	0	1	252	1	84	1.18e-43	138	99	33
transcript20349	PanBaRT20_chr3HG27550.127	100.000	84	0	0	1	252	1	84	1.18e-43	138	99	33
transcript20349	PanBaRT20_chr3HG27550.126	100.000	84	0	0	1	252	1	84	1.18e-43	138	99	33
transcript20349	PanBaRT20_chr3HG27550.124	100.000	84	0	0	1	252	1	84	1.18e-43	138	99	33
transcript20349	PanBaRT20_chr3HG27550.123	100.000	84	0	0	1	252	1	84	1.18e-43	138	99	33
transcript20349	PanBaRT20_chr3HG27550.120	100.000	84	0	0	1	252	1	84	1.18e-43	138	99	33
transcript20349	PanBaRT20_chr3HG27550.12	100.000	84	0	0	1	252	1	84	1.18e-43	138	99	33
transcript20349	PanBaRT20_chr3HG27550.119	100.000	84	0	0	1	252	1	84	1.18e-43	138	99	33
transcript20349	PanBaRT20_chr3HG27550.116	100.000	84	0	0	1	252	1	84	1.18e-43	138	99	33
transcript20349	PanBaRT20_chr3HG27550.115	100.000	84	0	0	1	252	1	84	1.18e-43	138	99	33
transcript20349	PanBaRT20_chr3HG27550.113	100.000	84	0	0	1	252	1	84	1.18e-43	138	99	33
transcript20349	PanBaRT20_chr3HG27550.111	100.000	84	0	0	1	252	1	84	1.18e-43	138	99	33
transcript20349	PanBaRT20_chr3HG27550.11	100.000	84	0	0	1	252	1	84	1.18e-43	138	99	33
transcript20349	PanBaRT20_chr3HG27550.109	100.000	84	0	0	1	252	1	84	1.18e-43	138	99	33
transcript20349	PanBaRT20_chr3HG27550.108	100.000	84	0	0	1	252	1	84	1.18e-43	138	99	33
transcript20349	PanBaRT20_chr3HG27550.106	100.000	84	0	0	1	252	1	84	1.18e-43	138	99	33
transcript20349	PanBaRT20_chr3HG27550.102	100.000	84	0	0	1	252	1	84	1.18e-43	138	99	33
transcript20349	PanBaRT20_chr3HG27550.101	100.000	84	0	0	1	252	1	84	1.18e-43	138	99	33
transcript20349	PanBaRT20_chr3HG27550.1	100.000	84	0	0	1	252	1	84	1.18e-43	138	99	33
transcript20349	PanBaRT20_chr3HG27550.200	98.750	80	1	0	1	240	1	80	1.53e-39	128	99	31
transcript20349	PanBaRT20_chr3HG27550.148	98.551	69	1	0	1	207	1	69	3.33e-32	109	99	27
transcript20389	PanBaRT20_chr3HG27638.1	100.000	104	0	0	1	312	1	104	2.86e-56	172	99	33
transcript20577	PanBaRT20_chr3HG27950.1	95.833	72	3	0	1	216	1	72	0.003	35.4	99	33
transcript20583	PanBaRT20_chr3HG27963.4	100.000	68	0	0	1	204	1	68	3.11e-35	116	99	33
transcript20583	PanBaRT20_chr3HG27963.3	100.000	68	0	0	1	204	1	68	3.11e-35	116	99	33
transcript20583	PanBaRT20_chr3HG27963.2	100.000	68	0	0	1	204	1	68	3.11e-35	116	99	33
transcript20583	PanBaRT20_chr3HG27963.1	100.000	68	0	0	1	204	1	68	3.11e-35	116	99	33
transcript21209	PanBaRT20_chr3HG28793.1	100.000	153	0	0	1	459	1	153	8.81e-111	313	99	33
transcript21210	PanBaRT20_chr3HG28793.7	100.000	113	0	0	1	339	1	113	1.34e-79	233	99	33
transcript21210	PanBaRT20_chr3HG28793.1	100.000	113	0	0	1	339	1	113	1.85e-79	233	99	33
transcript21210	PanBaRT20_chr3HG28793.9	100.000	113	0	0	1	339	1	113	9.35e-79	229	99	33
transcript21210	PanBaRT20_chr3HG28793.6	100.000	113	0	0	1	339	1	113	9.35e-79	229	99	33
transcript21210	PanBaRT20_chr3HG28793.5	100.000	113	0	0	1	339	1	113	9.35e-79	229	99	33
transcript21210	PanBaRT20_chr3HG28793.4	100.000	113	0	0	1	339	1	113	9.35e-79	229	99	33
transcript21210	PanBaRT20_chr3HG28793.2	100.000	113	0	0	1	339	1	113	9.35e-79	229	99	33
transcript21210	PanBaRT20_chr3HG28793.12	100.000	113	0	0	1	339	1	113	9.35e-79	229	99	33
transcript21210	PanBaRT20_chr3HG28793.8	100.000	113	0	0	1	339	1	113	1.16e-78	229	99	33
transcript21210	PanBaRT20_chr3HG28793.3	100.000	113	0	0	1	339	1	113	1.16e-78	229	99	33
transcript21210	PanBaRT20_chr3HG28793.11	100.000	113	0	0	1	339	1	113	1.16e-78	229	99	33
transcript21210	PanBaRT20_chr3HG28793.10	100.000	113	0	0	1	339	1	113	1.16e-78	229	99	33
transcript21297	PanBaRT20_chr3HG28903.3	100.000	109	0	0	1	327	1	109	4.95e-46	146	99	33
transcript21297	PanBaRT20_chr3HG28903.2	100.000	109	0	0	1	327	1	109	4.95e-46	146	99	33
transcript21297	PanBaRT20_chr3HG28903.1	100.000	109	0	0	1	327	40	148	2.09e-45	146	99	33
transcript21298	PanBaRT20_chr3HG28903.3	100.000	109	0	0	1	327	1	109	4.95e-46	146	99	33
transcript21298	PanBaRT20_chr3HG28903.2	100.000	109	0	0	1	327	1	109	4.95e-46	146	99	33
transcript21298	PanBaRT20_chr3HG28903.1	100.000	109	0	0	1	327	40	148	2.09e-45	146	99	33
transcript21299	PanBaRT20_chr3HG28903.3	100.000	109	0	0	1	327	1	109	4.95e-46	146	99	33
transcript21299	PanBaRT20_chr3HG28903.2	100.000	109	0	0	1	327	1	109	4.95e-46	146	99	33
transcript21299	PanBaRT20_chr3HG28903.1	100.000	109	0	0	1	327	40	148	2.09e-45	146	99	33
transcript21442	PanBaRT20_chr3HG29093.7	100.000	87	0	0	1	261	1	87	9.56e-46	144	99	33
transcript21442	PanBaRT20_chr3HG29093.6	100.000	87	0	0	1	261	1	87	9.56e-46	144	99	33
transcript21442	PanBaRT20_chr3HG29093.4	100.000	87	0	0	1	261	1	87	9.56e-46	144	99	33
transcript21442	PanBaRT20_chr3HG29093.3	100.000	87	0	0	1	261	1	87	9.56e-46	144	99	33
transcript21442	PanBaRT20_chr3HG29093.1	100.000	87	0	0	1	261	1	87	9.56e-46	144	99	33
transcript21443	PanBaRT20_chr3HG29093.7	100.000	87	0	0	1	261	1	87	9.56e-46	144	99	33
transcript21443	PanBaRT20_chr3HG29093.6	100.000	87	0	0	1	261	1	87	9.56e-46	144	99	33
transcript21443	PanBaRT20_chr3HG29093.4	100.000	87	0	0	1	261	1	87	9.56e-46	144	99	33
transcript21443	PanBaRT20_chr3HG29093.3	100.000	87	0	0	1	261	1	87	9.56e-46	144	99	33
transcript21443	PanBaRT20_chr3HG29093.1	100.000	87	0	0	1	261	1	87	9.56e-46	144	99	33
transcript21444	PanBaRT20_chr3HG29093.7	100.000	87	0	0	1	261	1	87	9.56e-46	144	99	33
transcript21444	PanBaRT20_chr3HG29093.6	100.000	87	0	0	1	261	1	87	9.56e-46	144	99	33
transcript21444	PanBaRT20_chr3HG29093.4	100.000	87	0	0	1	261	1	87	9.56e-46	144	99	33
transcript21444	PanBaRT20_chr3HG29093.3	100.000	87	0	0	1	261	1	87	9.56e-46	144	99	33
transcript21444	PanBaRT20_chr3HG29093.1	100.000	87	0	0	1	261	1	87	9.56e-46	144	99	33
transcript22375	PanBaRT20_chr3HG30266.3	98.958	192	2	0	1	576	1	192	3.07e-136	381	99	33
transcript22375	PanBaRT20_chr3HG30266.2	98.958	192	2	0	1	576	1	192	3.07e-136	381	99	33
transcript22375	PanBaRT20_chr3HG30266.1	98.958	192	2	0	1	576	1	192	3.07e-136	381	99	33
transcript22632	PanBaRT20_chr3HG30528.17	96.517	201	7	0	1	603	1	201	9.06e-87	257	100	33
transcript23229	PanBaRT20_chr4HG40084.74	96.748	123	4	0	1	369	1	123	1.71e-52	164	99	33
transcript23229	PanBaRT20_chr4HG40084.6	96.748	123	4	0	1	369	1	123	1.71e-52	164	99	33
transcript23229	PanBaRT20_chr4HG40084.51	96.748	123	4	0	1	369	1	123	1.71e-52	164	99	33
transcript23923	PanBaRT20_chr3HG32083.1	97.500	120	3	0	403	762	155	274	1.04e-109	243	98	16
transcript23923	PanBaRT20_chr3HG32083.1	97.000	100	3	0	48	347	36	135	1.04e-109	140	98	13
transcript23923	PanBaRT20_chr3HG32083.1	100.000	14	0	0	2	43	22	35	1.04e-109	36.6	98	2
transcript24229	PanBaRT20_chr3HG32808.4	99.346	153	1	0	1	459	1	153	9.12e-40	134	99	33
transcript24229	PanBaRT20_chr3HG32808.3	99.346	153	1	0	1	459	1	153	9.12e-40	134	99	33
transcript24229	PanBaRT20_chr3HG32808.2	99.346	153	1	0	1	459	1	153	9.12e-40	134	99	33
transcript24229	PanBaRT20_chr3HG32808.1	99.346	153	1	0	1	459	1	153	9.12e-40	134	99	33
transcript24771	PanBaRT20_chr3HG33450.1	98.507	67	1	0	1	201	1	67	7.08e-23	85.1	99	33
transcript24772	PanBaRT20_chr3HG33450.1	98.507	67	1	0	1	201	1	67	7.08e-23	85.1	99	33
transcript24820	PanBaRT20_chr3HG33522.5	100.000	101	0	0	1	303	1	101	2.16e-68	202	99	33
transcript24820	PanBaRT20_chr3HG33522.4	100.000	101	0	0	1	303	1	101	2.16e-68	202	99	33
transcript24820	PanBaRT20_chr3HG33522.3	100.000	101	0	0	1	303	1	101	2.16e-68	202	99	33
transcript24820	PanBaRT20_chr3HG33522.2	100.000	101	0	0	1	303	1	101	2.16e-68	202	99	33
transcript24820	PanBaRT20_chr3HG33522.1	100.000	101	0	0	1	303	1	101	2.16e-68	202	99	33
transcript24824	PanBaRT20_chr3HG33529.1	100.000	104	0	0	1	312	1	104	3.26e-27	98.6	99	33
transcript25411	PanBaRT20_chr3HG34136.3	98.182	110	2	0	1	330	1	110	2.64e-22	92.0	99	18
transcript25411	PanBaRT20_chr3HG34136.5	98.182	110	2	0	1	330	1	110	1.16e-21	91.7	99	18
transcript25411	PanBaRT20_chr3HG34136.5	98.571	70	1	0	264	473	62	131	7.93e-11	62.4	99	12
transcript25411	PanBaRT20_chr3HG34136.5	95.455	22	1	0	344	409	62	83	0.001	42.0	99	4
transcript25411	PanBaRT20_chr3HG34136.4	98.182	110	2	0	1	330	1	110	1.16e-21	91.7	99	18
transcript25411	PanBaRT20_chr3HG34136.4	98.571	70	1	0	264	473	62	131	7.93e-11	62.4	99	12
transcript25411	PanBaRT20_chr3HG34136.4	95.455	22	1	0	344	409	62	83	0.001	42.0	99	4
transcript32983	PanBaRT20_chr5HG44872.1	100.000	105	0	0	1	315	1	105	1.90e-52	162	99	33
transcript33115	PanBaRT20_chr5HG45023.7	100.000	134	0	0	1	402	1	134	2.70e-99	283	99	33
transcript33115	PanBaRT20_chr5HG45023.6	100.000	134	0	0	1	402	1	134	2.70e-99	283	99	33
transcript33115	PanBaRT20_chr5HG45023.5	100.000	134	0	0	1	402	1	134	2.70e-99	283	99	33
transcript33115	PanBaRT20_chr5HG45023.16	100.000	134	0	0	1	402	1	134	2.70e-99	283	99	33
transcript33115	PanBaRT20_chr5HG45023.4	100.000	131	0	0	1	393	1	131	3.74e-97	278	97	32
transcript33115	PanBaRT20_chr5HG45023.23	100.000	131	0	0	1	393	1	131	4.53e-97	278	97	32
transcript33115	PanBaRT20_chr5HG45023.15	100.000	131	0	0	1	393	1	131	4.53e-97	278	97	32
transcript33115	PanBaRT20_chr5HG45023.18	100.000	131	0	0	1	393	1	131	5.17e-97	277	97	32
transcript33115	PanBaRT20_chr5HG45023.9	100.000	131	0	0	1	393	1	131	6.65e-97	277	97	32
transcript33115	PanBaRT20_chr5HG45023.11	100.000	131	0	0	1	393	1	131	6.65e-97	277	97	32
transcript33115	PanBaRT20_chr5HG45023.2	100.000	131	0	0	1	393	1	131	1.71e-96	276	97	32
transcript33115	PanBaRT20_chr5HG45023.12	100.000	131	0	0	1	393	1	131	1.71e-96	276	97	32
transcript33115	PanBaRT20_chr3HG33208.14	96.269	134	5	0	1	402	136	269	3.01e-93	273	99	33
transcript33115	PanBaRT20_chr3HG33208.48	95.455	132	6	0	1	396	136	267	3.19e-91	268	98	33
transcript33115	PanBaRT20_chr3HG33208.45	95.455	132	6	0	1	396	136	267	3.19e-91	268	98	33
transcript33115	PanBaRT20_chr3HG33208.42	95.455	132	6	0	1	396	136	267	3.19e-91	268	98	33
transcript33115	PanBaRT20_chr3HG33208.34	95.455	132	6	0	1	396	136	267	3.19e-91	268	98	33
transcript33115	PanBaRT20_chr3HG33208.29	96.183	131	5	0	1	393	136	266	1.04e-90	266	97	32
transcript33115	PanBaRT20_chr3HG33208.20	96.183	131	5	0	1	393	136	266	1.04e-90	266	97	32
transcript33115	PanBaRT20_chr3HG33208.9	95.455	132	6	0	1	396	136	267	1.53e-90	270	98	33
transcript33115	PanBaRT20_chr3HG33208.57	95.455	132	6	0	1	396	136	267	1.53e-90	270	98	33
transcript33115	PanBaRT20_chr3HG33208.53	95.455	132	6	0	1	396	136	267	1.53e-90	270	98	33
transcript33115	PanBaRT20_chr3HG33208.51	95.455	132	6	0	1	396	136	267	1.53e-90	270	98	33
transcript33115	PanBaRT20_chr3HG33208.49	95.455	132	6	0	1	396	136	267	1.53e-90	270	98	33
transcript33115	PanBaRT20_chr3HG33208.4	95.455	132	6	0	1	396	136	267	1.53e-90	270	98	33
transcript33115	PanBaRT20_chr3HG33208.33	95.455	132	6	0	1	396	136	267	1.53e-90	270	98	33
transcript33115	PanBaRT20_chr3HG33208.3	95.455	132	6	0	1	396	136	267	1.53e-90	270	98	33
transcript33115	PanBaRT20_chr3HG33208.23	95.455	132	6	0	1	396	136	267	1.53e-90	270	98	33
transcript33115	PanBaRT20_chr3HG33208.11	95.455	132	6	0	1	396	136	267	1.53e-90	270	98	33
transcript33115	PanBaRT20_chr3HG33208.10	95.455	132	6	0	1	396	136	267	1.53e-90	270	98	33
transcript33115	PanBaRT20_chr3HG33208.18	95.455	132	6	0	1	396	136	267	2.54e-90	269	98	33
transcript33115	PanBaRT20_chr3HG33208.41	95.455	132	6	0	1	396	136	267	6.15e-89	270	98	33
transcript33115	PanBaRT20_chr3HG33208.32	95.455	132	6	0	1	396	136	267	5.61e-88	270	98	33
transcript33115	PanBaRT20_chr3HG33208.22	95.455	132	6	0	1	396	136	267	5.61e-88	270	98	33
transcript33115	PanBaRT20_chr3HG33208.31	95.455	132	6	0	1	396	136	267	1.06e-87	270	98	33
transcript33115	PanBaRT20_chr3HG33208.8	95.455	132	6	0	1	396	136	267	3.96e-87	270	98	33
transcript33115	PanBaRT20_chr3HG33208.54	95.455	132	6	0	1	396	136	267	3.96e-87	270	98	33
transcript33115	PanBaRT20_chr3HG33208.30	95.455	132	6	0	1	396	136	267	1.07e-86	270	98	33
transcript33115	PanBaRT20_chr3HG33208.21	95.455	132	6	0	1	396	136	267	6.62e-86	271	98	33
transcript33115	PanBaRT20_chr3HG33208.47	95.455	132	6	0	1	396	1	132	1.18e-85	271	98	33
transcript33115	PanBaRT20_chr3HG33208.2	95.455	132	6	0	1	396	136	267	7.10e-85	271	98	33
transcript33115	PanBaRT20_chr3HG33208.1	95.455	132	6	0	1	396	136	267	7.10e-85	271	98	33
transcript33115	PanBaRT20_chr3HG33208.50	95.455	132	6	0	1	396	140	271	8.20e-85	271	98	33
transcript33115	PanBaRT20_chr3HG33208.44	95.455	132	6	0	1	396	140	271	8.20e-85	271	98	33
transcript33456	PanBaRT20_chr5HG45970.2	97.368	114	3	0	1	342	79	192	6.48e-51	162	99	33
transcript33712	PanBaRT20_chr5HG46304.8	100.000	148	0	0	1	444	1	148	2.40e-102	294	99	33
transcript33712	PanBaRT20_chr5HG46304.7	100.000	148	0	0	1	444	1	148	2.40e-102	294	99	33
transcript33712	PanBaRT20_chr5HG46304.58	100.000	148	0	0	1	444	1	148	2.40e-102	294	99	33
transcript33712	PanBaRT20_chr5HG46304.25	100.000	148	0	0	1	444	1	148	2.40e-102	294	99	33
transcript33712	PanBaRT20_chr5HG46304.52	100.000	148	0	0	1	444	1	148	3.49e-102	293	99	33
transcript33712	PanBaRT20_chr5HG46304.51	100.000	148	0	0	1	444	1	148	3.49e-102	293	99	33
transcript33712	PanBaRT20_chr5HG46304.90	100.000	148	0	0	1	444	1	148	3.63e-102	293	99	33
transcript33712	PanBaRT20_chr5HG46304.57	100.000	148	0	0	1	444	1	148	3.63e-102	293	99	33
transcript33712	PanBaRT20_chr5HG46304.56	100.000	148	0	0	1	444	1	148	3.63e-102	293	99	33
transcript33712	PanBaRT20_chr5HG46304.55	100.000	148	0	0	1	444	1	148	3.63e-102	293	99	33
transcript33712	PanBaRT20_chr5HG46304.54	100.000	148	0	0	1	444	1	148	3.63e-102	293	99	33
transcript33712	PanBaRT20_chr5HG46304.53	100.000	148	0	0	1	444	1	148	3.63e-102	293	99	33
transcript33712	PanBaRT20_chr5HG46304.4	100.000	148	0	0	1	444	1	148	3.63e-102	293	99	33
transcript33712	PanBaRT20_chr5HG46304.21	100.000	148	0	0	1	444	1	148	3.63e-102	293	99	33
transcript33712	PanBaRT20_chr5HG46304.64	100.000	148	0	0	1	444	1	148	4.79e-102	291	99	33
transcript33712	PanBaRT20_chr5HG46304.63	100.000	148	0	0	1	444	1	148	4.79e-102	291	99	33
transcript33712	PanBaRT20_chr5HG46304.62	100.000	148	0	0	1	444	1	148	4.79e-102	291	99	33
transcript33712	PanBaRT20_chr5HG46304.61	100.000	148	0	0	1	444	1	148	4.79e-102	291	99	33
transcript33712	PanBaRT20_chr5HG46304.30	100.000	148	0	0	1	444	1	148	4.79e-102	291	99	33
transcript33712	PanBaRT20_chr5HG46304.22	100.000	148	0	0	1	444	1	148	4.79e-102	291	99	33
transcript33712	PanBaRT20_chr5HG46304.91	100.000	148	0	0	1	444	1	148	5.68e-102	291	99	33
transcript33712	PanBaRT20_chr5HG46304.9	100.000	148	0	0	1	444	1	148	5.68e-102	291	99	33
transcript33712	PanBaRT20_chr5HG46304.89	100.000	148	0	0	1	444	1	148	5.68e-102	291	99	33
transcript33712	PanBaRT20_chr5HG46304.88	100.000	148	0	0	1	444	1	148	5.68e-102	291	99	33
transcript33712	PanBaRT20_chr5HG46304.6	100.000	148	0	0	1	444	1	148	5.68e-102	291	99	33
transcript33712	PanBaRT20_chr5HG46304.50	100.000	148	0	0	1	444	1	148	5.68e-102	291	99	33
transcript33712	PanBaRT20_chr5HG46304.49	100.000	148	0	0	1	444	1	148	5.68e-102	291	99	33
transcript33712	PanBaRT20_chr5HG46304.48	100.000	148	0	0	1	444	1	148	5.68e-102	291	99	33
transcript33712	PanBaRT20_chr5HG46304.47	100.000	148	0	0	1	444	1	148	5.68e-102	291	99	33
transcript33712	PanBaRT20_chr5HG46304.46	100.000	148	0	0	1	444	1	148	5.68e-102	291	99	33
transcript33712	PanBaRT20_chr5HG46304.45	100.000	148	0	0	1	444	1	148	5.68e-102	291	99	33
transcript33712	PanBaRT20_chr5HG46304.44	100.000	148	0	0	1	444	1	148	5.68e-102	291	99	33
transcript33712	PanBaRT20_chr5HG46304.43	100.000	148	0	0	1	444	1	148	5.68e-102	291	99	33
transcript33712	PanBaRT20_chr5HG46304.42	100.000	148	0	0	1	444	1	148	5.68e-102	291	99	33
transcript33712	PanBaRT20_chr5HG46304.41	100.000	148	0	0	1	444	1	148	5.68e-102	291	99	33
transcript33712	PanBaRT20_chr5HG46304.40	100.000	148	0	0	1	444	1	148	5.68e-102	291	99	33
transcript33712	PanBaRT20_chr5HG46304.39	100.000	148	0	0	1	444	1	148	5.68e-102	291	99	33
transcript33712	PanBaRT20_chr5HG46304.38	100.000	148	0	0	1	444	1	148	5.68e-102	291	99	33
transcript33712	PanBaRT20_chr5HG46304.37	100.000	148	0	0	1	444	1	148	5.68e-102	291	99	33
transcript33712	PanBaRT20_chr5HG46304.36	100.000	148	0	0	1	444	1	148	5.68e-102	291	99	33
transcript33712	PanBaRT20_chr5HG46304.35	100.000	148	0	0	1	444	1	148	5.68e-102	291	99	33
transcript33712	PanBaRT20_chr5HG46304.31	100.000	148	0	0	1	444	1	148	5.68e-102	291	99	33
transcript33712	PanBaRT20_chr5HG46304.3	100.000	148	0	0	1	444	1	148	5.68e-102	291	99	33
transcript33712	PanBaRT20_chr5HG46304.28	100.000	148	0	0	1	444	1	148	5.68e-102	291	99	33
transcript33712	PanBaRT20_chr5HG46304.27	100.000	148	0	0	1	444	1	148	5.68e-102	291	99	33
transcript33712	PanBaRT20_chr5HG46304.26	100.000	148	0	0	1	444	1	148	5.68e-102	291	99	33
transcript33712	PanBaRT20_chr5HG46304.16	100.000	148	0	0	1	444	1	148	5.68e-102	291	99	33
transcript33712	PanBaRT20_chr5HG46304.15	100.000	148	0	0	1	444	1	148	5.68e-102	291	99	33
transcript33712	PanBaRT20_chr5HG46304.14	100.000	148	0	0	1	444	1	148	5.68e-102	291	99	33
transcript33712	PanBaRT20_chr5HG46304.59	100.000	148	0	0	1	444	1	148	6.54e-102	292	99	33
transcript33712	PanBaRT20_chr5HG46304.60	100.000	148	0	0	1	444	1	148	8.20e-102	290	99	33
transcript33712	PanBaRT20_chr5HG46304.32	100.000	148	0	0	1	444	1	148	8.20e-102	290	99	33
transcript33712	PanBaRT20_chr5HG46304.2	100.000	148	0	0	1	444	1	148	8.20e-102	290	99	33
transcript33712	PanBaRT20_chr5HG46304.1	100.000	148	0	0	1	444	1	148	8.20e-102	290	99	33
transcript33712	PanBaRT20_chr5HG46304.92	100.000	148	0	0	1	444	1	148	8.30e-102	291	99	33
transcript33712	PanBaRT20_chr5HG46304.87	100.000	148	0	0	1	444	1	148	8.30e-102	291	99	33
transcript33712	PanBaRT20_chr5HG46304.86	100.000	148	0	0	1	444	1	148	8.30e-102	291	99	33
transcript33712	PanBaRT20_chr5HG46304.85	100.000	148	0	0	1	444	1	148	8.30e-102	291	99	33
transcript33712	PanBaRT20_chr5HG46304.84	100.000	148	0	0	1	444	1	148	8.30e-102	291	99	33
transcript33712	PanBaRT20_chr5HG46304.83	100.000	148	0	0	1	444	1	148	8.30e-102	291	99	33
transcript33712	PanBaRT20_chr5HG46304.82	100.000	148	0	0	1	444	1	148	8.30e-102	291	99	33
transcript33712	PanBaRT20_chr5HG46304.81	100.000	148	0	0	1	444	1	148	8.30e-102	291	99	33
transcript33712	PanBaRT20_chr5HG46304.80	100.000	148	0	0	1	444	1	148	8.30e-102	291	99	33
transcript33712	PanBaRT20_chr5HG46304.79	100.000	148	0	0	1	444	1	148	8.30e-102	291	99	33
transcript33712	PanBaRT20_chr5HG46304.78	100.000	148	0	0	1	444	1	148	8.30e-102	291	99	33
transcript33712	PanBaRT20_chr5HG46304.77	100.000	148	0	0	1	444	1	148	8.30e-102	291	99	33
transcript33712	PanBaRT20_chr5HG46304.76	100.000	148	0	0	1	444	1	148	8.30e-102	291	99	33
transcript33712	PanBaRT20_chr5HG46304.75	100.000	148	0	0	1	444	1	148	8.30e-102	291	99	33
transcript33712	PanBaRT20_chr5HG46304.74	100.000	148	0	0	1	444	1	148	8.30e-102	291	99	33
transcript33712	PanBaRT20_chr5HG46304.73	100.000	148	0	0	1	444	1	148	8.30e-102	291	99	33
transcript33712	PanBaRT20_chr5HG46304.72	100.000	148	0	0	1	444	1	148	8.30e-102	291	99	33
transcript33712	PanBaRT20_chr5HG46304.71	100.000	148	0	0	1	444	1	148	8.30e-102	291	99	33
transcript33712	PanBaRT20_chr5HG46304.70	100.000	148	0	0	1	444	1	148	8.30e-102	291	99	33
transcript33712	PanBaRT20_chr5HG46304.69	100.000	148	0	0	1	444	1	148	8.30e-102	291	99	33
transcript33712	PanBaRT20_chr5HG46304.68	100.000	148	0	0	1	444	1	148	8.30e-102	291	99	33
transcript33712	PanBaRT20_chr5HG46304.67	100.000	148	0	0	1	444	1	148	8.30e-102	291	99	33
transcript33712	PanBaRT20_chr5HG46304.66	100.000	148	0	0	1	444	1	148	8.30e-102	291	99	33
transcript33712	PanBaRT20_chr5HG46304.65	100.000	148	0	0	1	444	1	148	8.30e-102	291	99	33
transcript33712	PanBaRT20_chr5HG46304.5	100.000	148	0	0	1	444	1	148	8.30e-102	291	99	33
transcript33712	PanBaRT20_chr5HG46304.34	100.000	148	0	0	1	444	1	148	8.30e-102	291	99	33
transcript33712	PanBaRT20_chr5HG46304.33	100.000	148	0	0	1	444	1	148	8.30e-102	291	99	33
transcript33712	PanBaRT20_chr5HG46304.29	100.000	148	0	0	1	444	1	148	8.30e-102	291	99	33
transcript33712	PanBaRT20_chr5HG46304.24	100.000	148	0	0	1	444	1	148	8.30e-102	291	99	33
transcript33712	PanBaRT20_chr5HG46304.23	100.000	148	0	0	1	444	1	148	8.30e-102	291	99	33
transcript33712	PanBaRT20_chr5HG46304.20	100.000	148	0	0	1	444	1	148	8.30e-102	291	99	33
transcript33712	PanBaRT20_chr5HG46304.19	100.000	148	0	0	1	444	1	148	8.30e-102	291	99	33
transcript33712	PanBaRT20_chr5HG46304.18	100.000	148	0	0	1	444	1	148	8.30e-102	291	99	33
transcript33712	PanBaRT20_chr5HG46304.17	100.000	148	0	0	1	444	1	148	8.30e-102	291	99	33
transcript33712	PanBaRT20_chr5HG46304.13	100.000	148	0	0	1	444	1	148	8.30e-102	291	99	33
transcript33712	PanBaRT20_chr5HG46304.12	100.000	148	0	0	1	444	1	148	8.30e-102	291	99	33
transcript33712	PanBaRT20_chr5HG46304.11	100.000	148	0	0	1	444	1	148	8.30e-102	291	99	33
transcript33712	PanBaRT20_chr5HG46304.10	100.000	148	0	0	1	444	1	148	8.30e-102	291	99	33
transcript33741	PanBaRT20_chr5HG46346.9	97.959	98	2	0	1	294	1	98	8.14e-65	193	99	33
transcript33741	PanBaRT20_chr5HG46346.5	97.959	98	2	0	1	294	1	98	8.14e-65	193	99	33
transcript33741	PanBaRT20_chr5HG46346.14	97.959	98	2	0	1	294	1	98	8.14e-65	193	99	33
transcript33844	PanBaRT20_chr5HG46490.9	100.000	100	0	0	1	300	1	100	3.80e-40	131	99	33
transcript33844	PanBaRT20_chr5HG46490.8	100.000	100	0	0	1	300	1	100	3.80e-40	131	99	33
transcript33844	PanBaRT20_chr5HG46490.7	100.000	100	0	0	1	300	1	100	3.80e-40	131	99	33
transcript33844	PanBaRT20_chr5HG46490.6	100.000	100	0	0	1	300	1	100	3.80e-40	131	99	33
transcript33844	PanBaRT20_chr5HG46490.5	100.000	100	0	0	1	300	1	100	3.80e-40	131	99	33
transcript33844	PanBaRT20_chr5HG46490.4	100.000	100	0	0	1	300	1	100	3.80e-40	131	99	33
transcript33844	PanBaRT20_chr5HG46490.12	100.000	100	0	0	1	300	1	100	3.80e-40	131	99	33
transcript33844	PanBaRT20_chr5HG46490.11	100.000	100	0	0	1	300	1	100	3.80e-40	131	99	33
transcript33844	PanBaRT20_chr5HG46490.10	100.000	100	0	0	1	300	1	100	3.80e-40	131	99	33
transcript33844	PanBaRT20_chr5HG46490.3	100.000	100	0	0	1	300	56	155	1.91e-39	131	99	33
transcript33844	PanBaRT20_chr5HG46490.2	100.000	100	0	0	1	300	56	155	1.91e-39	131	99	33
transcript33844	PanBaRT20_chr5HG46490.1	100.000	100	0	0	1	300	56	155	1.91e-39	131	99	33
transcript33845	PanBaRT20_chr5HG46490.9	100.000	100	0	0	1	300	1	100	3.80e-40	131	99	33
transcript33845	PanBaRT20_chr5HG46490.8	100.000	100	0	0	1	300	1	100	3.80e-40	131	99	33
transcript33845	PanBaRT20_chr5HG46490.7	100.000	100	0	0	1	300	1	100	3.80e-40	131	99	33
transcript33845	PanBaRT20_chr5HG46490.6	100.000	100	0	0	1	300	1	100	3.80e-40	131	99	33
transcript33845	PanBaRT20_chr5HG46490.5	100.000	100	0	0	1	300	1	100	3.80e-40	131	99	33
transcript33845	PanBaRT20_chr5HG46490.4	100.000	100	0	0	1	300	1	100	3.80e-40	131	99	33
transcript33845	PanBaRT20_chr5HG46490.12	100.000	100	0	0	1	300	1	100	3.80e-40	131	99	33
transcript33845	PanBaRT20_chr5HG46490.11	100.000	100	0	0	1	300	1	100	3.80e-40	131	99	33
transcript33845	PanBaRT20_chr5HG46490.10	100.000	100	0	0	1	300	1	100	3.80e-40	131	99	33
transcript33845	PanBaRT20_chr5HG46490.3	100.000	100	0	0	1	300	56	155	1.91e-39	131	99	33
transcript33845	PanBaRT20_chr5HG46490.2	100.000	100	0	0	1	300	56	155	1.91e-39	131	99	33
transcript33845	PanBaRT20_chr5HG46490.1	100.000	100	0	0	1	300	56	155	1.91e-39	131	99	33
transcript33870	PanBaRT20_chr5HG46522.2	98.551	69	1	0	208	2	1	69	7.31e-43	137	98	29
transcript33870	PanBaRT20_chr5HG46522.1	98.551	69	1	0	208	2	1	69	1.17e-42	137	98	29
transcript33871	PanBaRT20_chr5HG46522.2	98.551	69	1	0	208	2	1	69	7.31e-43	137	98	29
transcript33871	PanBaRT20_chr5HG46522.1	98.551	69	1	0	208	2	1	69	1.17e-42	137	98	29
transcript33947	PanBaRT20_chr5HG46593.1	100.000	81	0	0	1	243	16	96	1.13e-55	169	99	33
transcript33947	PanBaRT20_chr5HG46588.4	95.062	81	4	0	1	243	1	81	3.87e-52	160	99	33
transcript33989	PanBaRT20_chr5HG46612.8	100.000	85	0	0	1	255	1	85	2.23e-56	171	99	33
transcript33989	PanBaRT20_chr5HG46612.7	100.000	85	0	0	1	255	1	85	2.23e-56	171	99	33
transcript33989	PanBaRT20_chr5HG46612.6	100.000	85	0	0	1	255	1	85	2.23e-56	171	99	33
transcript33989	PanBaRT20_chr5HG46612.5	100.000	85	0	0	1	255	1	85	2.23e-56	171	99	33
transcript33989	PanBaRT20_chr5HG46612.3	100.000	85	0	0	1	255	1	85	2.23e-56	171	99	33
transcript33989	PanBaRT20_chr5HG46612.2	100.000	85	0	0	1	255	1	85	2.23e-56	171	99	33
transcript33989	PanBaRT20_chr5HG46612.13	100.000	85	0	0	1	255	1	85	2.23e-56	171	99	33
transcript33989	PanBaRT20_chr5HG46612.11	100.000	85	0	0	1	255	1	85	2.23e-56	171	99	33
transcript33989	PanBaRT20_chr5HG46612.10	100.000	85	0	0	1	255	1	85	2.23e-56	171	99	33
transcript33989	PanBaRT20_chr5HG46612.1	100.000	85	0	0	1	255	1	85	2.23e-56	171	99	33
transcript33989	PanBaRT20_chr5HG46612.12	97.403	77	2	0	1	231	1	77	9.97e-48	152	99	30
transcript33989	PanBaRT20_chr5HG46612.14	97.403	77	2	0	1	231	1	77	3.02e-47	151	99	30
transcript33989	PanBaRT20_chr5HG46612.9	97.403	77	2	0	1	231	1	77	3.06e-47	150	99	30
transcript34067	PanBaRT20_chr5HG46736.21	99.265	136	1	0	1	408	1	136	7.13e-84	244	99	33
transcript34103	PanBaRT20_chr5HG46776.10	98.969	97	1	0	1	291	1	97	1.84e-68	202	99	33
transcript34189	PanBaRT20_chr5HG46880.101	100.000	81	0	0	1	243	1	81	7.55e-55	166	99	33
transcript34197	PanBaRT20_chr5HG46925.9	100.000	102	0	0	1	306	1	102	3.53e-32	111	99	33
transcript34197	PanBaRT20_chr5HG46925.8	100.000	102	0	0	1	306	1	102	3.53e-32	111	99	33
transcript34197	PanBaRT20_chr5HG46925.5	100.000	102	0	0	1	306	1	102	3.53e-32	111	99	33
transcript34197	PanBaRT20_chr5HG46925.4	100.000	102	0	0	1	306	1	102	3.53e-32	111	99	33
transcript34197	PanBaRT20_chr5HG46925.12	100.000	102	0	0	1	306	1	102	3.53e-32	111	99	33
transcript34197	PanBaRT20_chr5HG46925.7	99.010	101	1	0	1	303	1	101	2.96e-31	109	98	33
transcript34198	PanBaRT20_chr5HG46925.2	100.000	112	0	0	1	336	1	112	6.44e-40	131	99	33
transcript34212	PanBaRT20_chr5HG46956.2	100.000	117	0	0	1	351	11	127	4.28e-74	218	99	33
transcript34212	PanBaRT20_chr5HG46956.1	100.000	117	0	0	1	351	11	127	4.28e-74	218	99	33
transcript34212	PanBaRT20_chr5HG46956.58	97.368	114	3	0	1	342	11	124	6.35e-69	207	97	32
transcript34212	PanBaRT20_chr5HG46956.37	97.368	114	3	0	1	342	11	124	6.35e-69	207	97	32
transcript34212	PanBaRT20_chr5HG46956.17	97.368	114	3	0	1	342	11	124	8.72e-69	207	97	32
transcript34212	PanBaRT20_chr5HG46956.16	97.368	114	3	0	1	342	1	114	9.48e-69	209	97	32
transcript34212	PanBaRT20_chr5HG46956.32	97.368	114	3	0	1	342	11	124	9.58e-69	207	97	32
transcript34212	PanBaRT20_chr5HG46956.3	97.368	114	3	0	1	342	11	124	9.62e-69	210	97	32
transcript34212	PanBaRT20_chr5HG46956.28	97.368	114	3	0	1	342	1	114	1.02e-68	210	97	32
transcript34212	PanBaRT20_chr5HG46956.81	97.368	114	3	0	1	342	1	114	1.26e-68	209	97	32
transcript34212	PanBaRT20_chr5HG46956.4	97.368	114	3	0	1	342	1	114	1.31e-68	209	97	32
transcript34212	PanBaRT20_chr5HG46956.39	97.368	114	3	0	1	342	11	124	1.38e-68	210	97	32
transcript34212	PanBaRT20_chr5HG46956.56	97.368	114	3	0	1	342	11	124	1.85e-68	207	97	32
transcript34212	PanBaRT20_chr5HG46956.18	97.368	114	3	0	1	342	11	124	2.39e-68	209	97	32
transcript34212	PanBaRT20_chr5HG46956.53	97.368	114	3	0	1	342	11	124	2.53e-68	207	97	32
transcript34281	PanBaRT20_chr5HG47129.3	100.000	124	0	0	1	372	1	124	2.25e-78	229	99	33
transcript34281	PanBaRT20_chr5HG47129.20	100.000	124	0	0	1	372	1	124	2.25e-78	229	99	33
transcript34281	PanBaRT20_chr5HG47129.2	100.000	124	0	0	1	372	1	124	2.25e-78	229	99	33
transcript34281	PanBaRT20_chr5HG47129.17	100.000	124	0	0	1	372	1	124	2.25e-78	229	99	33
transcript34281	PanBaRT20_chr5HG47129.1	100.000	124	0	0	1	372	1	124	2.25e-78	229	99	33
transcript34282	PanBaRT20_chr5HG47129.3	100.000	124	0	0	1	372	1	124	2.25e-78	229	99	33
transcript34282	PanBaRT20_chr5HG47129.20	100.000	124	0	0	1	372	1	124	2.25e-78	229	99	33
transcript34282	PanBaRT20_chr5HG47129.2	100.000	124	0	0	1	372	1	124	2.25e-78	229	99	33
transcript34282	PanBaRT20_chr5HG47129.17	100.000	124	0	0	1	372	1	124	2.25e-78	229	99	33
transcript34282	PanBaRT20_chr5HG47129.1	100.000	124	0	0	1	372	1	124	2.25e-78	229	99	33
transcript34317	PanBaRT20_chr5HG47204.8	100.000	79	0	0	1	237	1	79	1.37e-37	123	99	33
transcript34317	PanBaRT20_chr5HG47204.7	100.000	79	0	0	1	237	1	79	1.37e-37	123	99	33
transcript34317	PanBaRT20_chr5HG47204.6	100.000	79	0	0	1	237	1	79	1.37e-37	123	99	33
transcript34317	PanBaRT20_chr5HG47204.5	100.000	79	0	0	1	237	1	79	1.37e-37	123	99	33
transcript34317	PanBaRT20_chr5HG47204.3	100.000	79	0	0	1	237	1	79	1.37e-37	123	99	33
transcript34317	PanBaRT20_chr5HG47204.16	100.000	79	0	0	1	237	1	79	1.37e-37	123	99	33
transcript34317	PanBaRT20_chr5HG47204.14	100.000	79	0	0	1	237	1	79	1.37e-37	123	99	33
transcript34317	PanBaRT20_chr5HG47204.13	100.000	79	0	0	1	237	1	79	1.37e-37	123	99	33
transcript34317	PanBaRT20_chr5HG47204.12	100.000	79	0	0	1	237	1	79	1.37e-37	123	99	33
transcript34317	PanBaRT20_chr5HG47204.11	100.000	79	0	0	1	237	1	79	1.37e-37	123	99	33
transcript34317	PanBaRT20_chr5HG47204.10	100.000	79	0	0	1	237	1	79	1.37e-37	123	99	33
transcript34317	PanBaRT20_chr5HG47204.1	100.000	79	0	0	1	237	1	79	1.37e-37	123	99	33
transcript34405	PanBaRT20_chr5HG47590.7	100.000	220	0	0	1	660	1	220	5.39e-151	421	99	33
transcript34405	PanBaRT20_chr5HG47590.9	97.938	194	4	0	1	582	1	194	1.48e-126	359	99	29
transcript34405	PanBaRT20_chr5HG47590.9	100.000	24	0	0	590	661	190	213	1.73e-07	53.5	99	4
transcript34416	PanBaRT20_chr5HG47616.3	100.000	112	0	0	1	336	1	112	8.38e-76	222	99	33
transcript34416	PanBaRT20_chr5HG47616.2	100.000	112	0	0	1	336	1	112	8.38e-76	222	99	33
transcript34460	PanBaRT20_chr5HG47718.7	100.000	76	0	0	1	228	1	76	1.15e-32	110	99	33
transcript34460	PanBaRT20_chr5HG47718.6	100.000	76	0	0	1	228	1	76	1.15e-32	110	99	33
transcript34460	PanBaRT20_chr5HG47718.5	100.000	76	0	0	1	228	1	76	1.15e-32	110	99	33
transcript34460	PanBaRT20_chr5HG47718.4	100.000	76	0	0	1	228	1	76	1.15e-32	110	99	33
transcript34460	PanBaRT20_chr5HG47718.24	100.000	76	0	0	1	228	1	76	1.15e-32	110	99	33
transcript34460	PanBaRT20_chr5HG47718.23	100.000	76	0	0	1	228	1	76	1.15e-32	110	99	33
transcript34460	PanBaRT20_chr5HG47718.22	100.000	76	0	0	1	228	1	76	1.15e-32	110	99	33
transcript34460	PanBaRT20_chr5HG47718.21	100.000	76	0	0	1	228	1	76	1.15e-32	110	99	33
transcript34460	PanBaRT20_chr5HG47718.19	100.000	76	0	0	1	228	1	76	1.15e-32	110	99	33
transcript34460	PanBaRT20_chr5HG47718.17	100.000	76	0	0	1	228	1	76	1.15e-32	110	99	33
transcript34460	PanBaRT20_chr5HG47718.16	100.000	76	0	0	1	228	1	76	1.15e-32	110	99	33
transcript34543	PanBaRT20_chr5HG48077.5	98.851	87	1	0	1	261	1	87	9.43e-58	174	99	33
transcript34543	PanBaRT20_chr5HG48077.2	98.851	87	1	0	1	261	1	87	9.43e-58	174	99	33
transcript34543	PanBaRT20_chr5HG48077.1	98.851	87	1	0	1	261	1	87	9.43e-58	174	99	33
transcript34592	PanBaRT20_chr5HG47930.9	100.000	75	0	0	1	225	1	75	8.13e-50	153	99	33
transcript34592	PanBaRT20_chr5HG47930.8	100.000	75	0	0	1	225	1	75	8.13e-50	153	99	33
transcript34592	PanBaRT20_chr5HG47930.6	100.000	75	0	0	1	225	1	75	8.13e-50	153	99	33
transcript34592	PanBaRT20_chr5HG47930.5	100.000	75	0	0	1	225	1	75	8.13e-50	153	99	33
transcript34592	PanBaRT20_chr5HG47930.4	100.000	75	0	0	1	225	1	75	8.13e-50	153	99	33
transcript34592	PanBaRT20_chr5HG47930.30	100.000	75	0	0	1	225	1	75	8.13e-50	153	99	33
transcript34592	PanBaRT20_chr5HG47930.3	100.000	75	0	0	1	225	1	75	8.13e-50	153	99	33
transcript34592	PanBaRT20_chr5HG47930.26	100.000	75	0	0	1	225	1	75	8.13e-50	153	99	33
transcript34592	PanBaRT20_chr5HG47930.24	100.000	75	0	0	1	225	1	75	8.13e-50	153	99	33
transcript34592	PanBaRT20_chr5HG47930.21	100.000	75	0	0	1	225	1	75	8.13e-50	153	99	33
transcript34592	PanBaRT20_chr5HG47930.2	100.000	75	0	0	1	225	1	75	8.13e-50	153	99	33
transcript34592	PanBaRT20_chr5HG47930.18	100.000	75	0	0	1	225	1	75	8.13e-50	153	99	33
transcript34592	PanBaRT20_chr5HG47930.17	100.000	75	0	0	1	225	1	75	8.13e-50	153	99	33
transcript34592	PanBaRT20_chr5HG47930.15	100.000	75	0	0	1	225	1	75	8.13e-50	153	99	33
transcript34592	PanBaRT20_chr5HG47930.13	100.000	75	0	0	1	225	1	75	8.13e-50	153	99	33
transcript34592	PanBaRT20_chr5HG47930.12	100.000	75	0	0	1	225	1	75	8.13e-50	153	99	33
transcript34592	PanBaRT20_chr5HG47930.1	100.000	75	0	0	1	225	1	75	8.13e-50	153	99	33
transcript34620	PanBaRT20_chr5HG47897.83	98.246	171	3	0	1	513	1	171	5.02e-85	251	99	33
transcript34620	PanBaRT20_chr5HG47897.95	98.246	171	3	0	1	513	1	171	2.14e-84	248	99	33
transcript34620	PanBaRT20_chr5HG47897.85	98.246	171	3	0	1	513	1	171	2.14e-84	248	99	33
transcript34620	PanBaRT20_chr5HG47897.77	98.246	171	3	0	1	513	1	171	2.14e-84	248	99	33
transcript34620	PanBaRT20_chr5HG47897.75	98.246	171	3	0	1	513	1	171	2.14e-84	248	99	33
transcript34620	PanBaRT20_chr5HG47897.71	98.246	171	3	0	1	513	1	171	2.14e-84	248	99	33
transcript34620	PanBaRT20_chr5HG47897.62	98.246	171	3	0	1	513	1	171	2.14e-84	248	99	33
transcript34620	PanBaRT20_chr5HG47897.6	98.246	171	3	0	1	513	1	171	2.14e-84	248	99	33
transcript34620	PanBaRT20_chr5HG47897.55	98.246	171	3	0	1	513	1	171	2.14e-84	248	99	33
transcript34620	PanBaRT20_chr5HG47897.52	98.246	171	3	0	1	513	1	171	2.14e-84	248	99	33
transcript34620	PanBaRT20_chr5HG47897.50	98.246	171	3	0	1	513	1	171	2.14e-84	248	99	33
transcript34620	PanBaRT20_chr5HG47897.5	98.246	171	3	0	1	513	1	171	2.14e-84	248	99	33
transcript34620	PanBaRT20_chr5HG47897.48	98.246	171	3	0	1	513	1	171	2.14e-84	248	99	33
transcript34620	PanBaRT20_chr5HG47897.34	98.246	171	3	0	1	513	1	171	2.14e-84	248	99	33
transcript34620	PanBaRT20_chr5HG47897.22	98.246	171	3	0	1	513	1	171	2.14e-84	248	99	33
transcript34620	PanBaRT20_chr5HG47897.21	98.246	171	3	0	1	513	1	171	2.14e-84	248	99	33
transcript34620	PanBaRT20_chr5HG47897.16	98.246	171	3	0	1	513	1	171	2.14e-84	248	99	33
transcript34620	PanBaRT20_chr5HG47897.129	98.246	171	3	0	1	513	1	171	2.14e-84	248	99	33
transcript34620	PanBaRT20_chr5HG47897.120	98.246	171	3	0	1	513	1	171	2.14e-84	248	99	33
transcript34620	PanBaRT20_chr5HG47897.119	98.246	171	3	0	1	513	1	171	2.14e-84	248	99	33
transcript34620	PanBaRT20_chr5HG47897.1	98.246	171	3	0	1	513	1	171	2.14e-84	248	99	33
transcript34620	PanBaRT20_chr5HG47897.123	98.246	171	3	0	1	513	1	171	2.21e-84	249	99	33
transcript34620	PanBaRT20_chr5HG47897.66	98.246	171	3	0	1	513	1	171	2.32e-84	248	99	33
transcript34620	PanBaRT20_chr5HG47897.99	98.246	171	3	0	1	513	1	171	2.91e-84	249	99	33
transcript34620	PanBaRT20_chr5HG47897.98	98.246	171	3	0	1	513	1	171	2.91e-84	249	99	33
transcript34620	PanBaRT20_chr5HG47897.97	98.246	171	3	0	1	513	1	171	2.91e-84	249	99	33
transcript34620	PanBaRT20_chr5HG47897.88	98.246	171	3	0	1	513	1	171	2.91e-84	249	99	33
transcript34620	PanBaRT20_chr5HG47897.86	98.246	171	3	0	1	513	1	171	2.91e-84	249	99	33
transcript34620	PanBaRT20_chr5HG47897.81	98.246	171	3	0	1	513	1	171	2.91e-84	249	99	33
transcript34620	PanBaRT20_chr5HG47897.80	98.246	171	3	0	1	513	1	171	2.91e-84	249	99	33
transcript34620	PanBaRT20_chr5HG47897.76	98.246	171	3	0	1	513	1	171	2.91e-84	249	99	33
transcript34620	PanBaRT20_chr5HG47897.7	98.246	171	3	0	1	513	1	171	2.91e-84	249	99	33
transcript34620	PanBaRT20_chr5HG47897.69	98.246	171	3	0	1	513	1	171	2.91e-84	249	99	33
transcript34620	PanBaRT20_chr5HG47897.47	98.246	171	3	0	1	513	1	171	2.91e-84	249	99	33
transcript34620	PanBaRT20_chr5HG47897.40	98.246	171	3	0	1	513	1	171	2.91e-84	249	99	33
transcript34620	PanBaRT20_chr5HG47897.29	98.246	171	3	0	1	513	1	171	2.91e-84	249	99	33
transcript34620	PanBaRT20_chr5HG47897.23	98.246	171	3	0	1	513	1	171	2.91e-84	249	99	33
transcript34620	PanBaRT20_chr5HG47897.137	98.246	171	3	0	1	513	1	171	2.91e-84	249	99	33
transcript34620	PanBaRT20_chr5HG47897.12	98.246	171	3	0	1	513	1	171	2.91e-84	249	99	33
transcript34620	PanBaRT20_chr5HG47897.110	98.246	171	3	0	1	513	1	171	2.91e-84	249	99	33
transcript34620	PanBaRT20_chr5HG47897.103	98.246	171	3	0	1	513	1	171	2.91e-84	249	99	33
transcript34620	PanBaRT20_chr5HG47897.26	98.246	171	3	0	1	513	1	171	3.06e-84	249	99	33
transcript34620	PanBaRT20_chr5HG47897.112	98.246	171	3	0	1	513	1	171	3.06e-84	249	99	33
transcript34620	PanBaRT20_chr5HG47897.9	98.246	171	3	0	1	513	1	171	5.71e-84	249	99	33
transcript34620	PanBaRT20_chr5HG47897.89	98.246	171	3	0	1	513	1	171	5.71e-84	249	99	33
transcript34620	PanBaRT20_chr5HG47897.122	98.246	171	3	0	1	513	1	171	5.71e-84	249	99	33
transcript34620	PanBaRT20_chr5HG47897.130	98.246	171	3	0	1	513	1	171	6.46e-84	249	99	33
transcript34620	PanBaRT20_chr5HG47897.8	98.246	171	3	0	1	513	1	171	6.83e-84	249	99	33
transcript34620	PanBaRT20_chr5HG47897.72	98.246	171	3	0	1	513	1	171	7.13e-84	249	99	33
transcript34620	PanBaRT20_chr5HG47897.42	98.246	171	3	0	1	513	1	171	1.10e-83	249	99	33
transcript34620	PanBaRT20_chr5HG47897.117	98.246	171	3	0	1	513	1	171	1.27e-83	250	99	33
transcript34620	PanBaRT20_chr5HG47897.96	98.246	171	3	0	1	513	1	171	2.95e-83	246	99	33
transcript34620	PanBaRT20_chr5HG47897.79	98.246	171	3	0	1	513	1	171	2.95e-83	246	99	33
transcript34620	PanBaRT20_chr5HG47897.73	98.246	171	3	0	1	513	1	171	2.95e-83	246	99	33
transcript34620	PanBaRT20_chr5HG47897.60	98.246	171	3	0	1	513	1	171	2.95e-83	246	99	33
transcript34620	PanBaRT20_chr5HG47897.51	98.246	171	3	0	1	513	1	171	2.95e-83	246	99	33
transcript34620	PanBaRT20_chr5HG47897.38	98.246	171	3	0	1	513	1	171	2.95e-83	246	99	33
transcript34620	PanBaRT20_chr5HG47897.28	98.246	171	3	0	1	513	1	171	2.95e-83	246	99	33
transcript34620	PanBaRT20_chr5HG47897.25	98.246	171	3	0	1	513	1	171	2.95e-83	246	99	33
transcript34620	PanBaRT20_chr5HG47897.107	98.246	171	3	0	1	513	1	171	2.95e-83	246	99	33
transcript34677	PanBaRT20_chr5HG48180.6	98.844	173	2	0	1	519	1	173	2.79e-104	299	99	33
transcript34677	PanBaRT20_chr5HG48180.2	98.844	173	2	0	1	519	1	173	2.79e-104	299	99	33
transcript34678	PanBaRT20_chr5HG48180.6	98.844	173	2	0	1	519	1	173	2.79e-104	299	99	33
transcript34678	PanBaRT20_chr5HG48180.2	98.844	173	2	0	1	519	1	173	2.79e-104	299	99	33
transcript34680	PanBaRT20_chr5HG48183.1	100.000	101	0	0	1	303	1	101	1.85e-30	106	99	33
transcript34742	PanBaRT20_chr6HG63083.4	96.000	75	3	0	1	225	1	75	1.14e-46	145	99	33
transcript34742	PanBaRT20_chr6HG63083.26	96.000	75	3	0	1	225	1	75	1.14e-46	145	99	33
transcript34742	PanBaRT20_chr6HG63083.2	96.000	75	3	0	1	225	1	75	1.14e-46	145	99	33
transcript34742	PanBaRT20_chr6HG63083.13	96.000	75	3	0	1	225	1	75	1.14e-46	145	99	33
transcript34743	PanBaRT20_chr5HG48282.8	100.000	88	0	0	1	264	1	88	2.13e-47	148	99	33
transcript34743	PanBaRT20_chr5HG48282.7	100.000	88	0	0	1	264	1	88	2.13e-47	148	99	33
transcript34743	PanBaRT20_chr5HG48282.6	100.000	88	0	0	1	264	1	88	2.13e-47	148	99	33
transcript34743	PanBaRT20_chr5HG48282.5	100.000	88	0	0	1	264	1	88	2.13e-47	148	99	33
transcript34743	PanBaRT20_chr5HG48282.3	100.000	88	0	0	1	264	1	88	2.13e-47	148	99	33
transcript34743	PanBaRT20_chr5HG48282.29	100.000	88	0	0	1	264	1	88	2.13e-47	148	99	33
transcript34743	PanBaRT20_chr5HG48282.28	100.000	88	0	0	1	264	1	88	2.13e-47	148	99	33
transcript34743	PanBaRT20_chr5HG48282.27	100.000	88	0	0	1	264	1	88	2.13e-47	148	99	33
transcript34743	PanBaRT20_chr5HG48282.25	100.000	88	0	0	1	264	1	88	2.13e-47	148	99	33
transcript34743	PanBaRT20_chr5HG48282.21	100.000	88	0	0	1	264	1	88	2.13e-47	148	99	33
transcript34743	PanBaRT20_chr5HG48282.20	100.000	88	0	0	1	264	1	88	2.13e-47	148	99	33
transcript34743	PanBaRT20_chr5HG48282.2	100.000	88	0	0	1	264	1	88	2.13e-47	148	99	33
transcript34743	PanBaRT20_chr5HG48282.19	100.000	88	0	0	1	264	1	88	2.13e-47	148	99	33
transcript34743	PanBaRT20_chr5HG48282.18	100.000	88	0	0	1	264	1	88	2.13e-47	148	99	33
transcript34743	PanBaRT20_chr5HG48282.17	100.000	88	0	0	1	264	1	88	2.13e-47	148	99	33
transcript34743	PanBaRT20_chr5HG48282.15	100.000	88	0	0	1	264	1	88	2.13e-47	148	99	33
transcript34743	PanBaRT20_chr5HG48282.14	100.000	88	0	0	1	264	1	88	2.13e-47	148	99	33
transcript34743	PanBaRT20_chr5HG48282.13	100.000	88	0	0	1	264	1	88	2.13e-47	148	99	33
transcript34743	PanBaRT20_chr5HG48282.12	100.000	88	0	0	1	264	1	88	2.13e-47	148	99	33
transcript34743	PanBaRT20_chr5HG48282.10	100.000	88	0	0	1	264	1	88	2.13e-47	148	99	33
transcript34743	PanBaRT20_chr6HG63083.6	98.864	88	1	0	1	264	39	126	5.48e-47	148	99	33
transcript34743	PanBaRT20_chr6HG63083.5	98.864	88	1	0	1	264	39	126	5.48e-47	148	99	33
transcript34743	PanBaRT20_chr6HG63083.38	98.864	88	1	0	1	264	39	126	5.48e-47	148	99	33
transcript34743	PanBaRT20_chr6HG63083.34	98.864	88	1	0	1	264	39	126	5.48e-47	148	99	33
transcript34743	PanBaRT20_chr6HG63083.24	98.864	88	1	0	1	264	39	126	5.48e-47	148	99	33
transcript34743	PanBaRT20_chr6HG63083.23	98.864	88	1	0	1	264	45	132	6.45e-47	149	99	33
transcript34750	PanBaRT20_chr5HG48296.2	99.454	183	1	0	1	549	1	183	2.30e-103	297	99	33
transcript34836	PanBaRT20_chr5HG48430.8	100.000	389	0	0	1	1167	325	713	0.0	820	99	33
transcript34836	PanBaRT20_chr5HG48430.7	100.000	389	0	0	1	1167	325	713	0.0	820	99	33
transcript34836	PanBaRT20_chr5HG48430.6	100.000	389	0	0	1	1167	325	713	0.0	820	99	33
transcript34836	PanBaRT20_chr5HG48430.4	100.000	389	0	0	1	1167	325	713	0.0	820	99	33
transcript34836	PanBaRT20_chr5HG48430.3	100.000	389	0	0	1	1167	325	713	0.0	820	99	33
transcript34836	PanBaRT20_chr5HG48430.11	100.000	389	0	0	1	1167	325	713	0.0	820	99	33
transcript34836	PanBaRT20_chr5HG48430.1	100.000	389	0	0	1	1167	325	713	0.0	820	99	33
transcript34859	PanBaRT20_chr5HG48475.1	100.000	74	0	0	224	3	58	131	1.86e-09	53.1	99	33
transcript34859	PanBaRT20_chr5HG48474.3	100.000	74	0	0	1	222	1	74	7.41e-07	45.1	99	33
transcript34859	PanBaRT20_chr5HG48474.2	100.000	74	0	0	1	222	54	127	2.19e-06	45.1	99	33
transcript34859	PanBaRT20_chr5HG48474.1	100.000	74	0	0	1	222	54	127	2.19e-06	45.1	99	33
transcript34950	PanBaRT20_chr5HG48642.6	100.000	145	0	0	1	435	1	145	8.22e-74	219	99	33
transcript34950	PanBaRT20_chr5HG48642.3	100.000	145	0	0	1	435	1	145	8.22e-74	219	99	33
transcript34950	PanBaRT20_chr5HG48642.10	100.000	145	0	0	1	435	1	145	8.22e-74	219	99	33
transcript34950	PanBaRT20_chr5HG48642.1	100.000	145	0	0	1	435	1	145	8.22e-74	219	99	33
transcript35088	PanBaRT20_chr5HG48811.2	100.000	233	0	0	1	699	8	240	1.31e-135	383	99	33
transcript35088	PanBaRT20_chr5HG48811.3	99.142	233	0	1	1	699	1	231	2.76e-132	374	99	33
transcript35088	PanBaRT20_chr5HG48811.1	100.000	224	0	0	1	672	8	231	3.92e-128	366	96	32
transcript35187	PanBaRT20_chr5HG48964.8	100.000	33	0	0	3	101	4	36	2.20e-15	53.1	98	13
transcript35187	PanBaRT20_chr5HG48964.8	96.000	50	2	0	97	246	34	83	2.20e-15	47.8	98	20
transcript35187	PanBaRT20_chr5HG48961.3	100.000	33	0	0	3	101	4	36	2.20e-15	53.1	98	13
transcript35187	PanBaRT20_chr5HG48961.3	96.000	50	2	0	97	246	34	83	2.20e-15	47.8	98	20
transcript35347	PanBaRT20_chr5HG49152.5	100.000	88	0	0	1	264	1	88	1.88e-49	153	99	33
transcript35347	PanBaRT20_chr5HG49152.4	100.000	88	0	0	1	264	1	88	1.88e-49	153	99	33
transcript35347	PanBaRT20_chr5HG49152.3	100.000	88	0	0	1	264	1	88	1.88e-49	153	99	33
transcript35347	PanBaRT20_chr5HG49152.2	100.000	88	0	0	1	264	1	88	1.88e-49	153	99	33
transcript35347	PanBaRT20_chr5HG49152.1	100.000	88	0	0	1	264	1	88	1.88e-49	153	99	33
transcript35516	PanBaRT20_chr5HG49387.7	100.000	583	0	0	1	1749	1	583	0.0	1189	99	33
transcript35516	PanBaRT20_chr5HG49387.47	100.000	583	0	0	1	1749	1	583	0.0	1189	99	33
transcript35516	PanBaRT20_chr5HG49387.13	100.000	583	0	0	1	1749	1	583	0.0	1189	99	33
transcript35516	PanBaRT20_chr5HG49387.77	99.319	587	0	1	1	1749	1	587	0.0	1184	99	33
transcript35516	PanBaRT20_chr5HG49387.36	99.319	587	0	1	1	1749	1	587	0.0	1184	99	33
transcript35516	PanBaRT20_chr5HG49387.26	99.319	587	0	1	1	1749	1	587	0.0	1184	99	33
transcript35516	PanBaRT20_chr5HG49387.64	98.646	591	0	1	1	1749	1	591	0.0	1181	99	33
transcript35516	PanBaRT20_chr5HG49387.28	95.060	587	0	2	1	1749	1	562	0.0	1118	99	33
transcript35516	PanBaRT20_chr5HG49387.3	100.000	548	0	0	1	1644	1	548	0.0	1117	97	31
transcript35516	PanBaRT20_chr5HG49387.38	100.000	526	0	0	1	1578	1	526	0.0	1074	97	30
transcript35516	PanBaRT20_chr5HG49387.83	100.000	525	0	0	1	1575	1	525	0.0	1071	97	30
transcript35516	PanBaRT20_chr5HG49387.83	100.000	19	0	0	1578	1634	526	544	0.012	42.0	97	1
transcript35516	PanBaRT20_chr5HG49387.54	100.000	525	0	0	1	1575	1	525	0.0	1071	97	30
transcript35516	PanBaRT20_chr5HG49387.54	100.000	19	0	0	1578	1634	526	544	0.012	42.0	97	1
transcript35516	PanBaRT20_chr5HG49387.58	100.000	389	0	0	1	1167	1	389	0.0	793	97	22
transcript35516	PanBaRT20_chr5HG49387.6	99.488	391	2	0	1	1173	1	391	0.0	793	99	22
transcript35516	PanBaRT20_chr5HG49387.86	100.000	352	0	0	1	1056	1	352	0.0	722	97	20
transcript35516	PanBaRT20_chr5HG49387.79	100.000	352	0	0	1	1056	1	352	0.0	722	97	20
transcript35516	PanBaRT20_chr5HG49387.74	100.000	352	0	0	1	1056	1	352	0.0	722	97	20
transcript35516	PanBaRT20_chr5HG49387.51	100.000	352	0	0	1	1056	1	352	0.0	722	97	20
transcript35516	PanBaRT20_chr5HG49387.42	100.000	352	0	0	1	1056	1	352	0.0	722	97	20
transcript35516	PanBaRT20_chr5HG49387.39	100.000	352	0	0	1	1056	1	352	0.0	722	97	20
transcript35516	PanBaRT20_chr5HG49387.34	100.000	352	0	0	1	1056	1	352	0.0	722	97	20
transcript35516	PanBaRT20_chr5HG49387.30	100.000	352	0	0	1	1056	1	352	0.0	722	97	20
transcript35516	PanBaRT20_chr5HG49387.18	100.000	352	0	0	1	1056	1	352	0.0	722	97	20
transcript35516	PanBaRT20_chr5HG49387.15	100.000	352	0	0	1	1056	1	352	0.0	722	97	20
transcript35516	PanBaRT20_chr5HG49387.12	100.000	352	0	0	1	1056	1	352	0.0	722	97	20
transcript35516	PanBaRT20_chr5HG49387.78	100.000	352	0	0	1	1056	1	352	0.0	721	97	20
transcript35516	PanBaRT20_chr5HG49387.72	100.000	352	0	0	1	1056	1	352	0.0	721	97	20
transcript35516	PanBaRT20_chr5HG49387.87	100.000	325	0	0	1	975	1	325	0.0	668	97	19
transcript35516	PanBaRT20_chr5HG49387.66	100.000	325	0	0	1	975	1	325	0.0	668	97	19
transcript35516	PanBaRT20_chr5HG49387.63	100.000	325	0	0	1	975	1	325	0.0	668	97	19
transcript35516	PanBaRT20_chr5HG49387.57	100.000	325	0	0	1	975	1	325	0.0	668	97	19
transcript35516	PanBaRT20_chr5HG49387.53	100.000	325	0	0	1	975	1	325	0.0	668	97	19
transcript35516	PanBaRT20_chr5HG49387.40	100.000	325	0	0	1	975	1	325	0.0	668	97	19
transcript35516	PanBaRT20_chr5HG49387.35	100.000	325	0	0	1	975	1	325	0.0	668	97	19
transcript35516	PanBaRT20_chr5HG49387.33	100.000	325	0	0	1	975	1	325	0.0	668	97	19
transcript35516	PanBaRT20_chr5HG49387.24	100.000	325	0	0	1	975	1	325	0.0	668	97	19
transcript35516	PanBaRT20_chr5HG49387.21	100.000	325	0	0	1	975	1	325	0.0	668	97	19
transcript35516	PanBaRT20_chr5HG49387.16	100.000	325	0	0	1	975	1	325	0.0	668	97	19
transcript35516	PanBaRT20_chr5HG49387.11	100.000	325	0	0	1	975	1	325	0.0	668	97	19
transcript35576	PanBaRT20_chr5HG49458.65	100.000	82	0	0	1	246	1	82	2.93e-54	165	99	33
transcript35576	PanBaRT20_chr5HG49458.64	100.000	82	0	0	1	246	1	82	2.93e-54	165	99	33
transcript35576	PanBaRT20_chr5HG49458.63	100.000	82	0	0	1	246	1	82	2.93e-54	165	99	33
transcript35576	PanBaRT20_chr5HG49458.60	100.000	82	0	0	1	246	1	82	2.93e-54	165	99	33
transcript35576	PanBaRT20_chr5HG49458.6	100.000	82	0	0	1	246	1	82	2.93e-54	165	99	33
transcript35576	PanBaRT20_chr5HG49458.58	100.000	82	0	0	1	246	1	82	2.93e-54	165	99	33
transcript35576	PanBaRT20_chr5HG49458.54	100.000	82	0	0	1	246	1	82	2.93e-54	165	99	33
transcript35576	PanBaRT20_chr5HG49458.5	100.000	82	0	0	1	246	1	82	2.93e-54	165	99	33
transcript35576	PanBaRT20_chr5HG49458.40	100.000	82	0	0	1	246	1	82	2.93e-54	165	99	33
transcript35576	PanBaRT20_chr5HG49458.39	100.000	82	0	0	1	246	1	82	2.93e-54	165	99	33
transcript35576	PanBaRT20_chr5HG49458.38	100.000	82	0	0	1	246	1	82	2.93e-54	165	99	33
transcript35576	PanBaRT20_chr5HG49458.37	100.000	82	0	0	1	246	1	82	2.93e-54	165	99	33
transcript35576	PanBaRT20_chr5HG49458.36	100.000	82	0	0	1	246	1	82	2.93e-54	165	99	33
transcript35576	PanBaRT20_chr5HG49458.35	100.000	82	0	0	1	246	1	82	2.93e-54	165	99	33
transcript35576	PanBaRT20_chr5HG49458.34	100.000	82	0	0	1	246	1	82	2.93e-54	165	99	33
transcript35576	PanBaRT20_chr5HG49458.33	100.000	82	0	0	1	246	1	82	2.93e-54	165	99	33
transcript35576	PanBaRT20_chr5HG49458.32	100.000	82	0	0	1	246	1	82	2.93e-54	165	99	33
transcript35576	PanBaRT20_chr5HG49458.31	100.000	82	0	0	1	246	1	82	2.93e-54	165	99	33
transcript35576	PanBaRT20_chr5HG49458.3	100.000	82	0	0	1	246	1	82	2.93e-54	165	99	33
transcript35576	PanBaRT20_chr5HG49458.1	100.000	82	0	0	1	246	1	82	2.93e-54	165	99	33
transcript35576	PanBaRT20_chr5HG49458.59	98.795	83	0	1	1	246	1	83	1.85e-52	160	99	33
transcript35576	PanBaRT20_chr5HG49458.53	98.795	83	0	1	1	246	1	83	1.85e-52	160	99	33
transcript35576	PanBaRT20_chr5HG49458.4	98.795	83	0	1	1	246	1	83	1.85e-52	160	99	33
transcript35576	PanBaRT20_chr5HG49458.29	98.795	83	0	1	1	246	1	83	1.85e-52	160	99	33
transcript35576	PanBaRT20_chr5HG49458.28	98.795	83	0	1	1	246	1	83	1.85e-52	160	99	33
transcript35576	PanBaRT20_chr5HG49458.27	98.795	83	0	1	1	246	1	83	1.85e-52	160	99	33
transcript35576	PanBaRT20_chr5HG49458.26	98.795	83	0	1	1	246	1	83	1.85e-52	160	99	33
transcript35576	PanBaRT20_chr5HG49458.25	98.795	83	0	1	1	246	1	83	1.85e-52	160	99	33
transcript35576	PanBaRT20_chr5HG49458.24	98.795	83	0	1	1	246	1	83	1.85e-52	160	99	33
transcript35576	PanBaRT20_chr5HG49458.23	98.795	83	0	1	1	246	1	83	1.85e-52	160	99	33
transcript35576	PanBaRT20_chr5HG49458.2	98.795	83	0	1	1	246	1	83	1.85e-52	160	99	33
transcript35576	PanBaRT20_chr5HG49458.14	98.795	83	0	1	1	246	1	83	1.85e-52	160	99	33
transcript35576	PanBaRT20_chr5HG49458.13	98.795	83	0	1	1	246	1	83	1.85e-52	160	99	33
transcript35576	PanBaRT20_chr5HG49458.12	98.795	83	0	1	1	246	1	83	1.85e-52	160	99	33
transcript35576	PanBaRT20_chr5HG49458.11	98.795	83	0	1	1	246	1	83	1.85e-52	160	99	33
transcript35576	PanBaRT20_chr5HG49458.22	100.000	61	0	0	1	183	1	61	2.09e-37	122	99	24
transcript35576	PanBaRT20_chr5HG49458.22	100.000	23	0	0	179	247	67	89	2.09e-37	53.1	99	9
transcript35870	PanBaRT20_chr5HG49786.4	99.537	216	1	0	1	648	93	308	1.39e-142	403	99	33
transcript36201	PanBaRT20_chr5HG50190.9	100.000	162	0	0	1	486	1	162	7.38e-63	193	99	33
transcript36201	PanBaRT20_chr5HG50190.8	100.000	162	0	0	1	486	1	162	7.38e-63	193	99	33
transcript36201	PanBaRT20_chr5HG50190.7	100.000	162	0	0	1	486	1	162	7.38e-63	193	99	33
transcript36201	PanBaRT20_chr5HG50190.6	100.000	162	0	0	1	486	1	162	7.38e-63	193	99	33
transcript36201	PanBaRT20_chr5HG50190.5	100.000	162	0	0	1	486	1	162	7.38e-63	193	99	33
transcript36201	PanBaRT20_chr5HG50190.4	100.000	162	0	0	1	486	1	162	7.38e-63	193	99	33
transcript36201	PanBaRT20_chr5HG50190.3	100.000	162	0	0	1	486	1	162	7.38e-63	193	99	33
transcript36201	PanBaRT20_chr5HG50190.25	100.000	162	0	0	1	486	1	162	7.38e-63	193	99	33
transcript36201	PanBaRT20_chr5HG50190.24	100.000	162	0	0	1	486	1	162	7.38e-63	193	99	33
transcript36201	PanBaRT20_chr5HG50190.23	100.000	162	0	0	1	486	1	162	7.38e-63	193	99	33
transcript36201	PanBaRT20_chr5HG50190.22	100.000	162	0	0	1	486	1	162	7.38e-63	193	99	33
transcript36201	PanBaRT20_chr5HG50190.2	100.000	162	0	0	1	486	1	162	7.38e-63	193	99	33
transcript36201	PanBaRT20_chr5HG50190.11	100.000	162	0	0	1	486	1	162	7.38e-63	193	99	33
transcript36201	PanBaRT20_chr5HG50190.1	100.000	162	0	0	1	486	1	162	7.38e-63	193	99	33
transcript36494	PanBaRT20_chr5HG50548.1	100.000	75	0	0	1	225	1	75	1.27e-48	150	99	33
transcript37417	PanBaRT20_chr5HG51763.7	98.507	67	1	0	1	201	1	67	8.96e-33	110	99	33
transcript38451	PanBaRT20_chr5HG53291.2	96.078	102	4	0	1	306	33	134	6.36e-47	149	99	33
transcript38451	PanBaRT20_chr5HG53291.1	96.078	102	4	0	1	306	33	134	6.36e-47	149	99	33
transcript38451	PanBaRT20_chr1HG06265.1	95.098	102	5	0	1	306	33	134	6.00e-46	147	99	33
transcript38685	PanBaRT20_chr5HG53554.8	99.043	209	2	0	1	627	1	209	6.72e-104	301	99	33
transcript38685	PanBaRT20_chr5HG53554.5	99.043	209	2	0	1	627	1	209	6.72e-104	301	99	33
transcript38685	PanBaRT20_chr5HG53554.4	99.043	209	2	0	1	627	1	209	6.72e-104	301	99	33
transcript38685	PanBaRT20_chr5HG53554.2	99.043	209	2	0	1	627	1	209	6.72e-104	301	99	33
transcript38685	PanBaRT20_chr5HG53554.10	99.043	209	2	0	1	627	1	209	6.72e-104	301	99	33
transcript38685	PanBaRT20_chr5HG53554.1	99.043	209	2	0	1	627	1	209	6.72e-104	301	99	33
transcript38685	PanBaRT20_chr5HG53554.16	99.034	207	2	0	1	621	1	207	8.31e-102	295	99	33
transcript38685	PanBaRT20_chr5HG53554.15	99.034	207	2	0	1	621	1	207	8.31e-102	295	99	33
transcript38685	PanBaRT20_chr5HG53554.12	99.034	207	2	0	1	621	1	207	8.31e-102	295	99	33
transcript38685	PanBaRT20_chr5HG53554.20	99.029	206	2	0	1	618	1	206	7.25e-101	293	98	33
transcript38685	PanBaRT20_chr5HG53554.19	99.029	206	2	0	1	618	1	206	7.25e-101	293	98	33
transcript39075	PanBaRT20_chr5HG54331.3	99.180	366	3	0	1	1098	1	366	5.84e-88	272	99	33
transcript39075	PanBaRT20_chr5HG54331.2	99.180	366	3	0	1	1098	1	366	5.84e-88	272	99	33
transcript39075	PanBaRT20_chr5HG54331.1	99.180	366	3	0	1	1098	1	366	5.84e-88	272	99	33
transcript39753	PanBaRT20_chr7HG69578.2	98.742	159	2	0	1	477	1	159	7.05e-103	294	99	33
transcript39753	PanBaRT20_chr7HG69578.1	98.742	159	2	0	1	477	1	159	7.05e-103	294	99	33
transcript39807	PanBaRT20_chr5HG55346.1	100.000	84	0	0	1	252	1	84	3.22e-58	175	99	33
transcript39807	PanBaRT20_chr5HG50751.3	97.619	84	2	0	1	252	1	84	2.64e-56	170	99	33
transcript39807	PanBaRT20_chr5HG50751.1	97.619	84	2	0	1	252	1	84	2.64e-56	170	99	33
transcript39910	PanBaRT20_chr5HG55503.5	99.618	785	3	0	1	2355	52	836	0.0	1402	99	33
transcript39910	PanBaRT20_chr5HG55503.2	99.618	785	3	0	1	2355	52	836	0.0	1402	99	33
transcript39910	PanBaRT20_chr5HG55503.1	99.618	785	3	0	1	2355	52	836	0.0	1402	99	33
transcript42218	PanBaRT20_chr6HG58358.8	100.000	180	0	0	1	540	1	180	7.02e-131	367	99	33
transcript42508	PanBaRT20_chr6HG58648.8	96.850	127	4	0	1	381	1	127	2.91e-47	151	99	33
transcript42508	PanBaRT20_chr6HG58648.7	96.850	127	4	0	1	381	1	127	2.91e-47	151	99	33
transcript42581	PanBaRT20_chr6HG58731.46	100.000	183	0	0	1	549	1	183	2.49e-75	226	99	33
transcript42581	PanBaRT20_chr6HG58731.36	100.000	183	0	0	1	549	1	183	2.49e-75	226	99	33
transcript42581	PanBaRT20_chr6HG58731.35	100.000	183	0	0	1	549	1	183	2.49e-75	226	99	33
transcript42581	PanBaRT20_chr6HG58731.33	100.000	183	0	0	1	549	1	183	2.49e-75	226	99	33
transcript42581	PanBaRT20_chr6HG58731.30	100.000	183	0	0	1	549	1	183	2.49e-75	226	99	33
transcript42581	PanBaRT20_chr6HG58731.24	100.000	183	0	0	1	549	1	183	2.49e-75	226	99	33
transcript42581	PanBaRT20_chr6HG58731.20	100.000	183	0	0	1	549	1	183	2.49e-75	226	99	33
transcript42581	PanBaRT20_chr6HG58731.19	100.000	183	0	0	1	549	1	183	2.49e-75	226	99	33
transcript42581	PanBaRT20_chr6HG58731.16	100.000	183	0	0	1	549	1	183	2.49e-75	226	99	33
transcript42581	PanBaRT20_chr6HG58731.15	100.000	183	0	0	1	549	1	183	2.49e-75	226	99	33
transcript42581	PanBaRT20_chr6HG58731.12	100.000	183	0	0	1	549	1	183	2.49e-75	226	99	33
transcript42581	PanBaRT20_chr6HG58731.11	100.000	183	0	0	1	549	1	183	2.49e-75	226	99	33
transcript42581	PanBaRT20_chr6HG58731.10	100.000	183	0	0	1	549	1	183	2.49e-75	226	99	33
transcript42581	PanBaRT20_chr6HG58731.1	100.000	183	0	0	1	549	1	183	2.49e-75	226	99	33
transcript42666	PanBaRT20_chr6HG58816.3	100.000	133	0	0	1	399	1	133	2.77e-94	270	99	33
transcript42666	PanBaRT20_chr6HG58816.1	100.000	133	0	0	1	399	1	133	2.77e-94	270	99	33
transcript42666	PanBaRT20_chr6HG58816.8	98.496	133	0	1	1	399	1	131	9.83e-91	261	99	33
transcript42666	PanBaRT20_chr6HG58816.7	98.496	133	0	1	1	399	1	131	9.83e-91	261	99	33
transcript42666	PanBaRT20_chr6HG58816.6	100.000	110	0	0	1	330	1	110	2.64e-76	226	99	27
transcript42666	PanBaRT20_chr6HG58816.6	100.000	24	0	0	329	400	121	144	6.36e-07	48.9	99	6
transcript42700	PanBaRT20_chr6HG58845.8	100.000	93	0	0	1	279	1	93	3.56e-62	186	99	33
transcript42700	PanBaRT20_chr6HG58845.5	100.000	93	0	0	1	279	1	93	3.56e-62	186	99	33
transcript42700	PanBaRT20_chr6HG58845.48	100.000	93	0	0	1	279	1	93	3.56e-62	186	99	33
transcript42700	PanBaRT20_chr6HG58845.47	100.000	93	0	0	1	279	1	93	3.56e-62	186	99	33
transcript42700	PanBaRT20_chr6HG58845.40	100.000	93	0	0	1	279	1	93	3.56e-62	186	99	33
transcript42700	PanBaRT20_chr6HG58845.38	100.000	93	0	0	1	279	1	93	3.56e-62	186	99	33
transcript42700	PanBaRT20_chr6HG58845.35	100.000	93	0	0	1	279	1	93	3.56e-62	186	99	33
transcript42700	PanBaRT20_chr6HG58845.33	100.000	93	0	0	1	279	1	93	3.56e-62	186	99	33
transcript42700	PanBaRT20_chr6HG58845.30	100.000	93	0	0	1	279	1	93	3.56e-62	186	99	33
transcript42700	PanBaRT20_chr6HG58845.27	100.000	93	0	0	1	279	1	93	3.56e-62	186	99	33
transcript42700	PanBaRT20_chr6HG58845.2	100.000	93	0	0	1	279	1	93	3.56e-62	186	99	33
transcript42700	PanBaRT20_chr6HG58845.15	100.000	93	0	0	1	279	1	93	3.56e-62	186	99	33
transcript42700	PanBaRT20_chr6HG58845.13	100.000	93	0	0	1	279	1	93	3.56e-62	186	99	33
transcript42700	PanBaRT20_chr6HG58845.1	100.000	93	0	0	1	279	1	93	3.56e-62	186	99	33
transcript42700	PanBaRT20_chr6HG58845.49	100.000	93	0	0	1	279	68	160	7.18e-61	185	99	33
transcript42701	PanBaRT20_chr6HG58845.8	100.000	93	0	0	1	279	1	93	3.56e-62	186	99	33
transcript42701	PanBaRT20_chr6HG58845.5	100.000	93	0	0	1	279	1	93	3.56e-62	186	99	33
transcript42701	PanBaRT20_chr6HG58845.48	100.000	93	0	0	1	279	1	93	3.56e-62	186	99	33
transcript42701	PanBaRT20_chr6HG58845.47	100.000	93	0	0	1	279	1	93	3.56e-62	186	99	33
transcript42701	PanBaRT20_chr6HG58845.40	100.000	93	0	0	1	279	1	93	3.56e-62	186	99	33
transcript42701	PanBaRT20_chr6HG58845.38	100.000	93	0	0	1	279	1	93	3.56e-62	186	99	33
transcript42701	PanBaRT20_chr6HG58845.35	100.000	93	0	0	1	279	1	93	3.56e-62	186	99	33
transcript42701	PanBaRT20_chr6HG58845.33	100.000	93	0	0	1	279	1	93	3.56e-62	186	99	33
transcript42701	PanBaRT20_chr6HG58845.30	100.000	93	0	0	1	279	1	93	3.56e-62	186	99	33
transcript42701	PanBaRT20_chr6HG58845.27	100.000	93	0	0	1	279	1	93	3.56e-62	186	99	33
transcript42701	PanBaRT20_chr6HG58845.2	100.000	93	0	0	1	279	1	93	3.56e-62	186	99	33
transcript42701	PanBaRT20_chr6HG58845.15	100.000	93	0	0	1	279	1	93	3.56e-62	186	99	33
transcript42701	PanBaRT20_chr6HG58845.13	100.000	93	0	0	1	279	1	93	3.56e-62	186	99	33
transcript42701	PanBaRT20_chr6HG58845.1	100.000	93	0	0	1	279	1	93	3.56e-62	186	99	33
transcript42701	PanBaRT20_chr6HG58845.49	100.000	93	0	0	1	279	68	160	7.18e-61	185	99	33
transcript42702	PanBaRT20_chr6HG58845.8	100.000	93	0	0	1	279	1	93	3.56e-62	186	99	33
transcript42702	PanBaRT20_chr6HG58845.5	100.000	93	0	0	1	279	1	93	3.56e-62	186	99	33
transcript42702	PanBaRT20_chr6HG58845.48	100.000	93	0	0	1	279	1	93	3.56e-62	186	99	33
transcript42702	PanBaRT20_chr6HG58845.47	100.000	93	0	0	1	279	1	93	3.56e-62	186	99	33
transcript42702	PanBaRT20_chr6HG58845.40	100.000	93	0	0	1	279	1	93	3.56e-62	186	99	33
transcript42702	PanBaRT20_chr6HG58845.38	100.000	93	0	0	1	279	1	93	3.56e-62	186	99	33
transcript42702	PanBaRT20_chr6HG58845.35	100.000	93	0	0	1	279	1	93	3.56e-62	186	99	33
transcript42702	PanBaRT20_chr6HG58845.33	100.000	93	0	0	1	279	1	93	3.56e-62	186	99	33
transcript42702	PanBaRT20_chr6HG58845.30	100.000	93	0	0	1	279	1	93	3.56e-62	186	99	33
transcript42702	PanBaRT20_chr6HG58845.27	100.000	93	0	0	1	279	1	93	3.56e-62	186	99	33
transcript42702	PanBaRT20_chr6HG58845.2	100.000	93	0	0	1	279	1	93	3.56e-62	186	99	33
transcript42702	PanBaRT20_chr6HG58845.15	100.000	93	0	0	1	279	1	93	3.56e-62	186	99	33
transcript42702	PanBaRT20_chr6HG58845.13	100.000	93	0	0	1	279	1	93	3.56e-62	186	99	33
transcript42702	PanBaRT20_chr6HG58845.1	100.000	93	0	0	1	279	1	93	3.56e-62	186	99	33
transcript42702	PanBaRT20_chr6HG58845.49	100.000	93	0	0	1	279	68	160	7.18e-61	185	99	33
transcript42711	PanBaRT20_chr6HG58857.21	100.000	74	0	0	3	224	8	81	2.46e-50	157	97	23
transcript42713	PanBaRT20_chr6HG58857.21	100.000	74	0	0	3	224	8	81	2.46e-50	157	97	23
transcript43186	PanBaRT20_chr6HG59713.2	99.099	111	1	0	1	333	1	111	7.23e-59	179	99	33
transcript43186	PanBaRT20_chr6HG59713.1	99.099	111	1	0	1	333	1	111	7.23e-59	179	99	33
transcript43186	PanBaRT20_chr6HG59713.4	99.083	109	1	0	1	327	1	109	3.02e-56	172	97	32
transcript43538	PanBaRT20_chr6HG60206.2	98.485	66	1	0	1	198	1	66	2.95e-30	103	99	33
transcript43539	PanBaRT20_chr6HG60206.2	98.485	66	1	0	1	198	1	66	2.95e-30	103	99	33
transcript43543	PanBaRT20_chr6HG60209.3	97.838	185	4	0	1	555	1	185	7.67e-135	377	99	33
transcript43543	PanBaRT20_chr6HG60209.2	97.838	185	4	0	1	555	1	185	7.67e-135	377	99	33
transcript43543	PanBaRT20_chr6HG60209.1	97.838	185	4	0	1	555	1	185	7.67e-135	377	99	33
transcript43544	PanBaRT20_chr6HG60209.3	97.838	185	4	0	1	555	1	185	7.67e-135	377	99	33
transcript43544	PanBaRT20_chr6HG60209.2	97.838	185	4	0	1	555	1	185	7.67e-135	377	99	33
transcript43544	PanBaRT20_chr6HG60209.1	97.838	185	4	0	1	555	1	185	7.67e-135	377	99	33
transcript43545	PanBaRT20_chr6HG60209.3	96.721	122	4	0	1	366	64	185	8.47e-86	250	99	33
transcript43545	PanBaRT20_chr6HG60209.2	96.721	122	4	0	1	366	64	185	8.47e-86	250	99	33
transcript43545	PanBaRT20_chr6HG60209.1	96.721	122	4	0	1	366	64	185	8.47e-86	250	99	33
transcript43739	PanBaRT20_chr6HG60442.5	99.476	191	1	0	1	573	1	191	8.05e-87	256	99	33
transcript43739	PanBaRT20_chr6HG60442.3	99.476	191	1	0	1	573	1	191	8.05e-87	256	99	33
transcript43739	PanBaRT20_chr6HG60442.2	99.476	191	1	0	1	573	1	191	8.05e-87	256	99	33
transcript43739	PanBaRT20_chr6HG60442.1	99.476	191	1	0	1	573	1	191	8.05e-87	256	99	33
transcript43876	PanBaRT20_chr6HG60669.8	100.000	83	0	0	1	249	1	83	1.04e-54	166	99	33
transcript43876	PanBaRT20_chr6HG60669.33	100.000	83	0	0	1	249	1	83	1.04e-54	166	99	33
transcript43876	PanBaRT20_chr6HG60669.25	100.000	83	0	0	1	249	1	83	1.04e-54	166	99	33
transcript43876	PanBaRT20_chr6HG60669.22	100.000	83	0	0	1	249	1	83	1.04e-54	166	99	33
transcript43876	PanBaRT20_chr6HG60669.18	100.000	83	0	0	1	249	1	83	1.04e-54	166	99	33
transcript43876	PanBaRT20_chr6HG60669.10	100.000	83	0	0	1	249	1	83	1.04e-54	166	99	33
transcript43876	PanBaRT20_chr6HG60669.4	98.765	81	1	0	1	243	1	81	1.10e-52	161	96	32
transcript43876	PanBaRT20_chr6HG60669.34	98.765	81	1	0	1	243	1	81	1.10e-52	161	96	32
transcript43876	PanBaRT20_chr6HG60669.30	98.765	81	1	0	1	243	1	81	1.10e-52	161	96	32
transcript43876	PanBaRT20_chr6HG60669.28	98.765	81	1	0	1	243	1	81	1.10e-52	161	96	32
transcript43876	PanBaRT20_chr6HG60669.20	98.765	81	1	0	1	243	1	81	1.10e-52	161	96	32
transcript43876	PanBaRT20_chr6HG60669.13	98.765	81	1	0	1	243	1	81	1.10e-52	161	96	32
transcript43876	PanBaRT20_chr6HG60669.12	98.765	81	1	0	1	243	1	81	1.10e-52	161	96	32
transcript43878	PanBaRT20_chr6HG60670.2	100.000	76	0	0	1	228	1	76	9.22e-50	153	99	33
transcript43944	PanBaRT20_chr6HG60804.7	100.000	90	0	0	1	270	1	90	2.86e-62	186	99	33
transcript43944	PanBaRT20_chr6HG60804.6	100.000	90	0	0	1	270	1	90	2.86e-62	186	99	33
transcript43944	PanBaRT20_chr6HG60804.5	100.000	90	0	0	1	270	1	90	2.86e-62	186	99	33
transcript43944	PanBaRT20_chr6HG60804.4	100.000	90	0	0	1	270	1	90	2.86e-62	186	99	33
transcript43944	PanBaRT20_chr6HG60804.2	100.000	90	0	0	1	270	1	90	2.86e-62	186	99	33
transcript43944	PanBaRT20_chr6HG60804.10	100.000	90	0	0	1	270	1	90	2.86e-62	186	99	33
transcript43944	PanBaRT20_chr6HG60804.1	100.000	90	0	0	1	270	1	90	2.86e-62	186	99	33
transcript44005	PanBaRT20_chr6HG60899.1	100.000	115	0	0	1	345	1	115	2.70e-67	201	99	33
transcript44028	PanBaRT20_chr6HG60966.1	98.969	97	1	0	1	291	1	97	1.25e-59	180	97	32
transcript44161	PanBaRT20_chr6HG61244.4	100.000	84	0	0	1	252	1	84	3.68e-58	175	99	33
transcript44161	PanBaRT20_chr6HG61244.3	100.000	84	0	0	1	252	1	84	3.68e-58	175	99	33
transcript44161	PanBaRT20_chr6HG61244.2	100.000	84	0	0	1	252	1	84	3.68e-58	175	99	33
transcript44161	PanBaRT20_chr6HG61244.1	100.000	84	0	0	1	252	1	84	3.68e-58	175	99	33
transcript44162	PanBaRT20_chr6HG61244.4	100.000	64	0	0	1	192	1	64	5.66e-43	136	100	33
transcript44162	PanBaRT20_chr6HG61244.3	100.000	64	0	0	1	192	1	64	5.66e-43	136	100	33
transcript44162	PanBaRT20_chr6HG61244.2	100.000	64	0	0	1	192	1	64	5.66e-43	136	100	33
transcript44162	PanBaRT20_chr6HG61244.1	100.000	64	0	0	1	192	1	64	5.66e-43	136	100	33
transcript44163	PanBaRT20_chr6HG61244.4	100.000	84	0	0	1	252	1	84	3.68e-58	175	99	33
transcript44163	PanBaRT20_chr6HG61244.3	100.000	84	0	0	1	252	1	84	3.68e-58	175	99	33
transcript44163	PanBaRT20_chr6HG61244.2	100.000	84	0	0	1	252	1	84	3.68e-58	175	99	33
transcript44163	PanBaRT20_chr6HG61244.1	100.000	84	0	0	1	252	1	84	3.68e-58	175	99	33
transcript44164	PanBaRT20_chr6HG61244.4	100.000	84	0	0	1	252	1	84	3.68e-58	175	99	33
transcript44164	PanBaRT20_chr6HG61244.3	100.000	84	0	0	1	252	1	84	3.68e-58	175	99	33
transcript44164	PanBaRT20_chr6HG61244.2	100.000	84	0	0	1	252	1	84	3.68e-58	175	99	33
transcript44164	PanBaRT20_chr6HG61244.1	100.000	84	0	0	1	252	1	84	3.68e-58	175	99	33
transcript44170	PanBaRT20_chr6HG61277.2	100.000	70	0	0	1	210	1	70	1.11e-42	135	99	33
transcript44170	PanBaRT20_chr6HG61277.1	100.000	70	0	0	1	210	1	70	1.11e-42	135	99	33
transcript44170	PanBaRT20_chr6HG61277.3	100.000	69	0	0	1	207	1	69	5.65e-42	134	97	32
transcript44514	PanBaRT20_chr6HG62177.9	100.000	68	0	0	1	204	1	68	3.24e-33	111	99	33
transcript44514	PanBaRT20_chr6HG62177.8	100.000	68	0	0	1	204	1	68	3.24e-33	111	99	33
transcript44514	PanBaRT20_chr6HG62177.5	100.000	68	0	0	1	204	1	68	3.24e-33	111	99	33
transcript44514	PanBaRT20_chr6HG62177.1	100.000	68	0	0	1	204	1	68	3.24e-33	111	99	33
transcript44515	PanBaRT20_chr6HG62177.9	100.000	68	0	0	1	204	1	68	3.24e-33	111	99	33
transcript44515	PanBaRT20_chr6HG62177.8	100.000	68	0	0	1	204	1	68	3.24e-33	111	99	33
transcript44515	PanBaRT20_chr6HG62177.5	100.000	68	0	0	1	204	1	68	3.24e-33	111	99	33
transcript44515	PanBaRT20_chr6HG62177.1	100.000	68	0	0	1	204	1	68	3.24e-33	111	99	33
transcript44693	PanBaRT20_chr6HG62414.3	100.000	159	0	0	1	477	1	159	5.53e-110	312	99	33
transcript44693	PanBaRT20_chr6HG62414.2	96.855	159	0	1	1	477	1	154	1.38e-103	296	99	33
transcript44694	PanBaRT20_chr6HG62414.2	100.000	152	0	0	1	456	1	152	5.46e-93	269	97	32
transcript44694	PanBaRT20_chr6HG62414.3	95.541	157	2	1	1	456	1	157	9.10e-91	263	97	32
transcript44783	PanBaRT20_chr6HG62544.8	100.000	149	0	0	1	447	1	149	7.51e-111	313	99	33
transcript44783	PanBaRT20_chr6HG62544.7	100.000	149	0	0	1	447	1	149	7.51e-111	313	99	33
transcript44783	PanBaRT20_chr6HG62544.6	100.000	149	0	0	1	447	1	149	7.51e-111	313	99	33
transcript44783	PanBaRT20_chr6HG62544.5	100.000	149	0	0	1	447	1	149	7.51e-111	313	99	33
transcript44783	PanBaRT20_chr6HG62544.4	100.000	149	0	0	1	447	1	149	7.51e-111	313	99	33
transcript44783	PanBaRT20_chr6HG62544.3	100.000	149	0	0	1	447	1	149	7.51e-111	313	99	33
transcript44783	PanBaRT20_chr6HG62544.2	100.000	149	0	0	1	447	1	149	7.51e-111	313	99	33
transcript44783	PanBaRT20_chr6HG62544.1	100.000	149	0	0	1	447	1	149	7.51e-111	313	99	33
transcript44803	PanBaRT20_chr6HG62569.4	100.000	87	0	0	1	261	1	87	1.24e-60	181	99	33
transcript44803	PanBaRT20_chr6HG62569.3	100.000	87	0	0	1	261	1	87	1.24e-60	181	99	33
transcript44831	PanBaRT20_chr6HG62608.6	97.987	149	3	0	2	448	62	210	3.87e-81	241	99	33
transcript44831	PanBaRT20_chr6HG62608.3	97.987	149	3	0	2	448	62	210	3.87e-81	241	99	33
transcript44831	PanBaRT20_chr6HG62608.1	97.987	149	3	0	2	448	62	210	3.87e-81	241	99	33
transcript44831	PanBaRT20_chr6HG62608.8	97.987	149	3	0	2	448	98	246	4.31e-81	242	99	33
transcript44831	PanBaRT20_chr6HG62609.2	97.802	91	2	0	448	176	5	95	5.24e-58	182	99	20
transcript44831	PanBaRT20_chr6HG62609.2	98.305	59	1	0	177	1	129	187	1.18e-08	54.7	99	13
transcript44831	PanBaRT20_chr6HG62609.1	97.802	91	2	0	448	176	5	95	5.24e-58	182	99	20
transcript44831	PanBaRT20_chr6HG62609.1	98.305	59	1	0	177	1	129	187	1.18e-08	54.7	99	13
transcript45098	PanBaRT20_chr6HG63023.4	100.000	86	0	0	1	258	1	86	4.00e-41	132	99	33
transcript45098	PanBaRT20_chr6HG63023.3	100.000	86	0	0	1	258	1	86	4.00e-41	132	99	33
transcript45098	PanBaRT20_chr6HG63023.2	100.000	86	0	0	1	258	1	86	4.00e-41	132	99	33
transcript45098	PanBaRT20_chr6HG63023.1	100.000	86	0	0	1	258	1	86	4.00e-41	132	99	33
transcript45110	PanBaRT20_chr6HG63048.1	97.959	98	2	0	295	2	44	141	2.11e-37	126	99	33
transcript45111	PanBaRT20_chr6HG63048.1	97.959	98	2	0	295	2	44	141	2.11e-37	126	99	33
transcript45330	PanBaRT20_chr6HG63332.9	100.000	98	0	0	1	294	1	98	5.69e-67	198	99	33
transcript45330	PanBaRT20_chr6HG63332.4	100.000	98	0	0	1	294	1	98	5.69e-67	198	99	33
transcript45330	PanBaRT20_chr6HG63332.23	100.000	98	0	0	1	294	1	98	5.69e-67	198	99	33
transcript45559	PanBaRT20_chr6HG63601.9	100.000	170	0	0	1	510	1	170	2.28e-105	301	99	33
transcript45559	PanBaRT20_chr6HG63601.8	100.000	170	0	0	1	510	1	170	2.28e-105	301	99	33
transcript45559	PanBaRT20_chr6HG63601.7	100.000	170	0	0	1	510	1	170	2.28e-105	301	99	33
transcript45559	PanBaRT20_chr6HG63601.6	100.000	170	0	0	1	510	1	170	2.28e-105	301	99	33
transcript45559	PanBaRT20_chr6HG63601.53	100.000	170	0	0	1	510	1	170	2.28e-105	301	99	33
transcript45559	PanBaRT20_chr6HG63601.52	100.000	170	0	0	1	510	1	170	2.28e-105	301	99	33
transcript45559	PanBaRT20_chr6HG63601.51	100.000	170	0	0	1	510	1	170	2.28e-105	301	99	33
transcript45559	PanBaRT20_chr6HG63601.48	100.000	170	0	0	1	510	1	170	2.28e-105	301	99	33
transcript45559	PanBaRT20_chr6HG63601.44	100.000	170	0	0	1	510	1	170	2.28e-105	301	99	33
transcript45559	PanBaRT20_chr6HG63601.43	100.000	170	0	0	1	510	1	170	2.28e-105	301	99	33
transcript45559	PanBaRT20_chr6HG63601.38	100.000	170	0	0	1	510	1	170	2.28e-105	301	99	33
transcript45559	PanBaRT20_chr6HG63601.35	100.000	170	0	0	1	510	1	170	2.28e-105	301	99	33
transcript45559	PanBaRT20_chr6HG63601.27	100.000	170	0	0	1	510	1	170	2.28e-105	301	99	33
transcript45559	PanBaRT20_chr6HG63601.22	100.000	170	0	0	1	510	1	170	2.28e-105	301	99	33
transcript45559	PanBaRT20_chr6HG63601.21	100.000	170	0	0	1	510	1	170	2.28e-105	301	99	33
transcript45559	PanBaRT20_chr6HG63601.2	100.000	170	0	0	1	510	1	170	2.28e-105	301	99	33
transcript45559	PanBaRT20_chr6HG63601.17	100.000	170	0	0	1	510	1	170	2.28e-105	301	99	33
transcript45559	PanBaRT20_chr6HG63601.14	100.000	170	0	0	1	510	1	170	2.28e-105	301	99	33
transcript45559	PanBaRT20_chr6HG63601.13	100.000	170	0	0	1	510	1	170	2.28e-105	301	99	33
transcript45559	PanBaRT20_chr6HG63601.1	100.000	170	0	0	1	510	1	170	2.28e-105	301	99	33
transcript45559	PanBaRT20_chr6HG63601.30	97.647	170	0	1	1	510	1	166	1.18e-99	286	99	33
transcript45559	PanBaRT20_chr6HG63601.10	97.647	170	0	1	1	510	1	166	1.18e-99	286	99	33
transcript45559	PanBaRT20_chr6HG63601.60	99.333	150	1	0	1	450	1	150	1.58e-88	261	99	29
transcript45559	PanBaRT20_chr6HG63601.58	99.333	150	1	0	1	450	1	150	1.58e-88	261	99	29
transcript45559	PanBaRT20_chr6HG63601.56	99.333	150	1	0	1	450	1	150	1.58e-88	261	99	29
transcript45559	PanBaRT20_chr6HG63601.55	99.333	150	1	0	1	450	1	150	1.58e-88	261	99	29
transcript45559	PanBaRT20_chr6HG63601.49	99.333	150	1	0	1	450	1	150	1.58e-88	261	99	29
transcript45559	PanBaRT20_chr6HG63601.47	99.333	150	1	0	1	450	1	150	1.58e-88	261	99	29
transcript45559	PanBaRT20_chr6HG63601.40	99.333	150	1	0	1	450	1	150	1.58e-88	261	99	29
transcript45559	PanBaRT20_chr6HG63601.4	99.333	150	1	0	1	450	1	150	1.58e-88	261	99	29
transcript45559	PanBaRT20_chr6HG63601.37	99.333	150	1	0	1	450	1	150	1.58e-88	261	99	29
transcript45559	PanBaRT20_chr6HG63601.34	99.333	150	1	0	1	450	1	150	1.58e-88	261	99	29
transcript45559	PanBaRT20_chr6HG63601.3	99.333	150	1	0	1	450	1	150	1.58e-88	261	99	29
transcript45559	PanBaRT20_chr6HG63601.29	99.333	150	1	0	1	450	1	150	1.58e-88	261	99	29
transcript45559	PanBaRT20_chr6HG63601.26	99.333	150	1	0	1	450	1	150	1.58e-88	261	99	29
transcript45559	PanBaRT20_chr6HG63601.20	99.333	150	1	0	1	450	1	150	1.58e-88	261	99	29
transcript45559	PanBaRT20_chr6HG63601.18	99.333	150	1	0	1	450	1	150	1.58e-88	261	99	29
transcript45559	PanBaRT20_chr6HG63601.11	99.333	150	1	0	1	450	1	150	1.58e-88	261	99	29
transcript45559	PanBaRT20_chr6HG63601.59	99.333	150	1	0	1	450	1	150	1.67e-88	261	98	29
transcript45559	PanBaRT20_chr6HG63601.59	100.000	18	0	0	458	511	209	226	0.032	37.0	98	4
transcript45559	PanBaRT20_chr6HG63601.31	99.333	150	1	0	1	450	1	150	1.67e-88	261	98	29
transcript45559	PanBaRT20_chr6HG63601.31	100.000	18	0	0	458	511	209	226	0.032	37.0	98	4
transcript45559	PanBaRT20_chr6HG63601.25	99.333	150	1	0	1	450	1	150	1.67e-88	261	98	29
transcript45559	PanBaRT20_chr6HG63601.25	100.000	18	0	0	458	511	209	226	0.032	37.0	98	4
transcript45560	PanBaRT20_chr6HG63601.9	100.000	170	0	0	1	510	1	170	2.28e-105	301	99	33
transcript45560	PanBaRT20_chr6HG63601.8	100.000	170	0	0	1	510	1	170	2.28e-105	301	99	33
transcript45560	PanBaRT20_chr6HG63601.7	100.000	170	0	0	1	510	1	170	2.28e-105	301	99	33
transcript45560	PanBaRT20_chr6HG63601.6	100.000	170	0	0	1	510	1	170	2.28e-105	301	99	33
transcript45560	PanBaRT20_chr6HG63601.53	100.000	170	0	0	1	510	1	170	2.28e-105	301	99	33
transcript45560	PanBaRT20_chr6HG63601.52	100.000	170	0	0	1	510	1	170	2.28e-105	301	99	33
transcript45560	PanBaRT20_chr6HG63601.51	100.000	170	0	0	1	510	1	170	2.28e-105	301	99	33
transcript45560	PanBaRT20_chr6HG63601.48	100.000	170	0	0	1	510	1	170	2.28e-105	301	99	33
transcript45560	PanBaRT20_chr6HG63601.44	100.000	170	0	0	1	510	1	170	2.28e-105	301	99	33
transcript45560	PanBaRT20_chr6HG63601.43	100.000	170	0	0	1	510	1	170	2.28e-105	301	99	33
transcript45560	PanBaRT20_chr6HG63601.38	100.000	170	0	0	1	510	1	170	2.28e-105	301	99	33
transcript45560	PanBaRT20_chr6HG63601.35	100.000	170	0	0	1	510	1	170	2.28e-105	301	99	33
transcript45560	PanBaRT20_chr6HG63601.27	100.000	170	0	0	1	510	1	170	2.28e-105	301	99	33
transcript45560	PanBaRT20_chr6HG63601.22	100.000	170	0	0	1	510	1	170	2.28e-105	301	99	33
transcript45560	PanBaRT20_chr6HG63601.21	100.000	170	0	0	1	510	1	170	2.28e-105	301	99	33
transcript45560	PanBaRT20_chr6HG63601.2	100.000	170	0	0	1	510	1	170	2.28e-105	301	99	33
transcript45560	PanBaRT20_chr6HG63601.17	100.000	170	0	0	1	510	1	170	2.28e-105	301	99	33
transcript45560	PanBaRT20_chr6HG63601.14	100.000	170	0	0	1	510	1	170	2.28e-105	301	99	33
transcript45560	PanBaRT20_chr6HG63601.13	100.000	170	0	0	1	510	1	170	2.28e-105	301	99	33
transcript45560	PanBaRT20_chr6HG63601.1	100.000	170	0	0	1	510	1	170	2.28e-105	301	99	33
transcript45560	PanBaRT20_chr6HG63601.30	97.647	170	0	1	1	510	1	166	1.18e-99	286	99	33
transcript45560	PanBaRT20_chr6HG63601.10	97.647	170	0	1	1	510	1	166	1.18e-99	286	99	33
transcript45560	PanBaRT20_chr6HG63601.60	99.333	150	1	0	1	450	1	150	1.58e-88	261	99	29
transcript45560	PanBaRT20_chr6HG63601.58	99.333	150	1	0	1	450	1	150	1.58e-88	261	99	29
transcript45560	PanBaRT20_chr6HG63601.56	99.333	150	1	0	1	450	1	150	1.58e-88	261	99	29
transcript45560	PanBaRT20_chr6HG63601.55	99.333	150	1	0	1	450	1	150	1.58e-88	261	99	29
transcript45560	PanBaRT20_chr6HG63601.49	99.333	150	1	0	1	450	1	150	1.58e-88	261	99	29
transcript45560	PanBaRT20_chr6HG63601.47	99.333	150	1	0	1	450	1	150	1.58e-88	261	99	29
transcript45560	PanBaRT20_chr6HG63601.40	99.333	150	1	0	1	450	1	150	1.58e-88	261	99	29
transcript45560	PanBaRT20_chr6HG63601.4	99.333	150	1	0	1	450	1	150	1.58e-88	261	99	29
transcript45560	PanBaRT20_chr6HG63601.37	99.333	150	1	0	1	450	1	150	1.58e-88	261	99	29
transcript45560	PanBaRT20_chr6HG63601.34	99.333	150	1	0	1	450	1	150	1.58e-88	261	99	29
transcript45560	PanBaRT20_chr6HG63601.3	99.333	150	1	0	1	450	1	150	1.58e-88	261	99	29
transcript45560	PanBaRT20_chr6HG63601.29	99.333	150	1	0	1	450	1	150	1.58e-88	261	99	29
transcript45560	PanBaRT20_chr6HG63601.26	99.333	150	1	0	1	450	1	150	1.58e-88	261	99	29
transcript45560	PanBaRT20_chr6HG63601.20	99.333	150	1	0	1	450	1	150	1.58e-88	261	99	29
transcript45560	PanBaRT20_chr6HG63601.18	99.333	150	1	0	1	450	1	150	1.58e-88	261	99	29
transcript45560	PanBaRT20_chr6HG63601.11	99.333	150	1	0	1	450	1	150	1.58e-88	261	99	29
transcript45560	PanBaRT20_chr6HG63601.59	99.333	150	1	0	1	450	1	150	1.67e-88	261	98	29
transcript45560	PanBaRT20_chr6HG63601.59	100.000	18	0	0	458	511	209	226	0.032	37.0	98	4
transcript45560	PanBaRT20_chr6HG63601.31	99.333	150	1	0	1	450	1	150	1.67e-88	261	98	29
transcript45560	PanBaRT20_chr6HG63601.31	100.000	18	0	0	458	511	209	226	0.032	37.0	98	4
transcript45560	PanBaRT20_chr6HG63601.25	99.333	150	1	0	1	450	1	150	1.67e-88	261	98	29
transcript45560	PanBaRT20_chr6HG63601.25	100.000	18	0	0	458	511	209	226	0.032	37.0	98	4
transcript45595	PanBaRT20_chr6HG63634.1	98.870	177	2	0	1	531	1	177	1.09e-77	232	99	33
transcript45596	PanBaRT20_chr6HG63634.1	98.870	177	2	0	1	531	1	177	1.09e-77	232	99	33
transcript45607	PanBaRT20_chr6HG63652.6	97.727	88	2	0	1	264	69	156	5.00e-58	177	99	33
transcript45607	PanBaRT20_chr6HG63652.3	97.727	88	2	0	1	264	69	156	5.00e-58	177	99	33
transcript45607	PanBaRT20_chr6HG63652.11	97.727	88	2	0	1	264	69	156	5.00e-58	177	99	33
transcript45607	PanBaRT20_chr6HG63652.10	97.727	88	2	0	1	264	69	156	5.00e-58	177	99	33
transcript45608	PanBaRT20_chr6HG63652.6	97.436	156	4	0	1	468	1	156	1.03e-109	311	99	33
transcript45608	PanBaRT20_chr6HG63652.3	97.436	156	4	0	1	468	1	156	1.03e-109	311	99	33
transcript45608	PanBaRT20_chr6HG63652.11	97.436	156	4	0	1	468	1	156	1.03e-109	311	99	33
transcript45608	PanBaRT20_chr6HG63652.10	97.436	156	4	0	1	468	1	156	1.03e-109	311	99	33
transcript46061	PanBaRT20_chr6HG64217.6	99.355	155	1	0	1	465	1	155	8.67e-101	288	99	33
transcript46061	PanBaRT20_chr6HG64217.5	99.355	155	1	0	1	465	1	155	8.67e-101	288	99	33
transcript46061	PanBaRT20_chr6HG64217.2	99.355	155	1	0	1	465	1	155	8.67e-101	288	99	33
transcript46061	PanBaRT20_chr6HG64217.1	98.039	153	3	0	1	459	1	153	3.59e-95	283	98	33
transcript46062	PanBaRT20_chr6HG64222.9	100.000	142	0	0	1	426	1	142	2.36e-86	251	99	33
transcript46062	PanBaRT20_chr6HG64222.8	100.000	142	0	0	1	426	1	142	2.36e-86	251	99	33
transcript46062	PanBaRT20_chr6HG64222.7	100.000	142	0	0	1	426	1	142	2.36e-86	251	99	33
transcript46062	PanBaRT20_chr6HG64222.6	100.000	142	0	0	1	426	1	142	2.36e-86	251	99	33
transcript46062	PanBaRT20_chr6HG64222.5	100.000	142	0	0	1	426	1	142	2.36e-86	251	99	33
transcript46062	PanBaRT20_chr6HG64222.4	100.000	142	0	0	1	426	1	142	2.36e-86	251	99	33
transcript46062	PanBaRT20_chr6HG64222.3	100.000	142	0	0	1	426	1	142	2.36e-86	251	99	33
transcript46062	PanBaRT20_chr6HG64222.2	100.000	142	0	0	1	426	1	142	2.36e-86	251	99	33
transcript46062	PanBaRT20_chr6HG64222.13	100.000	142	0	0	1	426	1	142	2.36e-86	251	99	33
transcript46062	PanBaRT20_chr6HG64222.12	100.000	142	0	0	1	426	1	142	2.36e-86	251	99	33
transcript46062	PanBaRT20_chr6HG64222.11	100.000	142	0	0	1	426	1	142	2.36e-86	251	99	33
transcript46062	PanBaRT20_chr6HG64222.10	100.000	142	0	0	1	426	1	142	2.36e-86	251	99	33
transcript46062	PanBaRT20_chr6HG64222.1	100.000	142	0	0	1	426	1	142	2.36e-86	251	99	33
transcript46603	PanBaRT20_chr6HG64838.4	99.138	116	1	0	1	348	1	116	8.33e-82	237	99	33
transcript46603	PanBaRT20_chr6HG64838.3	99.138	116	1	0	1	348	1	116	8.33e-82	237	99	33
transcript46603	PanBaRT20_chr6HG64838.2	99.138	116	1	0	1	348	1	116	8.33e-82	237	99	33
transcript46838	PanBaRT20_chr6HG65166.1	100.000	71	0	0	1	213	44	114	1.78e-27	98.2	99	33
transcript46923	PanBaRT20_chr7HG75691.6	96.875	64	2	0	1	192	1	64	3.37e-19	75.5	98	33
transcript46923	PanBaRT20_chr7HG75691.5	96.875	64	2	0	1	192	1	64	3.37e-19	75.5	98	33
transcript46923	PanBaRT20_chr7HG75691.16	96.875	64	2	0	1	192	1	64	3.37e-19	75.5	98	33
transcript46923	PanBaRT20_chr7HG75691.14	96.875	64	2	0	1	192	1	64	3.37e-19	75.5	98	33
transcript46923	PanBaRT20_chr7HG75691.11	96.875	64	2	0	1	192	1	64	3.37e-19	75.5	98	33
transcript46974	PanBaRT20_chr6HG65356.3	100.000	144	0	0	1	432	1	144	1.22e-101	290	99	33
transcript46974	PanBaRT20_chr6HG65356.2	100.000	144	0	0	1	432	1	144	1.22e-101	290	99	33
transcript47219	PanBaRT20_chr6HG65644.67	98.438	64	1	0	1	192	26	89	1.37e-38	125	98	33
transcript47219	PanBaRT20_chr6HG65644.66	98.438	64	1	0	1	192	26	89	1.37e-38	125	98	33
transcript47219	PanBaRT20_chr6HG65644.64	98.438	64	1	0	1	192	26	89	1.37e-38	125	98	33
transcript47219	PanBaRT20_chr6HG65644.63	98.438	64	1	0	1	192	26	89	1.37e-38	125	98	33
transcript47219	PanBaRT20_chr6HG65644.62	98.438	64	1	0	1	192	26	89	1.37e-38	125	98	33
transcript47219	PanBaRT20_chr6HG65644.16	98.438	64	1	0	1	192	26	89	1.37e-38	125	98	33
transcript47220	PanBaRT20_chr6HG65644.67	98.438	64	1	0	1	192	26	89	1.37e-38	125	98	33
transcript47220	PanBaRT20_chr6HG65644.66	98.438	64	1	0	1	192	26	89	1.37e-38	125	98	33
transcript47220	PanBaRT20_chr6HG65644.64	98.438	64	1	0	1	192	26	89	1.37e-38	125	98	33
transcript47220	PanBaRT20_chr6HG65644.63	98.438	64	1	0	1	192	26	89	1.37e-38	125	98	33
transcript47220	PanBaRT20_chr6HG65644.62	98.438	64	1	0	1	192	26	89	1.37e-38	125	98	33
transcript47220	PanBaRT20_chr6HG65644.16	98.438	64	1	0	1	192	26	89	1.37e-38	125	98	33
transcript47221	PanBaRT20_chr6HG65644.67	98.438	64	1	0	1	192	26	89	1.37e-38	125	98	33
transcript47221	PanBaRT20_chr6HG65644.66	98.438	64	1	0	1	192	26	89	1.37e-38	125	98	33
transcript47221	PanBaRT20_chr6HG65644.64	98.438	64	1	0	1	192	26	89	1.37e-38	125	98	33
transcript47221	PanBaRT20_chr6HG65644.63	98.438	64	1	0	1	192	26	89	1.37e-38	125	98	33
transcript47221	PanBaRT20_chr6HG65644.62	98.438	64	1	0	1	192	26	89	1.37e-38	125	98	33
transcript47221	PanBaRT20_chr6HG65644.16	98.438	64	1	0	1	192	26	89	1.37e-38	125	98	33
transcript47790	PanBaRT20_chr6HG66279.1	100.000	90	0	0	1	270	1	90	1.15e-47	149	99	33
transcript58320	PanBaRT20_chr4HG37624.3	100.000	112	0	0	1	336	1	112	6.05e-65	194	99	33
transcript58320	PanBaRT20_chr4HG37624.2	100.000	112	0	0	1	336	1	112	6.05e-65	194	99	33
