transcript5934	3d8bd28468dbc09e7aeba3296ee72975	82	MobiDBLite	mobidb-lite	consensus disorder prediction	44	56	-	T	30-10-2025	-	-	-	-
transcript5934	3d8bd28468dbc09e7aeba3296ee72975	82	MobiDBLite	mobidb-lite	consensus disorder prediction	44	65	-	T	30-10-2025	-	-	-	-
transcript43065	cbef588d4c3017462fe49b3e2f876d3c	166	MobiDBLite	mobidb-lite	consensus disorder prediction	1	129	-	T	30-10-2025	-	-	-	-
transcript43065	cbef588d4c3017462fe49b3e2f876d3c	166	MobiDBLite	mobidb-lite	consensus disorder prediction	22	33	-	T	30-10-2025	-	-	-	-
transcript43065	cbef588d4c3017462fe49b3e2f876d3c	166	MobiDBLite	mobidb-lite	consensus disorder prediction	34	48	-	T	30-10-2025	-	-	-	-
transcript43065	cbef588d4c3017462fe49b3e2f876d3c	166	MobiDBLite	mobidb-lite	consensus disorder prediction	62	78	-	T	30-10-2025	-	-	-	-
transcript52253	111374aded185a156a70fc98d4a34841	101	MobiDBLite	mobidb-lite	consensus disorder prediction	90	101	-	T	30-10-2025	-	-	-	-
transcript52253	111374aded185a156a70fc98d4a34841	101	MobiDBLite	mobidb-lite	consensus disorder prediction	31	101	-	T	30-10-2025	-	-	-	-
transcript52253	111374aded185a156a70fc98d4a34841	101	MobiDBLite	mobidb-lite	consensus disorder prediction	55	69	-	T	30-10-2025	-	-	-	-
transcript45873	8d17e5666af527a809a43b7937baa657	112	MobiDBLite	mobidb-lite	consensus disorder prediction	95	112	-	T	30-10-2025	-	-	-	-
transcript45873	8d17e5666af527a809a43b7937baa657	112	MobiDBLite	mobidb-lite	consensus disorder prediction	14	112	-	T	30-10-2025	-	-	-	-
transcript45873	8d17e5666af527a809a43b7937baa657	112	MobiDBLite	mobidb-lite	consensus disorder prediction	59	69	-	T	30-10-2025	-	-	-	-
transcript9362	2094a7b0b746ab3e3206e34a0a77a52f	196	MobiDBLite	mobidb-lite	consensus disorder prediction	98	108	-	T	30-10-2025	-	-	-	-
transcript9362	2094a7b0b746ab3e3206e34a0a77a52f	196	MobiDBLite	mobidb-lite	consensus disorder prediction	1	140	-	T	30-10-2025	-	-	-	-
transcript9362	2094a7b0b746ab3e3206e34a0a77a52f	196	MobiDBLite	mobidb-lite	consensus disorder prediction	8	46	-	T	30-10-2025	-	-	-	-
transcript9362	2094a7b0b746ab3e3206e34a0a77a52f	196	MobiDBLite	mobidb-lite	consensus disorder prediction	123	137	-	T	30-10-2025	-	-	-	-
transcript20313	5f337c088be737b8609c1ff16f3f19a2	76	MobiDBLite	mobidb-lite	consensus disorder prediction	1	37	-	T	30-10-2025	-	-	-	-
transcript27644	61fe301a85a45765af4c6517cb034091	203	MobiDBLite	mobidb-lite	consensus disorder prediction	12	21	-	T	30-10-2025	-	-	-	-
transcript27644	61fe301a85a45765af4c6517cb034091	203	MobiDBLite	mobidb-lite	consensus disorder prediction	99	133	-	T	30-10-2025	-	-	-	-
transcript27644	61fe301a85a45765af4c6517cb034091	203	MobiDBLite	mobidb-lite	consensus disorder prediction	100	114	-	T	30-10-2025	-	-	-	-
transcript27644	61fe301a85a45765af4c6517cb034091	203	MobiDBLite	mobidb-lite	consensus disorder prediction	1	32	-	T	30-10-2025	-	-	-	-
transcript50549	a788334aeff2da90365ad6668574246b	195	Pfam	PF04570	zinc-finger of the FCS-type, C2-C2	122	171	1.1E-18	T	30-10-2025	IPR007650	Zf-FLZ domain	-	-
transcript50549	a788334aeff2da90365ad6668574246b	195	MobiDBLite	mobidb-lite	consensus disorder prediction	68	78	-	T	30-10-2025	-	-	-	-
transcript50549	a788334aeff2da90365ad6668574246b	195	MobiDBLite	mobidb-lite	consensus disorder prediction	1	115	-	T	30-10-2025	-	-	-	-
transcript50549	a788334aeff2da90365ad6668574246b	195	MobiDBLite	mobidb-lite	consensus disorder prediction	1	26	-	T	30-10-2025	-	-	-	-
transcript50549	a788334aeff2da90365ad6668574246b	195	MobiDBLite	mobidb-lite	consensus disorder prediction	93	106	-	T	30-10-2025	-	-	-	-
transcript50549	a788334aeff2da90365ad6668574246b	195	ProSiteProfiles	PS51795	Zinc finger FLZ-type profile.	129	173	23.451694	T	30-10-2025	IPR007650	Zf-FLZ domain	-	-
transcript50549	a788334aeff2da90365ad6668574246b	195	PANTHER	PTHR33059	FCS-LIKE ZINC FINGER 5	61	181	1.4E-33	T	30-10-2025	-	-	-	-
transcript40328	7d629bbac5d4b020175cb911bd189898	181	MobiDBLite	mobidb-lite	consensus disorder prediction	83	103	-	T	30-10-2025	-	-	-	-
transcript40328	7d629bbac5d4b020175cb911bd189898	181	MobiDBLite	mobidb-lite	consensus disorder prediction	146	174	-	T	30-10-2025	-	-	-	-
transcript40328	7d629bbac5d4b020175cb911bd189898	181	MobiDBLite	mobidb-lite	consensus disorder prediction	146	181	-	T	30-10-2025	-	-	-	-
transcript40328	7d629bbac5d4b020175cb911bd189898	181	MobiDBLite	mobidb-lite	consensus disorder prediction	83	95	-	T	30-10-2025	-	-	-	-
transcript40328	7d629bbac5d4b020175cb911bd189898	181	Pfam	PF21300	Grass antifreeze beta roll	92	181	5.8E-21	T	30-10-2025	IPR048518	Ice-binding protein, beta roll	-	-
transcript40328	7d629bbac5d4b020175cb911bd189898	181	SUPERFAMILY	SSF101967	Adhesin YadA, collagen-binding domain	94	177	3.01E-8	T	30-10-2025	IPR011049	Serralysin-like metalloprotease, C-terminal	-	-
transcript40328	7d629bbac5d4b020175cb911bd189898	181	Gene3D	G3DSA:2.150.10.10	-	85	181	8.0E-22	T	30-10-2025	IPR011049	Serralysin-like metalloprotease, C-terminal	-	-
transcript46600	5fe0b98e4db0410463c8aa4cb169dde5	101	MobiDBLite	mobidb-lite	consensus disorder prediction	1	38	-	T	30-10-2025	-	-	-	-
transcript46600	5fe0b98e4db0410463c8aa4cb169dde5	101	MobiDBLite	mobidb-lite	consensus disorder prediction	1	16	-	T	30-10-2025	-	-	-	-
transcript11490	e3907d60b89c37af903227d24632b2c6	118	MobiDBLite	mobidb-lite	consensus disorder prediction	63	95	-	T	30-10-2025	-	-	-	-
transcript11493	e3907d60b89c37af903227d24632b2c6	118	MobiDBLite	mobidb-lite	consensus disorder prediction	63	95	-	T	30-10-2025	-	-	-	-
transcript11492	e3907d60b89c37af903227d24632b2c6	118	MobiDBLite	mobidb-lite	consensus disorder prediction	63	95	-	T	30-10-2025	-	-	-	-
transcript46907	2b53879b7c83e876825728775842f2b3	105	PANTHER	PTHR32170	PROTEASOME ACTIVATOR COMPLEX SUBUNIT 4	2	80	3.9E-18	T	30-10-2025	IPR035309	Proteasome activator complex subunit 4	GO:0005634(PANTHER)|GO:0005829(PANTHER)|GO:0010499(PANTHER)|GO:0016504(InterPro)|GO:0016504(PANTHER)|GO:0070577(PANTHER)|GO:0070628(InterPro)|GO:0070628(PANTHER)	-
transcript35351	7fad8d353588ad8737372f3d2e0e798d	397	Pfam	PF03371	PRP38 family	11	173	3.5E-64	T	30-10-2025	IPR005037	Pre-mRNA-splicing factor 38	-	-
transcript35351	7fad8d353588ad8737372f3d2e0e798d	397	Pfam	PF12871	Pre-mRNA-splicing factor 38-associated hydrophilic C-term	179	278	0.018	T	30-10-2025	IPR024767	Pre-mRNA-splicing factor 38, C-terminal	-	-
transcript35351	7fad8d353588ad8737372f3d2e0e798d	397	PANTHER	PTHR23142	PRE-MRNA-SPLICING FACTOR 38A-RELATED	1	349	1.3E-97	T	30-10-2025	IPR005037	Pre-mRNA-splicing factor 38	-	-
transcript35351	7fad8d353588ad8737372f3d2e0e798d	397	MobiDBLite	mobidb-lite	consensus disorder prediction	180	397	-	T	30-10-2025	-	-	-	-
transcript35351	7fad8d353588ad8737372f3d2e0e798d	397	MobiDBLite	mobidb-lite	consensus disorder prediction	206	231	-	T	30-10-2025	-	-	-	-
transcript35351	7fad8d353588ad8737372f3d2e0e798d	397	MobiDBLite	mobidb-lite	consensus disorder prediction	348	360	-	T	30-10-2025	-	-	-	-
transcript35351	7fad8d353588ad8737372f3d2e0e798d	397	MobiDBLite	mobidb-lite	consensus disorder prediction	311	322	-	T	30-10-2025	-	-	-	-
transcript35351	7fad8d353588ad8737372f3d2e0e798d	397	MobiDBLite	mobidb-lite	consensus disorder prediction	323	334	-	T	30-10-2025	-	-	-	-
transcript35351	7fad8d353588ad8737372f3d2e0e798d	397	MobiDBLite	mobidb-lite	consensus disorder prediction	185	196	-	T	30-10-2025	-	-	-	-
transcript35351	7fad8d353588ad8737372f3d2e0e798d	397	MobiDBLite	mobidb-lite	consensus disorder prediction	240	310	-	T	30-10-2025	-	-	-	-
transcript24682	da24e0ca22815605afc13747f91f19a4	159	MobiDBLite	mobidb-lite	consensus disorder prediction	119	136	-	T	30-10-2025	-	-	-	-
transcript24682	da24e0ca22815605afc13747f91f19a4	159	MobiDBLite	mobidb-lite	consensus disorder prediction	20	32	-	T	30-10-2025	-	-	-	-
transcript24682	da24e0ca22815605afc13747f91f19a4	159	MobiDBLite	mobidb-lite	consensus disorder prediction	80	94	-	T	30-10-2025	-	-	-	-
transcript24682	da24e0ca22815605afc13747f91f19a4	159	MobiDBLite	mobidb-lite	consensus disorder prediction	95	105	-	T	30-10-2025	-	-	-	-
transcript24682	da24e0ca22815605afc13747f91f19a4	159	MobiDBLite	mobidb-lite	consensus disorder prediction	67	79	-	T	30-10-2025	-	-	-	-
transcript24682	da24e0ca22815605afc13747f91f19a4	159	MobiDBLite	mobidb-lite	consensus disorder prediction	1	159	-	T	30-10-2025	-	-	-	-
transcript24683	da24e0ca22815605afc13747f91f19a4	159	MobiDBLite	mobidb-lite	consensus disorder prediction	119	136	-	T	30-10-2025	-	-	-	-
transcript24683	da24e0ca22815605afc13747f91f19a4	159	MobiDBLite	mobidb-lite	consensus disorder prediction	20	32	-	T	30-10-2025	-	-	-	-
transcript24683	da24e0ca22815605afc13747f91f19a4	159	MobiDBLite	mobidb-lite	consensus disorder prediction	80	94	-	T	30-10-2025	-	-	-	-
transcript24683	da24e0ca22815605afc13747f91f19a4	159	MobiDBLite	mobidb-lite	consensus disorder prediction	95	105	-	T	30-10-2025	-	-	-	-
transcript24683	da24e0ca22815605afc13747f91f19a4	159	MobiDBLite	mobidb-lite	consensus disorder prediction	67	79	-	T	30-10-2025	-	-	-	-
transcript24683	da24e0ca22815605afc13747f91f19a4	159	MobiDBLite	mobidb-lite	consensus disorder prediction	1	159	-	T	30-10-2025	-	-	-	-
transcript18005	5e5be6f31a294918ae467439cc62e652	514	Pfam	PF08263	Leucine rich repeat N-terminal domain	34	70	3.9E-7	T	30-10-2025	IPR013210	Leucine-rich repeat-containing N-terminal, plant-type	-	-
transcript18005	5e5be6f31a294918ae467439cc62e652	514	PANTHER	PTHR48061	LEUCINE-RICH REPEAT RECEPTOR PROTEIN KINASE EMS1-LIKE-RELATED	31	239	4.1E-102	T	30-10-2025	IPR046956	Receptor-like protein 23-like	-	-
transcript18005	5e5be6f31a294918ae467439cc62e652	514	SUPERFAMILY	SSF52058	L domain-like	32	292	8.42E-37	T	30-10-2025	-	-	-	-
transcript18005	5e5be6f31a294918ae467439cc62e652	514	Pfam	PF23598	Leucine-rich repeat region	226	404	1.4E-7	T	30-10-2025	IPR055414	Disease resistance R13L4/SHOC-2-like, LRR domain	-	-
transcript18005	5e5be6f31a294918ae467439cc62e652	514	SUPERFAMILY	SSF52058	L domain-like	204	504	2.21E-47	T	30-10-2025	-	-	-	-
transcript18005	5e5be6f31a294918ae467439cc62e652	514	Gene3D	G3DSA:3.80.10.10	Ribonuclease Inhibitor	201	512	5.2E-69	T	30-10-2025	IPR032675	Leucine-rich repeat domain superfamily	-	-
transcript18005	5e5be6f31a294918ae467439cc62e652	514	Gene3D	G3DSA:3.80.10.10	Ribonuclease Inhibitor	33	200	7.8E-33	T	30-10-2025	IPR032675	Leucine-rich repeat domain superfamily	-	-
transcript18005	5e5be6f31a294918ae467439cc62e652	514	Pfam	PF00560	Leucine Rich Repeat	423	443	290.0	T	30-10-2025	IPR001611	Leucine-rich repeat	GO:0005515(InterPro)	-
transcript18005	5e5be6f31a294918ae467439cc62e652	514	Pfam	PF00560	Leucine Rich Repeat	128	149	1100.0	T	30-10-2025	IPR001611	Leucine-rich repeat	GO:0005515(InterPro)	-
transcript18005	5e5be6f31a294918ae467439cc62e652	514	Pfam	PF00560	Leucine Rich Repeat	473	493	3500.0	T	30-10-2025	IPR001611	Leucine-rich repeat	GO:0005515(InterPro)	-
transcript18005	5e5be6f31a294918ae467439cc62e652	514	FunFam	G3DSA:3.80.10.10:FF:000041	LRR receptor-like serine/threonine-protein kinase ERECTA	366	461	7.2E-26	T	30-10-2025	-	-	-	-
transcript18005	5e5be6f31a294918ae467439cc62e652	514	SMART	SM00369	LRR_typ_2	149	171	200.0	T	30-10-2025	IPR003591	Leucine-rich repeat, typical subtype	-	-
transcript18005	5e5be6f31a294918ae467439cc62e652	514	SMART	SM00369	LRR_typ_2	252	276	270.0	T	30-10-2025	IPR003591	Leucine-rich repeat, typical subtype	-	-
transcript18005	5e5be6f31a294918ae467439cc62e652	514	SMART	SM00369	LRR_typ_2	99	124	46.0	T	30-10-2025	IPR003591	Leucine-rich repeat, typical subtype	-	-
transcript18005	5e5be6f31a294918ae467439cc62e652	514	SMART	SM00369	LRR_typ_2	420	444	6.9	T	30-10-2025	IPR003591	Leucine-rich repeat, typical subtype	-	-
transcript20864	5218794bd00d3c0e3012c3af54946c3d	77	MobiDBLite	mobidb-lite	consensus disorder prediction	14	31	-	T	30-10-2025	-	-	-	-
transcript20864	5218794bd00d3c0e3012c3af54946c3d	77	MobiDBLite	mobidb-lite	consensus disorder prediction	1	77	-	T	30-10-2025	-	-	-	-
transcript17026	6f991bb22a42d49e52e925d6100f6986	101	PANTHER	PTHR33116	REVERSE TRANSCRIPTASE ZINC-BINDING DOMAIN-CONTAINING PROTEIN-RELATED-RELATED	2	88	1.3E-9	T	30-10-2025	-	-	-	-
transcript51540	a20dc545baaa645dca47434cef473658	206	MobiDBLite	mobidb-lite	consensus disorder prediction	1	69	-	T	30-10-2025	-	-	-	-
transcript37158	820c86b79c8a561fd8ef84ec90c92648	99	MobiDBLite	mobidb-lite	consensus disorder prediction	1	99	-	T	30-10-2025	-	-	-	-
transcript37158	820c86b79c8a561fd8ef84ec90c92648	99	MobiDBLite	mobidb-lite	consensus disorder prediction	1	11	-	T	30-10-2025	-	-	-	-
transcript37158	820c86b79c8a561fd8ef84ec90c92648	99	MobiDBLite	mobidb-lite	consensus disorder prediction	56	77	-	T	30-10-2025	-	-	-	-
transcript54013	74fd72ff2de71e161ca6458b76e9e79f	131	PRINTS	PR01217	Proline rich extensin signature	38	59	7.1E-10	T	30-10-2025	-	-	-	-
transcript54013	74fd72ff2de71e161ca6458b76e9e79f	131	PRINTS	PR01217	Proline rich extensin signature	23	35	7.1E-10	T	30-10-2025	-	-	-	-
transcript54013	74fd72ff2de71e161ca6458b76e9e79f	131	PRINTS	PR01217	Proline rich extensin signature	1	17	7.1E-10	T	30-10-2025	-	-	-	-
transcript54013	74fd72ff2de71e161ca6458b76e9e79f	131	MobiDBLite	mobidb-lite	consensus disorder prediction	82	91	-	T	30-10-2025	-	-	-	-
transcript54013	74fd72ff2de71e161ca6458b76e9e79f	131	MobiDBLite	mobidb-lite	consensus disorder prediction	100	110	-	T	30-10-2025	-	-	-	-
transcript54013	74fd72ff2de71e161ca6458b76e9e79f	131	MobiDBLite	mobidb-lite	consensus disorder prediction	1	52	-	T	30-10-2025	-	-	-	-
transcript54013	74fd72ff2de71e161ca6458b76e9e79f	131	MobiDBLite	mobidb-lite	consensus disorder prediction	1	110	-	T	30-10-2025	-	-	-	-
transcript28205	3b6dc6a35f68404f4d3e8338dfe934a6	179	MobiDBLite	mobidb-lite	consensus disorder prediction	63	81	-	T	30-10-2025	-	-	-	-
transcript28205	3b6dc6a35f68404f4d3e8338dfe934a6	179	MobiDBLite	mobidb-lite	consensus disorder prediction	52	151	-	T	30-10-2025	-	-	-	-
transcript28205	3b6dc6a35f68404f4d3e8338dfe934a6	179	MobiDBLite	mobidb-lite	consensus disorder prediction	129	139	-	T	30-10-2025	-	-	-	-
transcript34378	b154b7f2e753b9f125e2455555af48b6	67	MobiDBLite	mobidb-lite	consensus disorder prediction	19	43	-	T	30-10-2025	-	-	-	-
transcript45805	2cd5b940cb1ea697d454ca7ec7c0b06d	74	MobiDBLite	mobidb-lite	consensus disorder prediction	28	58	-	T	30-10-2025	-	-	-	-
transcript49014	b41f5ead707b32aae7a4576c03a5f984	204	Pfam	PF01435	Peptidase family M48	27	92	9.5E-12	T	30-10-2025	IPR001915	Peptidase M48	GO:0004222(InterPro)|GO:0006508(InterPro)	-
transcript49014	b41f5ead707b32aae7a4576c03a5f984	204	Gene3D	G3DSA:3.30.2010.10	Metalloproteases ("zincins"), catalytic domain	9	90	3.3E-9	T	30-10-2025	-	-	-	-
transcript49014	b41f5ead707b32aae7a4576c03a5f984	204	PANTHER	PTHR22726	METALLOENDOPEPTIDASE OMA1	16	173	2.7E-47	T	30-10-2025	IPR051156	Mitochondrial and Outer Membrane Metalloprotease	GO:0004222(PANTHER)|GO:0016020(PANTHER)|GO:0051603(PANTHER)	-
transcript55354	7adb12a17b15a8d9875765673e150a8c	92	MobiDBLite	mobidb-lite	consensus disorder prediction	1	20	-	T	30-10-2025	-	-	-	-
transcript55354	7adb12a17b15a8d9875765673e150a8c	92	MobiDBLite	mobidb-lite	consensus disorder prediction	1	12	-	T	30-10-2025	-	-	-	-
transcript1490	5553cc4ec2669f8305644a486791f128	176	MobiDBLite	mobidb-lite	consensus disorder prediction	25	37	-	T	30-10-2025	-	-	-	-
transcript1490	5553cc4ec2669f8305644a486791f128	176	MobiDBLite	mobidb-lite	consensus disorder prediction	25	70	-	T	30-10-2025	-	-	-	-
transcript41691	700c190f870abe1578caf831fa36c2fd	122	MobiDBLite	mobidb-lite	consensus disorder prediction	20	31	-	T	30-10-2025	-	-	-	-
transcript41691	700c190f870abe1578caf831fa36c2fd	122	MobiDBLite	mobidb-lite	consensus disorder prediction	20	122	-	T	30-10-2025	-	-	-	-
transcript41691	700c190f870abe1578caf831fa36c2fd	122	MobiDBLite	mobidb-lite	consensus disorder prediction	77	92	-	T	30-10-2025	-	-	-	-
transcript41690	700c190f870abe1578caf831fa36c2fd	122	MobiDBLite	mobidb-lite	consensus disorder prediction	20	31	-	T	30-10-2025	-	-	-	-
transcript41690	700c190f870abe1578caf831fa36c2fd	122	MobiDBLite	mobidb-lite	consensus disorder prediction	20	122	-	T	30-10-2025	-	-	-	-
transcript41690	700c190f870abe1578caf831fa36c2fd	122	MobiDBLite	mobidb-lite	consensus disorder prediction	77	92	-	T	30-10-2025	-	-	-	-
transcript51238	5aa0435608d668fd6f8997b8e7d3de94	200	MobiDBLite	mobidb-lite	consensus disorder prediction	30	42	-	T	30-10-2025	-	-	-	-
transcript51238	5aa0435608d668fd6f8997b8e7d3de94	200	MobiDBLite	mobidb-lite	consensus disorder prediction	30	49	-	T	30-10-2025	-	-	-	-
transcript51238	5aa0435608d668fd6f8997b8e7d3de94	200	Pfam	PF07172	Glycine rich protein family	1	89	3.6E-12	T	30-10-2025	IPR010800	Glycine rich protein	-	-
transcript51239	5aa0435608d668fd6f8997b8e7d3de94	200	MobiDBLite	mobidb-lite	consensus disorder prediction	30	42	-	T	30-10-2025	-	-	-	-
transcript51239	5aa0435608d668fd6f8997b8e7d3de94	200	MobiDBLite	mobidb-lite	consensus disorder prediction	30	49	-	T	30-10-2025	-	-	-	-
transcript51239	5aa0435608d668fd6f8997b8e7d3de94	200	Pfam	PF07172	Glycine rich protein family	1	89	3.6E-12	T	30-10-2025	IPR010800	Glycine rich protein	-	-
transcript51240	5aa0435608d668fd6f8997b8e7d3de94	200	MobiDBLite	mobidb-lite	consensus disorder prediction	30	42	-	T	30-10-2025	-	-	-	-
transcript51240	5aa0435608d668fd6f8997b8e7d3de94	200	MobiDBLite	mobidb-lite	consensus disorder prediction	30	49	-	T	30-10-2025	-	-	-	-
transcript51240	5aa0435608d668fd6f8997b8e7d3de94	200	Pfam	PF07172	Glycine rich protein family	1	89	3.6E-12	T	30-10-2025	IPR010800	Glycine rich protein	-	-
transcript51241	5aa0435608d668fd6f8997b8e7d3de94	200	MobiDBLite	mobidb-lite	consensus disorder prediction	30	42	-	T	30-10-2025	-	-	-	-
transcript51241	5aa0435608d668fd6f8997b8e7d3de94	200	MobiDBLite	mobidb-lite	consensus disorder prediction	30	49	-	T	30-10-2025	-	-	-	-
transcript51241	5aa0435608d668fd6f8997b8e7d3de94	200	Pfam	PF07172	Glycine rich protein family	1	89	3.6E-12	T	30-10-2025	IPR010800	Glycine rich protein	-	-
transcript25507	fee4b6167927e9a646a242e3865613aa	134	MobiDBLite	mobidb-lite	consensus disorder prediction	88	97	-	T	30-10-2025	-	-	-	-
transcript25507	fee4b6167927e9a646a242e3865613aa	134	MobiDBLite	mobidb-lite	consensus disorder prediction	75	97	-	T	30-10-2025	-	-	-	-
transcript25507	fee4b6167927e9a646a242e3865613aa	134	MobiDBLite	mobidb-lite	consensus disorder prediction	1	23	-	T	30-10-2025	-	-	-	-
transcript25507	fee4b6167927e9a646a242e3865613aa	134	MobiDBLite	mobidb-lite	consensus disorder prediction	1	59	-	T	30-10-2025	-	-	-	-
transcript25507	fee4b6167927e9a646a242e3865613aa	134	MobiDBLite	mobidb-lite	consensus disorder prediction	29	44	-	T	30-10-2025	-	-	-	-
transcript28690	999002930b9b8797b438f2b87002e0e5	230	MobiDBLite	mobidb-lite	consensus disorder prediction	114	156	-	T	30-10-2025	-	-	-	-
transcript28690	999002930b9b8797b438f2b87002e0e5	230	MobiDBLite	mobidb-lite	consensus disorder prediction	1	20	-	T	30-10-2025	-	-	-	-
transcript28690	999002930b9b8797b438f2b87002e0e5	230	MobiDBLite	mobidb-lite	consensus disorder prediction	27	80	-	T	30-10-2025	-	-	-	-
transcript28690	999002930b9b8797b438f2b87002e0e5	230	MobiDBLite	mobidb-lite	consensus disorder prediction	81	90	-	T	30-10-2025	-	-	-	-
transcript28690	999002930b9b8797b438f2b87002e0e5	230	MobiDBLite	mobidb-lite	consensus disorder prediction	115	139	-	T	30-10-2025	-	-	-	-
transcript28690	999002930b9b8797b438f2b87002e0e5	230	MobiDBLite	mobidb-lite	consensus disorder prediction	1	96	-	T	30-10-2025	-	-	-	-
transcript29247	9c1921fff94202d94a86a6136fb830d8	79	MobiDBLite	mobidb-lite	consensus disorder prediction	25	79	-	T	30-10-2025	-	-	-	-
transcript29247	9c1921fff94202d94a86a6136fb830d8	79	MobiDBLite	mobidb-lite	consensus disorder prediction	25	39	-	T	30-10-2025	-	-	-	-
transcript29248	9c1921fff94202d94a86a6136fb830d8	79	MobiDBLite	mobidb-lite	consensus disorder prediction	25	79	-	T	30-10-2025	-	-	-	-
transcript29248	9c1921fff94202d94a86a6136fb830d8	79	MobiDBLite	mobidb-lite	consensus disorder prediction	25	39	-	T	30-10-2025	-	-	-	-
transcript14882	81d8f1ba8c3ea06da728417427100be6	435	FunFam	G3DSA:3.80.10.10:FF:000095	LRR receptor-like serine/threonine-protein kinase GSO1	67	261	1.7E-47	T	30-10-2025	-	-	-	-
transcript14882	81d8f1ba8c3ea06da728417427100be6	435	SUPERFAMILY	SSF52058	L domain-like	331	414	5.33E-11	T	30-10-2025	-	-	-	-
transcript14882	81d8f1ba8c3ea06da728417427100be6	435	SUPERFAMILY	SSF52058	L domain-like	33	327	2.04E-58	T	30-10-2025	-	-	-	-
transcript14882	81d8f1ba8c3ea06da728417427100be6	435	Gene3D	G3DSA:3.80.10.10	Ribonuclease Inhibitor	189	267	1.0E-15	T	30-10-2025	IPR032675	Leucine-rich repeat domain superfamily	-	-
transcript14882	81d8f1ba8c3ea06da728417427100be6	435	Pfam	PF08263	Leucine rich repeat N-terminal domain	34	71	1.6E-8	T	30-10-2025	IPR013210	Leucine-rich repeat-containing N-terminal, plant-type	-	-
transcript14882	81d8f1ba8c3ea06da728417427100be6	435	Pfam	PF00560	Leucine Rich Repeat	372	394	36.0	T	30-10-2025	IPR001611	Leucine-rich repeat	GO:0005515(InterPro)	-
transcript14882	81d8f1ba8c3ea06da728417427100be6	435	Pfam	PF00560	Leucine Rich Repeat	197	219	210.0	T	30-10-2025	IPR001611	Leucine-rich repeat	GO:0005515(InterPro)	-
transcript14882	81d8f1ba8c3ea06da728417427100be6	435	Pfam	PF00560	Leucine Rich Repeat	348	369	4900.0	T	30-10-2025	IPR001611	Leucine-rich repeat	GO:0005515(InterPro)	-
transcript14882	81d8f1ba8c3ea06da728417427100be6	435	Pfam	PF00560	Leucine Rich Repeat	126	147	48.0	T	30-10-2025	IPR001611	Leucine-rich repeat	GO:0005515(InterPro)	-
transcript14882	81d8f1ba8c3ea06da728417427100be6	435	Pfam	PF00560	Leucine Rich Repeat	173	194	480.0	T	30-10-2025	IPR001611	Leucine-rich repeat	GO:0005515(InterPro)	-
transcript14882	81d8f1ba8c3ea06da728417427100be6	435	Pfam	PF00560	Leucine Rich Repeat	102	123	1900.0	T	30-10-2025	IPR001611	Leucine-rich repeat	GO:0005515(InterPro)	-
transcript14882	81d8f1ba8c3ea06da728417427100be6	435	Gene3D	G3DSA:3.80.10.10	Ribonuclease Inhibitor	268	430	2.6E-32	T	30-10-2025	IPR032675	Leucine-rich repeat domain superfamily	-	-
transcript14882	81d8f1ba8c3ea06da728417427100be6	435	PANTHER	PTHR48060	DNA DAMAGE-REPAIR/TOLERATION PROTEIN DRT100	1	410	7.7E-90	T	30-10-2025	IPR053211	DNA damage-repair/toleration-associated protein	-	-
transcript14882	81d8f1ba8c3ea06da728417427100be6	435	Gene3D	G3DSA:3.80.10.10	Ribonuclease Inhibitor	32	188	7.5E-47	T	30-10-2025	IPR032675	Leucine-rich repeat domain superfamily	-	-
transcript14883	81d8f1ba8c3ea06da728417427100be6	435	FunFam	G3DSA:3.80.10.10:FF:000095	LRR receptor-like serine/threonine-protein kinase GSO1	67	261	1.7E-47	T	30-10-2025	-	-	-	-
transcript14883	81d8f1ba8c3ea06da728417427100be6	435	SUPERFAMILY	SSF52058	L domain-like	331	414	5.33E-11	T	30-10-2025	-	-	-	-
transcript14883	81d8f1ba8c3ea06da728417427100be6	435	SUPERFAMILY	SSF52058	L domain-like	33	327	2.04E-58	T	30-10-2025	-	-	-	-
transcript14883	81d8f1ba8c3ea06da728417427100be6	435	Gene3D	G3DSA:3.80.10.10	Ribonuclease Inhibitor	189	267	1.0E-15	T	30-10-2025	IPR032675	Leucine-rich repeat domain superfamily	-	-
transcript14883	81d8f1ba8c3ea06da728417427100be6	435	Pfam	PF08263	Leucine rich repeat N-terminal domain	34	71	1.6E-8	T	30-10-2025	IPR013210	Leucine-rich repeat-containing N-terminal, plant-type	-	-
transcript14883	81d8f1ba8c3ea06da728417427100be6	435	Pfam	PF00560	Leucine Rich Repeat	372	394	36.0	T	30-10-2025	IPR001611	Leucine-rich repeat	GO:0005515(InterPro)	-
transcript14883	81d8f1ba8c3ea06da728417427100be6	435	Pfam	PF00560	Leucine Rich Repeat	197	219	210.0	T	30-10-2025	IPR001611	Leucine-rich repeat	GO:0005515(InterPro)	-
transcript14883	81d8f1ba8c3ea06da728417427100be6	435	Pfam	PF00560	Leucine Rich Repeat	348	369	4900.0	T	30-10-2025	IPR001611	Leucine-rich repeat	GO:0005515(InterPro)	-
transcript14883	81d8f1ba8c3ea06da728417427100be6	435	Pfam	PF00560	Leucine Rich Repeat	126	147	48.0	T	30-10-2025	IPR001611	Leucine-rich repeat	GO:0005515(InterPro)	-
transcript14883	81d8f1ba8c3ea06da728417427100be6	435	Pfam	PF00560	Leucine Rich Repeat	173	194	480.0	T	30-10-2025	IPR001611	Leucine-rich repeat	GO:0005515(InterPro)	-
transcript14883	81d8f1ba8c3ea06da728417427100be6	435	Pfam	PF00560	Leucine Rich Repeat	102	123	1900.0	T	30-10-2025	IPR001611	Leucine-rich repeat	GO:0005515(InterPro)	-
transcript14883	81d8f1ba8c3ea06da728417427100be6	435	Gene3D	G3DSA:3.80.10.10	Ribonuclease Inhibitor	268	430	2.6E-32	T	30-10-2025	IPR032675	Leucine-rich repeat domain superfamily	-	-
transcript14883	81d8f1ba8c3ea06da728417427100be6	435	PANTHER	PTHR48060	DNA DAMAGE-REPAIR/TOLERATION PROTEIN DRT100	1	410	7.7E-90	T	30-10-2025	IPR053211	DNA damage-repair/toleration-associated protein	-	-
transcript14883	81d8f1ba8c3ea06da728417427100be6	435	Gene3D	G3DSA:3.80.10.10	Ribonuclease Inhibitor	32	188	7.5E-47	T	30-10-2025	IPR032675	Leucine-rich repeat domain superfamily	-	-
transcript25655	3e0a311ca0635d77902ac7effe167d02	167	MobiDBLite	mobidb-lite	consensus disorder prediction	57	74	-	T	30-10-2025	-	-	-	-
transcript25655	3e0a311ca0635d77902ac7effe167d02	167	MobiDBLite	mobidb-lite	consensus disorder prediction	27	131	-	T	30-10-2025	-	-	-	-
transcript25655	3e0a311ca0635d77902ac7effe167d02	167	MobiDBLite	mobidb-lite	consensus disorder prediction	96	113	-	T	30-10-2025	-	-	-	-
transcript12675	598dc4b3ba433bcaa987203446e82753	135	MobiDBLite	mobidb-lite	consensus disorder prediction	30	89	-	T	30-10-2025	-	-	-	-
transcript12675	598dc4b3ba433bcaa987203446e82753	135	MobiDBLite	mobidb-lite	consensus disorder prediction	36	48	-	T	30-10-2025	-	-	-	-
transcript12675	598dc4b3ba433bcaa987203446e82753	135	MobiDBLite	mobidb-lite	consensus disorder prediction	66	88	-	T	30-10-2025	-	-	-	-
transcript44189	ee4e63b7c089266174b78215ead36d80	278	PANTHER	PTHR12549	JMJC DOMAIN-CONTAINING HISTONE DEMETHYLATION PROTEIN	37	202	7.3E-39	T	30-10-2025	IPR045109	Lysine-specific demethylase LSDs-like	GO:0000118(PANTHER)|GO:0000785(PANTHER)|GO:0003712(PANTHER)|GO:0006357(PANTHER)|GO:0031490(PANTHER)|GO:0032454(InterPro)|GO:0032454(PANTHER)	-
transcript44189	ee4e63b7c089266174b78215ead36d80	278	MobiDBLite	mobidb-lite	consensus disorder prediction	204	228	-	T	30-10-2025	-	-	-	-
transcript44189	ee4e63b7c089266174b78215ead36d80	278	MobiDBLite	mobidb-lite	consensus disorder prediction	147	181	-	T	30-10-2025	-	-	-	-
transcript44189	ee4e63b7c089266174b78215ead36d80	278	MobiDBLite	mobidb-lite	consensus disorder prediction	152	165	-	T	30-10-2025	-	-	-	-
transcript44189	ee4e63b7c089266174b78215ead36d80	278	MobiDBLite	mobidb-lite	consensus disorder prediction	211	225	-	T	30-10-2025	-	-	-	-
transcript14190	d6836aeae3664b9ba62bd47c5dd40282	69	MobiDBLite	mobidb-lite	consensus disorder prediction	30	41	-	T	30-10-2025	-	-	-	-
transcript14190	d6836aeae3664b9ba62bd47c5dd40282	69	MobiDBLite	mobidb-lite	consensus disorder prediction	1	29	-	T	30-10-2025	-	-	-	-
transcript14190	d6836aeae3664b9ba62bd47c5dd40282	69	MobiDBLite	mobidb-lite	consensus disorder prediction	1	47	-	T	30-10-2025	-	-	-	-
transcript14190	d6836aeae3664b9ba62bd47c5dd40282	69	Pfam	PF12734	Cysteine-rich TM module stress tolerance	33	69	3.6E-9	T	30-10-2025	IPR028144	Cysteine-rich transmembrane domain	-	-
transcript14190	d6836aeae3664b9ba62bd47c5dd40282	69	PANTHER	PTHR31568	RCG49325, ISOFORM CRA_A	1	69	1.2E-15	T	30-10-2025	IPR044850	Cysteine-rich and transmembrane domain-containing protein WIH1-like	GO:0005886(PANTHER)|GO:0005886(InterPro)	-
transcript14189	d6836aeae3664b9ba62bd47c5dd40282	69	MobiDBLite	mobidb-lite	consensus disorder prediction	30	41	-	T	30-10-2025	-	-	-	-
transcript14189	d6836aeae3664b9ba62bd47c5dd40282	69	MobiDBLite	mobidb-lite	consensus disorder prediction	1	29	-	T	30-10-2025	-	-	-	-
transcript14189	d6836aeae3664b9ba62bd47c5dd40282	69	MobiDBLite	mobidb-lite	consensus disorder prediction	1	47	-	T	30-10-2025	-	-	-	-
transcript14189	d6836aeae3664b9ba62bd47c5dd40282	69	Pfam	PF12734	Cysteine-rich TM module stress tolerance	33	69	3.6E-9	T	30-10-2025	IPR028144	Cysteine-rich transmembrane domain	-	-
transcript14189	d6836aeae3664b9ba62bd47c5dd40282	69	PANTHER	PTHR31568	RCG49325, ISOFORM CRA_A	1	69	1.2E-15	T	30-10-2025	IPR044850	Cysteine-rich and transmembrane domain-containing protein WIH1-like	GO:0005886(PANTHER)|GO:0005886(InterPro)	-
transcript13810	89ce587b5f61067c54c240cf4973079d	211	MobiDBLite	mobidb-lite	consensus disorder prediction	59	86	-	T	30-10-2025	-	-	-	-
transcript13810	89ce587b5f61067c54c240cf4973079d	211	MobiDBLite	mobidb-lite	consensus disorder prediction	66	86	-	T	30-10-2025	-	-	-	-
transcript37414	3341d4b98acfded9366ad4f825978d8b	146	MobiDBLite	mobidb-lite	consensus disorder prediction	62	77	-	T	30-10-2025	-	-	-	-
transcript37414	3341d4b98acfded9366ad4f825978d8b	146	MobiDBLite	mobidb-lite	consensus disorder prediction	42	77	-	T	30-10-2025	-	-	-	-
transcript37413	3341d4b98acfded9366ad4f825978d8b	146	MobiDBLite	mobidb-lite	consensus disorder prediction	62	77	-	T	30-10-2025	-	-	-	-
transcript37413	3341d4b98acfded9366ad4f825978d8b	146	MobiDBLite	mobidb-lite	consensus disorder prediction	42	77	-	T	30-10-2025	-	-	-	-
transcript9530	74a4deb9752ee1c73d7fd3ad16f25777	93	MobiDBLite	mobidb-lite	consensus disorder prediction	8	20	-	T	30-10-2025	-	-	-	-
transcript9530	74a4deb9752ee1c73d7fd3ad16f25777	93	MobiDBLite	mobidb-lite	consensus disorder prediction	46	80	-	T	30-10-2025	-	-	-	-
transcript9530	74a4deb9752ee1c73d7fd3ad16f25777	93	MobiDBLite	mobidb-lite	consensus disorder prediction	1	93	-	T	30-10-2025	-	-	-	-
transcript17508	4c69d1a5dd7414f4c489883347619f84	187	Gene3D	G3DSA:3.40.1350.10	-	129	185	1.3E-17	T	30-10-2025	IPR011856	tRNA endonuclease-like domain superfamily	GO:0003676(InterPro)	-
transcript17508	4c69d1a5dd7414f4c489883347619f84	187	PANTHER	PTHR21227	TRNA-SPLICING ENDONUCLEASE SUBUNIT SEN2	82	177	9.7E-46	T	30-10-2025	IPR006676	tRNA-splicing endonuclease	GO:0000213(PANTHER)|GO:0000213(InterPro)|GO:0000214(PANTHER)|GO:0000379(PANTHER)|GO:0004519(PANTHER)|GO:0005737(PANTHER)|GO:0006388(InterPro)|GO:0008033(PANTHER)	-
transcript17508	4c69d1a5dd7414f4c489883347619f84	187	SUPERFAMILY	SSF53032	tRNA-intron endonuclease catalytic domain-like	129	176	4.88E-17	T	30-10-2025	IPR036167	tRNA intron endonuclease, catalytic domain-like superfamily	GO:0006388(InterPro)	-
transcript17508	4c69d1a5dd7414f4c489883347619f84	187	Pfam	PF01974	tRNA intron endonuclease, catalytic C-terminal domain	130	178	4.2E-11	T	30-10-2025	IPR006677	tRNA intron endonuclease, catalytic domain-like	GO:0000213(InterPro)|GO:0006388(InterPro)	-
transcript17508	4c69d1a5dd7414f4c489883347619f84	187	CDD	cd22363	tRNA-intron_lyase_C	130	176	1.25094E-19	T	30-10-2025	IPR006677	tRNA intron endonuclease, catalytic domain-like	GO:0000213(InterPro)|GO:0006388(InterPro)	-
transcript28675	1ace22abad775309f018c54252ab63f5	102	MobiDBLite	mobidb-lite	consensus disorder prediction	1	11	-	T	30-10-2025	-	-	-	-
transcript28675	1ace22abad775309f018c54252ab63f5	102	MobiDBLite	mobidb-lite	consensus disorder prediction	1	29	-	T	30-10-2025	-	-	-	-
transcript28674	1ace22abad775309f018c54252ab63f5	102	MobiDBLite	mobidb-lite	consensus disorder prediction	1	11	-	T	30-10-2025	-	-	-	-
transcript28674	1ace22abad775309f018c54252ab63f5	102	MobiDBLite	mobidb-lite	consensus disorder prediction	1	29	-	T	30-10-2025	-	-	-	-
transcript23231	e0c83ed443d14bdf040d6205ce95f252	256	MobiDBLite	mobidb-lite	consensus disorder prediction	1	50	-	T	30-10-2025	-	-	-	-
transcript23231	e0c83ed443d14bdf040d6205ce95f252	256	MobiDBLite	mobidb-lite	consensus disorder prediction	108	166	-	T	30-10-2025	-	-	-	-
transcript23231	e0c83ed443d14bdf040d6205ce95f252	256	MobiDBLite	mobidb-lite	consensus disorder prediction	119	131	-	T	30-10-2025	-	-	-	-
transcript50793	e157b789181a19a49509827da62df351	305	Pfam	PF23622	At1g61320/AtMIF1, LRR domain	94	276	1.7E-62	T	30-10-2025	IPR055357	At1g61320/AtMIF1, LRR domain	-	-
transcript50793	e157b789181a19a49509827da62df351	305	MobiDBLite	mobidb-lite	consensus disorder prediction	1	28	-	T	30-10-2025	-	-	-	-
transcript50793	e157b789181a19a49509827da62df351	305	SUPERFAMILY	SSF52047	RNI-like	162	265	8.63E-7	T	30-10-2025	-	-	-	-
transcript50793	e157b789181a19a49509827da62df351	305	PANTHER	PTHR34145	OS02G0105600 PROTEIN	33	274	6.0E-73	T	30-10-2025	IPR053772	FBD-associated F-box protein At1g61320/At1g61330-like	-	-
transcript14696	ce2462675798933af7f3f89a6fa24233	174	Pfam	PF04570	zinc-finger of the FCS-type, C2-C2	91	134	1.1E-18	T	30-10-2025	IPR007650	Zf-FLZ domain	-	-
transcript14696	ce2462675798933af7f3f89a6fa24233	174	PANTHER	PTHR46057	FCS-LIKE ZINC FINGER 1-RELATED	89	150	3.4E-26	T	30-10-2025	IPR044533	FCS-Like Zinc finger 1/2/3	-	-
transcript14696	ce2462675798933af7f3f89a6fa24233	174	ProSiteProfiles	PS51795	Zinc finger FLZ-type profile.	92	136	24.806683	T	30-10-2025	IPR007650	Zf-FLZ domain	-	-
transcript14696	ce2462675798933af7f3f89a6fa24233	174	MobiDBLite	mobidb-lite	consensus disorder prediction	15	49	-	T	30-10-2025	-	-	-	-
transcript14696	ce2462675798933af7f3f89a6fa24233	174	MobiDBLite	mobidb-lite	consensus disorder prediction	131	174	-	T	30-10-2025	-	-	-	-
transcript14695	ce2462675798933af7f3f89a6fa24233	174	Pfam	PF04570	zinc-finger of the FCS-type, C2-C2	91	134	1.1E-18	T	30-10-2025	IPR007650	Zf-FLZ domain	-	-
transcript14695	ce2462675798933af7f3f89a6fa24233	174	PANTHER	PTHR46057	FCS-LIKE ZINC FINGER 1-RELATED	89	150	3.4E-26	T	30-10-2025	IPR044533	FCS-Like Zinc finger 1/2/3	-	-
transcript14695	ce2462675798933af7f3f89a6fa24233	174	ProSiteProfiles	PS51795	Zinc finger FLZ-type profile.	92	136	24.806683	T	30-10-2025	IPR007650	Zf-FLZ domain	-	-
transcript14695	ce2462675798933af7f3f89a6fa24233	174	MobiDBLite	mobidb-lite	consensus disorder prediction	15	49	-	T	30-10-2025	-	-	-	-
transcript14695	ce2462675798933af7f3f89a6fa24233	174	MobiDBLite	mobidb-lite	consensus disorder prediction	131	174	-	T	30-10-2025	-	-	-	-
transcript14698	ce2462675798933af7f3f89a6fa24233	174	Pfam	PF04570	zinc-finger of the FCS-type, C2-C2	91	134	1.1E-18	T	30-10-2025	IPR007650	Zf-FLZ domain	-	-
transcript14698	ce2462675798933af7f3f89a6fa24233	174	PANTHER	PTHR46057	FCS-LIKE ZINC FINGER 1-RELATED	89	150	3.4E-26	T	30-10-2025	IPR044533	FCS-Like Zinc finger 1/2/3	-	-
transcript14698	ce2462675798933af7f3f89a6fa24233	174	ProSiteProfiles	PS51795	Zinc finger FLZ-type profile.	92	136	24.806683	T	30-10-2025	IPR007650	Zf-FLZ domain	-	-
transcript14698	ce2462675798933af7f3f89a6fa24233	174	MobiDBLite	mobidb-lite	consensus disorder prediction	15	49	-	T	30-10-2025	-	-	-	-
transcript14698	ce2462675798933af7f3f89a6fa24233	174	MobiDBLite	mobidb-lite	consensus disorder prediction	131	174	-	T	30-10-2025	-	-	-	-
transcript14694	ce2462675798933af7f3f89a6fa24233	174	Pfam	PF04570	zinc-finger of the FCS-type, C2-C2	91	134	1.1E-18	T	30-10-2025	IPR007650	Zf-FLZ domain	-	-
transcript14694	ce2462675798933af7f3f89a6fa24233	174	PANTHER	PTHR46057	FCS-LIKE ZINC FINGER 1-RELATED	89	150	3.4E-26	T	30-10-2025	IPR044533	FCS-Like Zinc finger 1/2/3	-	-
transcript14694	ce2462675798933af7f3f89a6fa24233	174	ProSiteProfiles	PS51795	Zinc finger FLZ-type profile.	92	136	24.806683	T	30-10-2025	IPR007650	Zf-FLZ domain	-	-
transcript14694	ce2462675798933af7f3f89a6fa24233	174	MobiDBLite	mobidb-lite	consensus disorder prediction	15	49	-	T	30-10-2025	-	-	-	-
transcript14694	ce2462675798933af7f3f89a6fa24233	174	MobiDBLite	mobidb-lite	consensus disorder prediction	131	174	-	T	30-10-2025	-	-	-	-
transcript14697	ce2462675798933af7f3f89a6fa24233	174	Pfam	PF04570	zinc-finger of the FCS-type, C2-C2	91	134	1.1E-18	T	30-10-2025	IPR007650	Zf-FLZ domain	-	-
transcript14697	ce2462675798933af7f3f89a6fa24233	174	PANTHER	PTHR46057	FCS-LIKE ZINC FINGER 1-RELATED	89	150	3.4E-26	T	30-10-2025	IPR044533	FCS-Like Zinc finger 1/2/3	-	-
transcript14697	ce2462675798933af7f3f89a6fa24233	174	ProSiteProfiles	PS51795	Zinc finger FLZ-type profile.	92	136	24.806683	T	30-10-2025	IPR007650	Zf-FLZ domain	-	-
transcript14697	ce2462675798933af7f3f89a6fa24233	174	MobiDBLite	mobidb-lite	consensus disorder prediction	15	49	-	T	30-10-2025	-	-	-	-
transcript14697	ce2462675798933af7f3f89a6fa24233	174	MobiDBLite	mobidb-lite	consensus disorder prediction	131	174	-	T	30-10-2025	-	-	-	-
transcript27109	7c473ea97968878345fb60c1a73811ec	188	MobiDBLite	mobidb-lite	consensus disorder prediction	1	27	-	T	30-10-2025	-	-	-	-
transcript27109	7c473ea97968878345fb60c1a73811ec	188	MobiDBLite	mobidb-lite	consensus disorder prediction	17	27	-	T	30-10-2025	-	-	-	-
transcript24261	be21081e6c336954b533a0267c0a5dfd	95	MobiDBLite	mobidb-lite	consensus disorder prediction	22	35	-	T	30-10-2025	-	-	-	-
transcript24261	be21081e6c336954b533a0267c0a5dfd	95	MobiDBLite	mobidb-lite	consensus disorder prediction	80	95	-	T	30-10-2025	-	-	-	-
transcript24261	be21081e6c336954b533a0267c0a5dfd	95	MobiDBLite	mobidb-lite	consensus disorder prediction	69	79	-	T	30-10-2025	-	-	-	-
transcript24261	be21081e6c336954b533a0267c0a5dfd	95	MobiDBLite	mobidb-lite	consensus disorder prediction	69	95	-	T	30-10-2025	-	-	-	-
transcript24261	be21081e6c336954b533a0267c0a5dfd	95	MobiDBLite	mobidb-lite	consensus disorder prediction	22	42	-	T	30-10-2025	-	-	-	-
transcript24260	be21081e6c336954b533a0267c0a5dfd	95	MobiDBLite	mobidb-lite	consensus disorder prediction	22	35	-	T	30-10-2025	-	-	-	-
transcript24260	be21081e6c336954b533a0267c0a5dfd	95	MobiDBLite	mobidb-lite	consensus disorder prediction	80	95	-	T	30-10-2025	-	-	-	-
transcript24260	be21081e6c336954b533a0267c0a5dfd	95	MobiDBLite	mobidb-lite	consensus disorder prediction	69	79	-	T	30-10-2025	-	-	-	-
transcript24260	be21081e6c336954b533a0267c0a5dfd	95	MobiDBLite	mobidb-lite	consensus disorder prediction	69	95	-	T	30-10-2025	-	-	-	-
transcript24260	be21081e6c336954b533a0267c0a5dfd	95	MobiDBLite	mobidb-lite	consensus disorder prediction	22	42	-	T	30-10-2025	-	-	-	-
transcript19892	a86c5462accdbb743c32eea6eb4cbd1e	135	MobiDBLite	mobidb-lite	consensus disorder prediction	62	119	-	T	30-10-2025	-	-	-	-
transcript19892	a86c5462accdbb743c32eea6eb4cbd1e	135	MobiDBLite	mobidb-lite	consensus disorder prediction	1	50	-	T	30-10-2025	-	-	-	-
transcript19892	a86c5462accdbb743c32eea6eb4cbd1e	135	MobiDBLite	mobidb-lite	consensus disorder prediction	66	79	-	T	30-10-2025	-	-	-	-
transcript19892	a86c5462accdbb743c32eea6eb4cbd1e	135	MobiDBLite	mobidb-lite	consensus disorder prediction	1	10	-	T	30-10-2025	-	-	-	-
transcript19891	a86c5462accdbb743c32eea6eb4cbd1e	135	MobiDBLite	mobidb-lite	consensus disorder prediction	62	119	-	T	30-10-2025	-	-	-	-
transcript19891	a86c5462accdbb743c32eea6eb4cbd1e	135	MobiDBLite	mobidb-lite	consensus disorder prediction	1	50	-	T	30-10-2025	-	-	-	-
transcript19891	a86c5462accdbb743c32eea6eb4cbd1e	135	MobiDBLite	mobidb-lite	consensus disorder prediction	66	79	-	T	30-10-2025	-	-	-	-
transcript19891	a86c5462accdbb743c32eea6eb4cbd1e	135	MobiDBLite	mobidb-lite	consensus disorder prediction	1	10	-	T	30-10-2025	-	-	-	-
transcript20224	3ba22068762d5c5e468f377e487bed95	91	MobiDBLite	mobidb-lite	consensus disorder prediction	34	91	-	T	30-10-2025	-	-	-	-
transcript20224	3ba22068762d5c5e468f377e487bed95	91	MobiDBLite	mobidb-lite	consensus disorder prediction	34	43	-	T	30-10-2025	-	-	-	-
transcript20224	3ba22068762d5c5e468f377e487bed95	91	MobiDBLite	mobidb-lite	consensus disorder prediction	74	91	-	T	30-10-2025	-	-	-	-
transcript16733	71275211e09804b93d8ed021d2dc1648	125	MobiDBLite	mobidb-lite	consensus disorder prediction	21	30	-	T	30-10-2025	-	-	-	-
transcript16733	71275211e09804b93d8ed021d2dc1648	125	MobiDBLite	mobidb-lite	consensus disorder prediction	1	30	-	T	30-10-2025	-	-	-	-
transcript21328	f0387db7d569578fb82f2965b8cf9433	133	MobiDBLite	mobidb-lite	consensus disorder prediction	71	92	-	T	30-10-2025	-	-	-	-
transcript21328	f0387db7d569578fb82f2965b8cf9433	133	MobiDBLite	mobidb-lite	consensus disorder prediction	22	102	-	T	30-10-2025	-	-	-	-
transcript27111	67a426a974de24cb21d18becbf84e244	133	SUPERFAMILY	SSF53335	S-adenosyl-L-methionine-dependent methyltransferases	28	90	4.27E-6	T	30-10-2025	IPR029063	S-adenosyl-L-methionine-dependent methyltransferase superfamily	-	-
transcript27111	67a426a974de24cb21d18becbf84e244	133	Gene3D	G3DSA:3.40.50.150	Vaccinia Virus protein VP39	27	98	1.0E-10	T	30-10-2025	IPR029063	S-adenosyl-L-methionine-dependent methyltransferase superfamily	-	-
transcript27111	67a426a974de24cb21d18becbf84e244	133	MobiDBLite	mobidb-lite	consensus disorder prediction	112	127	-	T	30-10-2025	-	-	-	-
transcript27111	67a426a974de24cb21d18becbf84e244	133	MobiDBLite	mobidb-lite	consensus disorder prediction	1	24	-	T	30-10-2025	-	-	-	-
transcript27111	67a426a974de24cb21d18becbf84e244	133	MobiDBLite	mobidb-lite	consensus disorder prediction	1	10	-	T	30-10-2025	-	-	-	-
transcript27111	67a426a974de24cb21d18becbf84e244	133	MobiDBLite	mobidb-lite	consensus disorder prediction	112	133	-	T	30-10-2025	-	-	-	-
transcript43845	08d138faac0f9a459977a76b9c442240	79	MobiDBLite	mobidb-lite	consensus disorder prediction	1	10	-	T	30-10-2025	-	-	-	-
transcript43845	08d138faac0f9a459977a76b9c442240	79	MobiDBLite	mobidb-lite	consensus disorder prediction	1	30	-	T	30-10-2025	-	-	-	-
transcript20458	439cf935d6c2c86302cdbadd7ae839ef	93	MobiDBLite	mobidb-lite	consensus disorder prediction	36	66	-	T	30-10-2025	-	-	-	-
transcript20458	439cf935d6c2c86302cdbadd7ae839ef	93	MobiDBLite	mobidb-lite	consensus disorder prediction	53	66	-	T	30-10-2025	-	-	-	-
transcript17683	34695b2136897f5d85c0e2240f7c2eca	115	MobiDBLite	mobidb-lite	consensus disorder prediction	36	46	-	T	30-10-2025	-	-	-	-
transcript17683	34695b2136897f5d85c0e2240f7c2eca	115	MobiDBLite	mobidb-lite	consensus disorder prediction	59	115	-	T	30-10-2025	-	-	-	-
transcript17683	34695b2136897f5d85c0e2240f7c2eca	115	MobiDBLite	mobidb-lite	consensus disorder prediction	1	47	-	T	30-10-2025	-	-	-	-
transcript17682	34695b2136897f5d85c0e2240f7c2eca	115	MobiDBLite	mobidb-lite	consensus disorder prediction	36	46	-	T	30-10-2025	-	-	-	-
transcript17682	34695b2136897f5d85c0e2240f7c2eca	115	MobiDBLite	mobidb-lite	consensus disorder prediction	59	115	-	T	30-10-2025	-	-	-	-
transcript17682	34695b2136897f5d85c0e2240f7c2eca	115	MobiDBLite	mobidb-lite	consensus disorder prediction	1	47	-	T	30-10-2025	-	-	-	-
transcript34993	fe438ed38bfa1b8082f97ef54c52b168	181	Pfam	PF03141	Putative S-adenosyl-L-methionine-dependent methyltransferase	2	44	1.7E-12	T	30-10-2025	IPR004159	Putative S-adenosyl-L-methionine-dependent methyltransferase	GO:0008168(InterPro)	-
transcript34993	fe438ed38bfa1b8082f97ef54c52b168	181	MobiDBLite	mobidb-lite	consensus disorder prediction	135	155	-	T	30-10-2025	-	-	-	-
transcript34993	fe438ed38bfa1b8082f97ef54c52b168	181	MobiDBLite	mobidb-lite	consensus disorder prediction	79	102	-	T	30-10-2025	-	-	-	-
transcript34993	fe438ed38bfa1b8082f97ef54c52b168	181	MobiDBLite	mobidb-lite	consensus disorder prediction	138	155	-	T	30-10-2025	-	-	-	-
transcript34993	fe438ed38bfa1b8082f97ef54c52b168	181	MobiDBLite	mobidb-lite	consensus disorder prediction	162	181	-	T	30-10-2025	-	-	-	-
transcript34993	fe438ed38bfa1b8082f97ef54c52b168	181	PANTHER	PTHR10108	SAM-DEPENDENT METHYLTRANSFERASE	2	44	6.0E-12	T	30-10-2025	IPR004159	Putative S-adenosyl-L-methionine-dependent methyltransferase	GO:0005737(PANTHER)|GO:0005768(PANTHER)|GO:0005802(PANTHER)|GO:0008168(InterPro)	-
transcript24821	1dee541f0ca6d5f0cca910b716f3f16b	177	MobiDBLite	mobidb-lite	consensus disorder prediction	82	177	-	T	30-10-2025	-	-	-	-
transcript24821	1dee541f0ca6d5f0cca910b716f3f16b	177	MobiDBLite	mobidb-lite	consensus disorder prediction	137	146	-	T	30-10-2025	-	-	-	-
transcript24821	1dee541f0ca6d5f0cca910b716f3f16b	177	MobiDBLite	mobidb-lite	consensus disorder prediction	86	102	-	T	30-10-2025	-	-	-	-
transcript54720	bdd41ef246719654922645efc9f0a2f2	69	MobiDBLite	mobidb-lite	consensus disorder prediction	48	58	-	T	30-10-2025	-	-	-	-
transcript54720	bdd41ef246719654922645efc9f0a2f2	69	MobiDBLite	mobidb-lite	consensus disorder prediction	47	69	-	T	30-10-2025	-	-	-	-
transcript54720	bdd41ef246719654922645efc9f0a2f2	69	MobiDBLite	mobidb-lite	consensus disorder prediction	59	69	-	T	30-10-2025	-	-	-	-
transcript8439	fb8952d6ed887dc2e08ad2e9273d727c	71	MobiDBLite	mobidb-lite	consensus disorder prediction	1	33	-	T	30-10-2025	-	-	-	-
transcript8439	fb8952d6ed887dc2e08ad2e9273d727c	71	MobiDBLite	mobidb-lite	consensus disorder prediction	1	16	-	T	30-10-2025	-	-	-	-
transcript10764	29b3f5f5d4fee0f44f501dee1ca7fecd	134	MobiDBLite	mobidb-lite	consensus disorder prediction	74	120	-	T	30-10-2025	-	-	-	-
transcript10764	29b3f5f5d4fee0f44f501dee1ca7fecd	134	MobiDBLite	mobidb-lite	consensus disorder prediction	74	92	-	T	30-10-2025	-	-	-	-
transcript28530	798a217c355a4f64e5a5fa0b7d618df6	68	MobiDBLite	mobidb-lite	consensus disorder prediction	34	68	-	T	30-10-2025	-	-	-	-
transcript10517	d407fd3d502b495c5dc7d510085c3794	120	MobiDBLite	mobidb-lite	consensus disorder prediction	29	49	-	T	30-10-2025	-	-	-	-
transcript10517	d407fd3d502b495c5dc7d510085c3794	120	MobiDBLite	mobidb-lite	consensus disorder prediction	69	98	-	T	30-10-2025	-	-	-	-
transcript10517	d407fd3d502b495c5dc7d510085c3794	120	PANTHER	PTHR35318	BNAA10G08410D PROTEIN	1	120	2.4E-18	T	30-10-2025	-	-	-	-
transcript46601	0c3f2a12e9348d6f78d619550483d743	80	MobiDBLite	mobidb-lite	consensus disorder prediction	1	37	-	T	30-10-2025	-	-	-	-
transcript46601	0c3f2a12e9348d6f78d619550483d743	80	MobiDBLite	mobidb-lite	consensus disorder prediction	1	16	-	T	30-10-2025	-	-	-	-
transcript38190	c6df08d66cc04d1097e8be174e73b89d	165	PANTHER	PTHR35711	EXPRESSED PROTEIN	16	165	1.1E-18	T	30-10-2025	-	-	-	-
transcript38190	c6df08d66cc04d1097e8be174e73b89d	165	MobiDBLite	mobidb-lite	consensus disorder prediction	58	70	-	T	30-10-2025	-	-	-	-
transcript38190	c6df08d66cc04d1097e8be174e73b89d	165	MobiDBLite	mobidb-lite	consensus disorder prediction	56	165	-	T	30-10-2025	-	-	-	-
transcript38190	c6df08d66cc04d1097e8be174e73b89d	165	MobiDBLite	mobidb-lite	consensus disorder prediction	124	158	-	T	30-10-2025	-	-	-	-
transcript38190	c6df08d66cc04d1097e8be174e73b89d	165	MobiDBLite	mobidb-lite	consensus disorder prediction	71	116	-	T	30-10-2025	-	-	-	-
transcript10818	be296b1e85087efa6f19933a6b7087ed	101	MobiDBLite	mobidb-lite	consensus disorder prediction	76	101	-	T	30-10-2025	-	-	-	-
transcript10818	be296b1e85087efa6f19933a6b7087ed	101	MobiDBLite	mobidb-lite	consensus disorder prediction	79	101	-	T	30-10-2025	-	-	-	-
transcript2638	0dc4a166c6f8749d582770327db63af4	102	MobiDBLite	mobidb-lite	consensus disorder prediction	10	19	-	T	30-10-2025	-	-	-	-
transcript2638	0dc4a166c6f8749d582770327db63af4	102	MobiDBLite	mobidb-lite	consensus disorder prediction	56	67	-	T	30-10-2025	-	-	-	-
transcript2638	0dc4a166c6f8749d582770327db63af4	102	MobiDBLite	mobidb-lite	consensus disorder prediction	1	69	-	T	30-10-2025	-	-	-	-
transcript2639	0dc4a166c6f8749d582770327db63af4	102	MobiDBLite	mobidb-lite	consensus disorder prediction	10	19	-	T	30-10-2025	-	-	-	-
transcript2639	0dc4a166c6f8749d582770327db63af4	102	MobiDBLite	mobidb-lite	consensus disorder prediction	56	67	-	T	30-10-2025	-	-	-	-
transcript2639	0dc4a166c6f8749d582770327db63af4	102	MobiDBLite	mobidb-lite	consensus disorder prediction	1	69	-	T	30-10-2025	-	-	-	-
transcript33997	182f1c3bdc3e44c059ef3012cfe1050f	127	MobiDBLite	mobidb-lite	consensus disorder prediction	27	127	-	T	30-10-2025	-	-	-	-
transcript33997	182f1c3bdc3e44c059ef3012cfe1050f	127	MobiDBLite	mobidb-lite	consensus disorder prediction	61	75	-	T	30-10-2025	-	-	-	-
transcript43406	2f286f8cd0246681a110f0137f22424b	331	PANTHER	PTHR46481	ZINC FINGER BED DOMAIN-CONTAINING PROTEIN 4	108	316	2.4E-58	T	30-10-2025	IPR052035	Zinc finger BED domain-containing	-	-
transcript43406	2f286f8cd0246681a110f0137f22424b	331	SUPERFAMILY	SSF57667	beta-beta-alpha zinc fingers	131	180	3.69E-5	T	30-10-2025	IPR036236	Zinc finger C2H2 superfamily	-	-
transcript43406	2f286f8cd0246681a110f0137f22424b	331	Pfam	PF02892	BED zinc finger	148	176	0.58	T	30-10-2025	IPR003656	Zinc finger, BED-type	GO:0003677(InterPro)	-
transcript43406	2f286f8cd0246681a110f0137f22424b	331	SUPERFAMILY	SSF140996	Hermes dimerisation domain	210	266	2.22E-5	T	30-10-2025	-	-	-	-
transcript43406	2f286f8cd0246681a110f0137f22424b	331	SMART	SM00614	bed5	128	179	9.5E-12	T	30-10-2025	-	-	-	-
transcript43406	2f286f8cd0246681a110f0137f22424b	331	SUPERFAMILY	SSF53098	Ribonuclease H-like	268	316	1.44E-5	T	30-10-2025	IPR012337	Ribonuclease H-like superfamily	-	-
transcript43406	2f286f8cd0246681a110f0137f22424b	331	MobiDBLite	mobidb-lite	consensus disorder prediction	1	18	-	T	30-10-2025	-	-	-	-
transcript43406	2f286f8cd0246681a110f0137f22424b	331	MobiDBLite	mobidb-lite	consensus disorder prediction	77	113	-	T	30-10-2025	-	-	-	-
transcript43406	2f286f8cd0246681a110f0137f22424b	331	MobiDBLite	mobidb-lite	consensus disorder prediction	1	118	-	T	30-10-2025	-	-	-	-
transcript6678	c9e3bb54b2cc0a096474634528047eba	156	MobiDBLite	mobidb-lite	consensus disorder prediction	1	114	-	T	30-10-2025	-	-	-	-
transcript6678	c9e3bb54b2cc0a096474634528047eba	156	MobiDBLite	mobidb-lite	consensus disorder prediction	54	67	-	T	30-10-2025	-	-	-	-
transcript6678	c9e3bb54b2cc0a096474634528047eba	156	MobiDBLite	mobidb-lite	consensus disorder prediction	68	104	-	T	30-10-2025	-	-	-	-
transcript6678	c9e3bb54b2cc0a096474634528047eba	156	MobiDBLite	mobidb-lite	consensus disorder prediction	41	53	-	T	30-10-2025	-	-	-	-
transcript6678	c9e3bb54b2cc0a096474634528047eba	156	MobiDBLite	mobidb-lite	consensus disorder prediction	15	27	-	T	30-10-2025	-	-	-	-
transcript16716	95df3f3bb2cf72a8952ce4775c0b6c48	99	MobiDBLite	mobidb-lite	consensus disorder prediction	37	72	-	T	30-10-2025	-	-	-	-
transcript27993	061e57b4cb4b0310472e195181dfea08	215	MobiDBLite	mobidb-lite	consensus disorder prediction	103	120	-	T	30-10-2025	-	-	-	-
transcript27993	061e57b4cb4b0310472e195181dfea08	215	MobiDBLite	mobidb-lite	consensus disorder prediction	8	20	-	T	30-10-2025	-	-	-	-
transcript27993	061e57b4cb4b0310472e195181dfea08	215	MobiDBLite	mobidb-lite	consensus disorder prediction	1	153	-	T	30-10-2025	-	-	-	-
transcript27993	061e57b4cb4b0310472e195181dfea08	215	MobiDBLite	mobidb-lite	consensus disorder prediction	21	30	-	T	30-10-2025	-	-	-	-
transcript27993	061e57b4cb4b0310472e195181dfea08	215	MobiDBLite	mobidb-lite	consensus disorder prediction	44	95	-	T	30-10-2025	-	-	-	-
transcript27993	061e57b4cb4b0310472e195181dfea08	215	MobiDBLite	mobidb-lite	consensus disorder prediction	121	136	-	T	30-10-2025	-	-	-	-
transcript10899	82906975f042cad2155cf744f427fe6c	225	MobiDBLite	mobidb-lite	consensus disorder prediction	9	25	-	T	30-10-2025	-	-	-	-
transcript10899	82906975f042cad2155cf744f427fe6c	225	MobiDBLite	mobidb-lite	consensus disorder prediction	1	85	-	T	30-10-2025	-	-	-	-
transcript10899	82906975f042cad2155cf744f427fe6c	225	MobiDBLite	mobidb-lite	consensus disorder prediction	32	85	-	T	30-10-2025	-	-	-	-
transcript34994	2208cdb69777c34496e9c285f76ef3e4	180	Pfam	PF03141	Putative S-adenosyl-L-methionine-dependent methyltransferase	2	44	1.7E-12	T	30-10-2025	IPR004159	Putative S-adenosyl-L-methionine-dependent methyltransferase	GO:0008168(InterPro)	-
transcript34994	2208cdb69777c34496e9c285f76ef3e4	180	MobiDBLite	mobidb-lite	consensus disorder prediction	135	155	-	T	30-10-2025	-	-	-	-
transcript34994	2208cdb69777c34496e9c285f76ef3e4	180	MobiDBLite	mobidb-lite	consensus disorder prediction	79	102	-	T	30-10-2025	-	-	-	-
transcript34994	2208cdb69777c34496e9c285f76ef3e4	180	MobiDBLite	mobidb-lite	consensus disorder prediction	138	155	-	T	30-10-2025	-	-	-	-
transcript34994	2208cdb69777c34496e9c285f76ef3e4	180	PANTHER	PTHR10108	SAM-DEPENDENT METHYLTRANSFERASE	2	44	5.9E-12	T	30-10-2025	IPR004159	Putative S-adenosyl-L-methionine-dependent methyltransferase	GO:0005737(PANTHER)|GO:0005768(PANTHER)|GO:0005802(PANTHER)|GO:0008168(InterPro)	-
transcript28676	3547352c64611ec57ede14aa280f854e	79	MobiDBLite	mobidb-lite	consensus disorder prediction	1	22	-	T	30-10-2025	-	-	-	-
transcript18724	50bbe1884ca775d91947c63ead77a502	275	Coils	Coil	Coil	183	210	-	T	30-10-2025	-	-	-	-
transcript18724	50bbe1884ca775d91947c63ead77a502	275	MobiDBLite	mobidb-lite	consensus disorder prediction	68	78	-	T	30-10-2025	-	-	-	-
transcript18724	50bbe1884ca775d91947c63ead77a502	275	MobiDBLite	mobidb-lite	consensus disorder prediction	40	105	-	T	30-10-2025	-	-	-	-
transcript18724	50bbe1884ca775d91947c63ead77a502	275	PANTHER	PTHR35991	CA-RESPONSIVE PROTEIN	62	272	1.2E-60	T	30-10-2025	-	-	-	-
transcript10662	b7ee9cb62beeea46c80db40d5914298b	144	MobiDBLite	mobidb-lite	consensus disorder prediction	1	65	-	T	30-10-2025	-	-	-	-
transcript10662	b7ee9cb62beeea46c80db40d5914298b	144	MobiDBLite	mobidb-lite	consensus disorder prediction	12	56	-	T	30-10-2025	-	-	-	-
transcript23230	a310e3c54d9a9a1dfb8af039061bc78d	114	MobiDBLite	mobidb-lite	consensus disorder prediction	1	50	-	T	30-10-2025	-	-	-	-
transcript29687	aa6683a90592e09a8701eb1f2bcafe1a	451	PANTHER	PTHR33828	OS05G0596200 PROTEIN	95	384	2.2E-47	T	30-10-2025	-	-	-	-
transcript29687	aa6683a90592e09a8701eb1f2bcafe1a	451	Coils	Coil	Coil	80	107	-	T	30-10-2025	-	-	-	-
transcript29687	aa6683a90592e09a8701eb1f2bcafe1a	451	MobiDBLite	mobidb-lite	consensus disorder prediction	442	451	-	T	30-10-2025	-	-	-	-
transcript29687	aa6683a90592e09a8701eb1f2bcafe1a	451	MobiDBLite	mobidb-lite	consensus disorder prediction	1	17	-	T	30-10-2025	-	-	-	-
transcript29687	aa6683a90592e09a8701eb1f2bcafe1a	451	MobiDBLite	mobidb-lite	consensus disorder prediction	171	219	-	T	30-10-2025	-	-	-	-
transcript29687	aa6683a90592e09a8701eb1f2bcafe1a	451	MobiDBLite	mobidb-lite	consensus disorder prediction	378	388	-	T	30-10-2025	-	-	-	-
transcript29687	aa6683a90592e09a8701eb1f2bcafe1a	451	MobiDBLite	mobidb-lite	consensus disorder prediction	138	151	-	T	30-10-2025	-	-	-	-
transcript29687	aa6683a90592e09a8701eb1f2bcafe1a	451	MobiDBLite	mobidb-lite	consensus disorder prediction	87	109	-	T	30-10-2025	-	-	-	-
transcript29687	aa6683a90592e09a8701eb1f2bcafe1a	451	MobiDBLite	mobidb-lite	consensus disorder prediction	429	438	-	T	30-10-2025	-	-	-	-
transcript29687	aa6683a90592e09a8701eb1f2bcafe1a	451	MobiDBLite	mobidb-lite	consensus disorder prediction	288	451	-	T	30-10-2025	-	-	-	-
transcript29687	aa6683a90592e09a8701eb1f2bcafe1a	451	MobiDBLite	mobidb-lite	consensus disorder prediction	409	419	-	T	30-10-2025	-	-	-	-
transcript29687	aa6683a90592e09a8701eb1f2bcafe1a	451	MobiDBLite	mobidb-lite	consensus disorder prediction	347	357	-	T	30-10-2025	-	-	-	-
transcript29687	aa6683a90592e09a8701eb1f2bcafe1a	451	MobiDBLite	mobidb-lite	consensus disorder prediction	1	222	-	T	30-10-2025	-	-	-	-
transcript3421	555f9d6505ca0722059d2cb6f608ff88	162	MobiDBLite	mobidb-lite	consensus disorder prediction	1	162	-	T	30-10-2025	-	-	-	-
transcript3421	555f9d6505ca0722059d2cb6f608ff88	162	MobiDBLite	mobidb-lite	consensus disorder prediction	119	154	-	T	30-10-2025	-	-	-	-
transcript3421	555f9d6505ca0722059d2cb6f608ff88	162	MobiDBLite	mobidb-lite	consensus disorder prediction	37	46	-	T	30-10-2025	-	-	-	-
transcript17174	251f17eeea1a5903638fcdf36e5e2367	227	PANTHER	PTHR33130	PUTATIVE (DUF1639)-RELATED	30	225	6.8E-36	T	30-10-2025	-	-	-	-
transcript17174	251f17eeea1a5903638fcdf36e5e2367	227	Pfam	PF07797	Protein of unknown function (DUF1639)	171	221	3.8E-18	T	30-10-2025	IPR012438	Protein of unknown function DUF1639	-	-
transcript17174	251f17eeea1a5903638fcdf36e5e2367	227	MobiDBLite	mobidb-lite	consensus disorder prediction	98	155	-	T	30-10-2025	-	-	-	-
transcript17174	251f17eeea1a5903638fcdf36e5e2367	227	MobiDBLite	mobidb-lite	consensus disorder prediction	124	134	-	T	30-10-2025	-	-	-	-
transcript17174	251f17eeea1a5903638fcdf36e5e2367	227	MobiDBLite	mobidb-lite	consensus disorder prediction	1	24	-	T	30-10-2025	-	-	-	-
transcript17174	251f17eeea1a5903638fcdf36e5e2367	227	MobiDBLite	mobidb-lite	consensus disorder prediction	1	11	-	T	30-10-2025	-	-	-	-
transcript17174	251f17eeea1a5903638fcdf36e5e2367	227	MobiDBLite	mobidb-lite	consensus disorder prediction	111	123	-	T	30-10-2025	-	-	-	-
transcript17175	251f17eeea1a5903638fcdf36e5e2367	227	PANTHER	PTHR33130	PUTATIVE (DUF1639)-RELATED	30	225	6.8E-36	T	30-10-2025	-	-	-	-
transcript17175	251f17eeea1a5903638fcdf36e5e2367	227	Pfam	PF07797	Protein of unknown function (DUF1639)	171	221	3.8E-18	T	30-10-2025	IPR012438	Protein of unknown function DUF1639	-	-
transcript17175	251f17eeea1a5903638fcdf36e5e2367	227	MobiDBLite	mobidb-lite	consensus disorder prediction	98	155	-	T	30-10-2025	-	-	-	-
transcript17175	251f17eeea1a5903638fcdf36e5e2367	227	MobiDBLite	mobidb-lite	consensus disorder prediction	124	134	-	T	30-10-2025	-	-	-	-
transcript17175	251f17eeea1a5903638fcdf36e5e2367	227	MobiDBLite	mobidb-lite	consensus disorder prediction	1	24	-	T	30-10-2025	-	-	-	-
transcript17175	251f17eeea1a5903638fcdf36e5e2367	227	MobiDBLite	mobidb-lite	consensus disorder prediction	1	11	-	T	30-10-2025	-	-	-	-
transcript17175	251f17eeea1a5903638fcdf36e5e2367	227	MobiDBLite	mobidb-lite	consensus disorder prediction	111	123	-	T	30-10-2025	-	-	-	-
transcript20108	369552bd7f54b5812c81969d0b16e0b1	66	MobiDBLite	mobidb-lite	consensus disorder prediction	1	19	-	T	30-10-2025	-	-	-	-
transcript20108	369552bd7f54b5812c81969d0b16e0b1	66	MobiDBLite	mobidb-lite	consensus disorder prediction	1	21	-	T	30-10-2025	-	-	-	-
transcript3932	dd5018147c54262e8f15d28b94913776	83	MobiDBLite	mobidb-lite	consensus disorder prediction	1	83	-	T	30-10-2025	-	-	-	-
transcript3932	dd5018147c54262e8f15d28b94913776	83	MobiDBLite	mobidb-lite	consensus disorder prediction	40	52	-	T	30-10-2025	-	-	-	-
transcript3932	dd5018147c54262e8f15d28b94913776	83	MobiDBLite	mobidb-lite	consensus disorder prediction	1	28	-	T	30-10-2025	-	-	-	-
transcript11491	941125c80841fe81195d6e6ba7a877b7	115	MobiDBLite	mobidb-lite	consensus disorder prediction	98	107	-	T	30-10-2025	-	-	-	-
transcript11491	941125c80841fe81195d6e6ba7a877b7	115	MobiDBLite	mobidb-lite	consensus disorder prediction	62	115	-	T	30-10-2025	-	-	-	-
transcript29457	b51b5f96fcc94e7f1d06d64e8d41109a	93	MobiDBLite	mobidb-lite	consensus disorder prediction	1	44	-	T	30-10-2025	-	-	-	-
transcript29458	b51b5f96fcc94e7f1d06d64e8d41109a	93	MobiDBLite	mobidb-lite	consensus disorder prediction	1	44	-	T	30-10-2025	-	-	-	-
transcript15124	baf83a34c13d896d249b1c0a061095c5	64	ProSiteProfiles	PS51257	Prokaryotic membrane lipoprotein lipid attachment site profile.	1	18	5.0	T	30-10-2025	-	-	-	-
transcript15123	baf83a34c13d896d249b1c0a061095c5	64	ProSiteProfiles	PS51257	Prokaryotic membrane lipoprotein lipid attachment site profile.	1	18	5.0	T	30-10-2025	-	-	-	-
transcript15125	baf83a34c13d896d249b1c0a061095c5	64	ProSiteProfiles	PS51257	Prokaryotic membrane lipoprotein lipid attachment site profile.	1	18	5.0	T	30-10-2025	-	-	-	-
transcript19155	d8dd2ec1c20e86e47739231bf80df66a	97	MobiDBLite	mobidb-lite	consensus disorder prediction	1	35	-	T	30-10-2025	-	-	-	-
transcript19155	d8dd2ec1c20e86e47739231bf80df66a	97	MobiDBLite	mobidb-lite	consensus disorder prediction	59	97	-	T	30-10-2025	-	-	-	-
transcript19155	d8dd2ec1c20e86e47739231bf80df66a	97	MobiDBLite	mobidb-lite	consensus disorder prediction	59	68	-	T	30-10-2025	-	-	-	-
transcript19155	d8dd2ec1c20e86e47739231bf80df66a	97	MobiDBLite	mobidb-lite	consensus disorder prediction	1	13	-	T	30-10-2025	-	-	-	-
transcript19155	d8dd2ec1c20e86e47739231bf80df66a	97	MobiDBLite	mobidb-lite	consensus disorder prediction	85	97	-	T	30-10-2025	-	-	-	-
transcript53457	7a3c8ebed25aaa09a29a4c7774af469c	78	Gene3D	G3DSA:1.20.1280.50	-	2	62	3.6E-8	T	30-10-2025	-	-	-	-
transcript53457	7a3c8ebed25aaa09a29a4c7774af469c	78	ProSiteProfiles	PS50181	F-box domain profile.	2	52	9.815402	T	30-10-2025	IPR001810	F-box domain	GO:0005515(InterPro)	-
transcript53457	7a3c8ebed25aaa09a29a4c7774af469c	78	PANTHER	PTHR34223	OS11G0201299 PROTEIN	2	78	2.8E-22	T	30-10-2025	IPR053197	F-box/SCF ubiquitin ligase complex component	-	-
transcript53457	7a3c8ebed25aaa09a29a4c7774af469c	78	Pfam	PF00646	F-box domain	5	43	9.7E-4	T	30-10-2025	IPR001810	F-box domain	GO:0005515(InterPro)	-
transcript53457	7a3c8ebed25aaa09a29a4c7774af469c	78	SUPERFAMILY	SSF81383	F-box domain	3	59	9.16E-13	T	30-10-2025	IPR036047	F-box-like domain superfamily	GO:0005515(InterPro)	-
transcript44760	fd0fbc93bb9001114d4b23e053f0a7a4	273	Pfam	PF00076	RNA recognition motif	4	61	1.2E-10	T	30-10-2025	IPR000504	RNA recognition motif domain	GO:0003723(InterPro)	-
transcript44760	fd0fbc93bb9001114d4b23e053f0a7a4	273	FunFam	G3DSA:4.10.60.10:FF:000070	Splicing factor, arginine/serine-rich 7	74	156	3.5E-36	T	30-10-2025	-	-	-	-
transcript44760	fd0fbc93bb9001114d4b23e053f0a7a4	273	PANTHER	PTHR23147	SERINE/ARGININE RICH SPLICING FACTOR	3	208	3.6E-18	T	30-10-2025	IPR050907	Serine/Arginine-Rich Splicing Factor	-	-
transcript44760	fd0fbc93bb9001114d4b23e053f0a7a4	273	SUPERFAMILY	SSF54928	RNA-binding domain, RBD	3	85	9.6E-17	T	30-10-2025	IPR035979	RNA-binding domain superfamily	GO:0003676(InterPro)	-
transcript44760	fd0fbc93bb9001114d4b23e053f0a7a4	273	SUPERFAMILY	SSF57756	Retrovirus zinc finger-like domains	84	106	8.07E-6	T	30-10-2025	IPR036875	Zinc finger, CCHC-type superfamily	GO:0003676(InterPro)|GO:0008270(InterPro)	-
transcript44760	fd0fbc93bb9001114d4b23e053f0a7a4	273	SMART	SM00343	c2hcfinal6	89	105	3.6E-4	T	30-10-2025	IPR001878	Zinc finger, CCHC-type	GO:0003676(InterPro)|GO:0008270(InterPro)	-
transcript44760	fd0fbc93bb9001114d4b23e053f0a7a4	273	Gene3D	G3DSA:4.10.60.10	-	77	137	3.6E-6	T	30-10-2025	-	-	-	-
transcript44760	fd0fbc93bb9001114d4b23e053f0a7a4	273	Gene3D	G3DSA:3.30.70.330	-	2	69	3.0E-17	T	30-10-2025	IPR012677	Nucleotide-binding alpha-beta plait domain superfamily	-	-
transcript44760	fd0fbc93bb9001114d4b23e053f0a7a4	273	Pfam	PF00098	Zinc knuckle	89	104	0.0023	T	30-10-2025	IPR001878	Zinc finger, CCHC-type	GO:0003676(InterPro)|GO:0008270(InterPro)	-
transcript44760	fd0fbc93bb9001114d4b23e053f0a7a4	273	SMART	SM00360	rrm1_1	3	69	8.5E-16	T	30-10-2025	IPR000504	RNA recognition motif domain	GO:0003723(InterPro)	-
transcript44760	fd0fbc93bb9001114d4b23e053f0a7a4	273	FunFam	G3DSA:3.30.70.330:FF:000214	Serine/arginine-rich splicing factor 7	2	69	7.7E-43	T	30-10-2025	-	-	-	-
transcript44760	fd0fbc93bb9001114d4b23e053f0a7a4	273	MobiDBLite	mobidb-lite	consensus disorder prediction	107	273	-	T	30-10-2025	-	-	-	-
transcript44760	fd0fbc93bb9001114d4b23e053f0a7a4	273	MobiDBLite	mobidb-lite	consensus disorder prediction	115	137	-	T	30-10-2025	-	-	-	-
transcript44760	fd0fbc93bb9001114d4b23e053f0a7a4	273	MobiDBLite	mobidb-lite	consensus disorder prediction	167	208	-	T	30-10-2025	-	-	-	-
transcript44760	fd0fbc93bb9001114d4b23e053f0a7a4	273	CDD	cd12373	RRM_SRSF3_like	3	70	7.17421E-32	T	30-10-2025	-	-	-	-
transcript44760	fd0fbc93bb9001114d4b23e053f0a7a4	273	ProSiteProfiles	PS50158	Zinc finger CCHC-type profile.	89	104	10.822997	T	30-10-2025	IPR001878	Zinc finger, CCHC-type	GO:0003676(InterPro)|GO:0008270(InterPro)	-
transcript44760	fd0fbc93bb9001114d4b23e053f0a7a4	273	ProSiteProfiles	PS50102	Eukaryotic RNA Recognition Motif (RRM) profile.	2	73	14.69226	T	30-10-2025	IPR000504	RNA recognition motif domain	GO:0003723(InterPro)	-
transcript47374	70eb90c3133cb8a496aba3fb4aaf733d	146	MobiDBLite	mobidb-lite	consensus disorder prediction	1	17	-	T	30-10-2025	-	-	-	-
transcript47374	70eb90c3133cb8a496aba3fb4aaf733d	146	MobiDBLite	mobidb-lite	consensus disorder prediction	1	146	-	T	30-10-2025	-	-	-	-
transcript47374	70eb90c3133cb8a496aba3fb4aaf733d	146	MobiDBLite	mobidb-lite	consensus disorder prediction	40	52	-	T	30-10-2025	-	-	-	-
transcript47374	70eb90c3133cb8a496aba3fb4aaf733d	146	MobiDBLite	mobidb-lite	consensus disorder prediction	18	31	-	T	30-10-2025	-	-	-	-
transcript47374	70eb90c3133cb8a496aba3fb4aaf733d	146	MobiDBLite	mobidb-lite	consensus disorder prediction	53	75	-	T	30-10-2025	-	-	-	-
transcript47374	70eb90c3133cb8a496aba3fb4aaf733d	146	MobiDBLite	mobidb-lite	consensus disorder prediction	84	98	-	T	30-10-2025	-	-	-	-
transcript47374	70eb90c3133cb8a496aba3fb4aaf733d	146	MobiDBLite	mobidb-lite	consensus disorder prediction	104	122	-	T	30-10-2025	-	-	-	-
transcript34720	a095429467ba809048437563389754f5	124	MobiDBLite	mobidb-lite	consensus disorder prediction	10	36	-	T	30-10-2025	-	-	-	-
transcript34720	a095429467ba809048437563389754f5	124	MobiDBLite	mobidb-lite	consensus disorder prediction	82	115	-	T	30-10-2025	-	-	-	-
transcript34720	a095429467ba809048437563389754f5	124	MobiDBLite	mobidb-lite	consensus disorder prediction	1	124	-	T	30-10-2025	-	-	-	-
transcript34720	a095429467ba809048437563389754f5	124	MobiDBLite	mobidb-lite	consensus disorder prediction	60	81	-	T	30-10-2025	-	-	-	-
transcript31935	1527b7f212877b1a52e2c0943fb77d7d	137	MobiDBLite	mobidb-lite	consensus disorder prediction	18	30	-	T	30-10-2025	-	-	-	-
transcript31935	1527b7f212877b1a52e2c0943fb77d7d	137	MobiDBLite	mobidb-lite	consensus disorder prediction	67	137	-	T	30-10-2025	-	-	-	-
transcript31935	1527b7f212877b1a52e2c0943fb77d7d	137	MobiDBLite	mobidb-lite	consensus disorder prediction	1	137	-	T	30-10-2025	-	-	-	-
transcript31935	1527b7f212877b1a52e2c0943fb77d7d	137	MobiDBLite	mobidb-lite	consensus disorder prediction	35	45	-	T	30-10-2025	-	-	-	-
transcript31935	1527b7f212877b1a52e2c0943fb77d7d	137	MobiDBLite	mobidb-lite	consensus disorder prediction	55	66	-	T	30-10-2025	-	-	-	-
transcript31935	1527b7f212877b1a52e2c0943fb77d7d	137	MobiDBLite	mobidb-lite	consensus disorder prediction	1	14	-	T	30-10-2025	-	-	-	-
transcript31936	1527b7f212877b1a52e2c0943fb77d7d	137	MobiDBLite	mobidb-lite	consensus disorder prediction	18	30	-	T	30-10-2025	-	-	-	-
transcript31936	1527b7f212877b1a52e2c0943fb77d7d	137	MobiDBLite	mobidb-lite	consensus disorder prediction	67	137	-	T	30-10-2025	-	-	-	-
transcript31936	1527b7f212877b1a52e2c0943fb77d7d	137	MobiDBLite	mobidb-lite	consensus disorder prediction	1	137	-	T	30-10-2025	-	-	-	-
transcript31936	1527b7f212877b1a52e2c0943fb77d7d	137	MobiDBLite	mobidb-lite	consensus disorder prediction	35	45	-	T	30-10-2025	-	-	-	-
transcript31936	1527b7f212877b1a52e2c0943fb77d7d	137	MobiDBLite	mobidb-lite	consensus disorder prediction	55	66	-	T	30-10-2025	-	-	-	-
transcript31936	1527b7f212877b1a52e2c0943fb77d7d	137	MobiDBLite	mobidb-lite	consensus disorder prediction	1	14	-	T	30-10-2025	-	-	-	-
transcript10893	719009c4b57a8873c6cb78810f4a817b	108	Gene3D	G3DSA:3.90.730.10	-	9	62	4.1E-7	T	30-10-2025	IPR036430	Ribonuclease T2-like superfamily	GO:0003723(InterPro)|GO:0033897(InterPro)	-
transcript10893	719009c4b57a8873c6cb78810f4a817b	108	SUPERFAMILY	SSF55895	Ribonuclease Rh-like	12	51	3.14E-6	T	30-10-2025	IPR036430	Ribonuclease T2-like superfamily	GO:0003723(InterPro)|GO:0033897(InterPro)	-
transcript21592	e9896e9fab00a7928388ba02a90ab2f5	100	MobiDBLite	mobidb-lite	consensus disorder prediction	82	94	-	T	30-10-2025	-	-	-	-
transcript21592	e9896e9fab00a7928388ba02a90ab2f5	100	MobiDBLite	mobidb-lite	consensus disorder prediction	79	100	-	T	30-10-2025	-	-	-	-
transcript28582	14f4d8b69cdac35fd6985f7650bf274c	87	MobiDBLite	mobidb-lite	consensus disorder prediction	25	49	-	T	30-10-2025	-	-	-	-
transcript28582	14f4d8b69cdac35fd6985f7650bf274c	87	MobiDBLite	mobidb-lite	consensus disorder prediction	29	38	-	T	30-10-2025	-	-	-	-
transcript9925	9a5c0dd9ede18a2c1fd0db56ac3330f1	226	PANTHER	PTHR37209	LYSINE-RICH ARABINOGALACTAN PROTEIN 17-RELATED	1	225	5.8E-17	T	30-10-2025	IPR044981	Lysine-rich arabinogalactan protein AGP9/17/18	GO:0005886(InterPro)	-
transcript9925	9a5c0dd9ede18a2c1fd0db56ac3330f1	226	PRINTS	PR01217	Proline rich extensin signature	42	58	7.1E-11	T	30-10-2025	-	-	-	-
transcript9925	9a5c0dd9ede18a2c1fd0db56ac3330f1	226	PRINTS	PR01217	Proline rich extensin signature	59	76	7.1E-11	T	30-10-2025	-	-	-	-
transcript9925	9a5c0dd9ede18a2c1fd0db56ac3330f1	226	PRINTS	PR01217	Proline rich extensin signature	21	42	7.1E-11	T	30-10-2025	-	-	-	-
transcript9925	9a5c0dd9ede18a2c1fd0db56ac3330f1	226	PRINTS	PR01217	Proline rich extensin signature	89	114	7.1E-11	T	30-10-2025	-	-	-	-
transcript9925	9a5c0dd9ede18a2c1fd0db56ac3330f1	226	MobiDBLite	mobidb-lite	consensus disorder prediction	179	195	-	T	30-10-2025	-	-	-	-
transcript9925	9a5c0dd9ede18a2c1fd0db56ac3330f1	226	MobiDBLite	mobidb-lite	consensus disorder prediction	146	159	-	T	30-10-2025	-	-	-	-
transcript9925	9a5c0dd9ede18a2c1fd0db56ac3330f1	226	MobiDBLite	mobidb-lite	consensus disorder prediction	81	120	-	T	30-10-2025	-	-	-	-
transcript9925	9a5c0dd9ede18a2c1fd0db56ac3330f1	226	MobiDBLite	mobidb-lite	consensus disorder prediction	27	195	-	T	30-10-2025	-	-	-	-
transcript9925	9a5c0dd9ede18a2c1fd0db56ac3330f1	226	MobiDBLite	mobidb-lite	consensus disorder prediction	127	137	-	T	30-10-2025	-	-	-	-
transcript9925	9a5c0dd9ede18a2c1fd0db56ac3330f1	226	MobiDBLite	mobidb-lite	consensus disorder prediction	27	71	-	T	30-10-2025	-	-	-	-
transcript9926	9a5c0dd9ede18a2c1fd0db56ac3330f1	226	PANTHER	PTHR37209	LYSINE-RICH ARABINOGALACTAN PROTEIN 17-RELATED	1	225	5.8E-17	T	30-10-2025	IPR044981	Lysine-rich arabinogalactan protein AGP9/17/18	GO:0005886(InterPro)	-
transcript9926	9a5c0dd9ede18a2c1fd0db56ac3330f1	226	PRINTS	PR01217	Proline rich extensin signature	42	58	7.1E-11	T	30-10-2025	-	-	-	-
transcript9926	9a5c0dd9ede18a2c1fd0db56ac3330f1	226	PRINTS	PR01217	Proline rich extensin signature	59	76	7.1E-11	T	30-10-2025	-	-	-	-
transcript9926	9a5c0dd9ede18a2c1fd0db56ac3330f1	226	PRINTS	PR01217	Proline rich extensin signature	21	42	7.1E-11	T	30-10-2025	-	-	-	-
transcript9926	9a5c0dd9ede18a2c1fd0db56ac3330f1	226	PRINTS	PR01217	Proline rich extensin signature	89	114	7.1E-11	T	30-10-2025	-	-	-	-
transcript9926	9a5c0dd9ede18a2c1fd0db56ac3330f1	226	MobiDBLite	mobidb-lite	consensus disorder prediction	179	195	-	T	30-10-2025	-	-	-	-
transcript9926	9a5c0dd9ede18a2c1fd0db56ac3330f1	226	MobiDBLite	mobidb-lite	consensus disorder prediction	146	159	-	T	30-10-2025	-	-	-	-
transcript9926	9a5c0dd9ede18a2c1fd0db56ac3330f1	226	MobiDBLite	mobidb-lite	consensus disorder prediction	81	120	-	T	30-10-2025	-	-	-	-
transcript9926	9a5c0dd9ede18a2c1fd0db56ac3330f1	226	MobiDBLite	mobidb-lite	consensus disorder prediction	27	195	-	T	30-10-2025	-	-	-	-
transcript9926	9a5c0dd9ede18a2c1fd0db56ac3330f1	226	MobiDBLite	mobidb-lite	consensus disorder prediction	127	137	-	T	30-10-2025	-	-	-	-
transcript9926	9a5c0dd9ede18a2c1fd0db56ac3330f1	226	MobiDBLite	mobidb-lite	consensus disorder prediction	27	71	-	T	30-10-2025	-	-	-	-
transcript12203	be24cf1ed24425b41b964c6a88fd6331	88	MobiDBLite	mobidb-lite	consensus disorder prediction	1	88	-	T	30-10-2025	-	-	-	-
transcript12203	be24cf1ed24425b41b964c6a88fd6331	88	MobiDBLite	mobidb-lite	consensus disorder prediction	53	67	-	T	30-10-2025	-	-	-	-
transcript12203	be24cf1ed24425b41b964c6a88fd6331	88	MobiDBLite	mobidb-lite	consensus disorder prediction	1	15	-	T	30-10-2025	-	-	-	-
transcript16572	af8f86e8063b09938591c45a24298dc4	146	MobiDBLite	mobidb-lite	consensus disorder prediction	1	34	-	T	30-10-2025	-	-	-	-
transcript16572	af8f86e8063b09938591c45a24298dc4	146	MobiDBLite	mobidb-lite	consensus disorder prediction	88	98	-	T	30-10-2025	-	-	-	-
transcript16572	af8f86e8063b09938591c45a24298dc4	146	MobiDBLite	mobidb-lite	consensus disorder prediction	71	98	-	T	30-10-2025	-	-	-	-
transcript16571	af8f86e8063b09938591c45a24298dc4	146	MobiDBLite	mobidb-lite	consensus disorder prediction	1	34	-	T	30-10-2025	-	-	-	-
transcript16571	af8f86e8063b09938591c45a24298dc4	146	MobiDBLite	mobidb-lite	consensus disorder prediction	88	98	-	T	30-10-2025	-	-	-	-
transcript16571	af8f86e8063b09938591c45a24298dc4	146	MobiDBLite	mobidb-lite	consensus disorder prediction	71	98	-	T	30-10-2025	-	-	-	-
transcript14195	de173840382c196fd34d754551d72eb8	124	MobiDBLite	mobidb-lite	consensus disorder prediction	1	33	-	T	30-10-2025	-	-	-	-
transcript14195	de173840382c196fd34d754551d72eb8	124	MobiDBLite	mobidb-lite	consensus disorder prediction	1	103	-	T	30-10-2025	-	-	-	-
transcript14195	de173840382c196fd34d754551d72eb8	124	MobiDBLite	mobidb-lite	consensus disorder prediction	43	54	-	T	30-10-2025	-	-	-	-
transcript14195	de173840382c196fd34d754551d72eb8	124	Pfam	PF12734	Cysteine-rich TM module stress tolerance	85	123	3.6E-9	T	30-10-2025	IPR028144	Cysteine-rich transmembrane domain	-	-
transcript17990	d636bcd7d02beb93ece84708e1c559ad	77	MobiDBLite	mobidb-lite	consensus disorder prediction	60	77	-	T	30-10-2025	-	-	-	-
transcript17990	d636bcd7d02beb93ece84708e1c559ad	77	MobiDBLite	mobidb-lite	consensus disorder prediction	1	77	-	T	30-10-2025	-	-	-	-
transcript17990	d636bcd7d02beb93ece84708e1c559ad	77	MobiDBLite	mobidb-lite	consensus disorder prediction	1	13	-	T	30-10-2025	-	-	-	-
transcript17990	d636bcd7d02beb93ece84708e1c559ad	77	MobiDBLite	mobidb-lite	consensus disorder prediction	23	38	-	T	30-10-2025	-	-	-	-
transcript17991	d636bcd7d02beb93ece84708e1c559ad	77	MobiDBLite	mobidb-lite	consensus disorder prediction	60	77	-	T	30-10-2025	-	-	-	-
transcript17991	d636bcd7d02beb93ece84708e1c559ad	77	MobiDBLite	mobidb-lite	consensus disorder prediction	1	77	-	T	30-10-2025	-	-	-	-
transcript17991	d636bcd7d02beb93ece84708e1c559ad	77	MobiDBLite	mobidb-lite	consensus disorder prediction	1	13	-	T	30-10-2025	-	-	-	-
transcript17991	d636bcd7d02beb93ece84708e1c559ad	77	MobiDBLite	mobidb-lite	consensus disorder prediction	23	38	-	T	30-10-2025	-	-	-	-
transcript52462	f8f51f32f7fd71f5d0d3a1ce3ed854d8	81	MobiDBLite	mobidb-lite	consensus disorder prediction	1	81	-	T	30-10-2025	-	-	-	-
transcript11708	cb560e3522b3571333ffc4698289d64c	112	MobiDBLite	mobidb-lite	consensus disorder prediction	92	112	-	T	30-10-2025	-	-	-	-
transcript40601	2223a0de827b697825c928089cd282cd	415	Pfam	PF00808	Histone-like transcription factor (CBF/NF-Y) and archaeal histone	322	382	0.002	T	30-10-2025	IPR003958	Transcription factor CBF/NF-Y/archaeal histone domain	-	-
transcript40601	2223a0de827b697825c928089cd282cd	415	Gene3D	G3DSA:1.10.20.10	Histone, subunit A	255	400	8.1E-17	T	30-10-2025	IPR009072	Histone-fold	GO:0046982(InterPro)	-
transcript40601	2223a0de827b697825c928089cd282cd	415	Coils	Coil	Coil	240	290	-	T	30-10-2025	-	-	-	-
transcript40601	2223a0de827b697825c928089cd282cd	415	FunFam	G3DSA:1.10.20.10:FF:000109	Nuclear factor Y subunit C10	282	400	1.5E-41	T	30-10-2025	-	-	-	-
transcript40601	2223a0de827b697825c928089cd282cd	415	PANTHER	PTHR10252	HISTONE-LIKE TRANSCRIPTION FACTOR CCAAT-RELATED	277	402	9.4E-14	T	30-10-2025	IPR050568	Transcription/DNA replication regulator	GO:0000976(PANTHER)|GO:0005634(PANTHER)|GO:0006355(PANTHER)	-
transcript40601	2223a0de827b697825c928089cd282cd	415	SUPERFAMILY	SSF47113	Histone-fold	333	399	5.24E-12	T	30-10-2025	IPR009072	Histone-fold	GO:0046982(InterPro)	-
transcript40601	2223a0de827b697825c928089cd282cd	415	MobiDBLite	mobidb-lite	consensus disorder prediction	151	200	-	T	30-10-2025	-	-	-	-
transcript40601	2223a0de827b697825c928089cd282cd	415	MobiDBLite	mobidb-lite	consensus disorder prediction	87	144	-	T	30-10-2025	-	-	-	-
transcript40601	2223a0de827b697825c928089cd282cd	415	MobiDBLite	mobidb-lite	consensus disorder prediction	69	80	-	T	30-10-2025	-	-	-	-
transcript40601	2223a0de827b697825c928089cd282cd	415	MobiDBLite	mobidb-lite	consensus disorder prediction	1	317	-	T	30-10-2025	-	-	-	-
transcript40601	2223a0de827b697825c928089cd282cd	415	MobiDBLite	mobidb-lite	consensus disorder prediction	206	244	-	T	30-10-2025	-	-	-	-
transcript23873	dab931de4acf1ca65fae3b730289f15f	403	SUPERFAMILY	SSF47113	Histone-fold	12	140	4.19E-33	T	30-10-2025	IPR009072	Histone-fold	GO:0046982(InterPro)	-
transcript23873	dab931de4acf1ca65fae3b730289f15f	403	MobiDBLite	mobidb-lite	consensus disorder prediction	356	397	-	T	30-10-2025	-	-	-	-
transcript23873	dab931de4acf1ca65fae3b730289f15f	403	MobiDBLite	mobidb-lite	consensus disorder prediction	356	403	-	T	30-10-2025	-	-	-	-
transcript23873	dab931de4acf1ca65fae3b730289f15f	403	MobiDBLite	mobidb-lite	consensus disorder prediction	205	326	-	T	30-10-2025	-	-	-	-
transcript23873	dab931de4acf1ca65fae3b730289f15f	403	MobiDBLite	mobidb-lite	consensus disorder prediction	136	184	-	T	30-10-2025	-	-	-	-
transcript23873	dab931de4acf1ca65fae3b730289f15f	403	MobiDBLite	mobidb-lite	consensus disorder prediction	205	264	-	T	30-10-2025	-	-	-	-
transcript23873	dab931de4acf1ca65fae3b730289f15f	403	MobiDBLite	mobidb-lite	consensus disorder prediction	150	184	-	T	30-10-2025	-	-	-	-
transcript23873	dab931de4acf1ca65fae3b730289f15f	403	MobiDBLite	mobidb-lite	consensus disorder prediction	288	311	-	T	30-10-2025	-	-	-	-
transcript23873	dab931de4acf1ca65fae3b730289f15f	403	CDD	cd22905	HFD_Dr1	11	138	8.82945E-60	T	30-10-2025	-	-	-	-
transcript23873	dab931de4acf1ca65fae3b730289f15f	403	PANTHER	PTHR47173	PROTEIN DR1 HOMOLOG	1	152	1.1E-83	T	30-10-2025	IPR044255	Protein Dr1 homolog	-	-
transcript23873	dab931de4acf1ca65fae3b730289f15f	403	Pfam	PF00808	Histone-like transcription factor (CBF/NF-Y) and archaeal histone	15	79	2.1E-15	T	30-10-2025	IPR003958	Transcription factor CBF/NF-Y/archaeal histone domain	-	-
transcript23873	dab931de4acf1ca65fae3b730289f15f	403	Gene3D	G3DSA:1.10.20.10	Histone, subunit A	4	144	2.0E-39	T	30-10-2025	IPR009072	Histone-fold	GO:0046982(InterPro)	-
transcript23873	dab931de4acf1ca65fae3b730289f15f	403	FunFam	G3DSA:1.10.20.10:FF:000019	Negative cofactor 2 beta	6	141	2.6E-54	T	30-10-2025	-	-	-	-
transcript27991	15cb1fed2b67b7fca45728d2690ce62e	174	MobiDBLite	mobidb-lite	consensus disorder prediction	103	120	-	T	30-10-2025	-	-	-	-
transcript27991	15cb1fed2b67b7fca45728d2690ce62e	174	MobiDBLite	mobidb-lite	consensus disorder prediction	8	20	-	T	30-10-2025	-	-	-	-
transcript27991	15cb1fed2b67b7fca45728d2690ce62e	174	MobiDBLite	mobidb-lite	consensus disorder prediction	21	30	-	T	30-10-2025	-	-	-	-
transcript27991	15cb1fed2b67b7fca45728d2690ce62e	174	MobiDBLite	mobidb-lite	consensus disorder prediction	44	95	-	T	30-10-2025	-	-	-	-
transcript27991	15cb1fed2b67b7fca45728d2690ce62e	174	MobiDBLite	mobidb-lite	consensus disorder prediction	1	174	-	T	30-10-2025	-	-	-	-
transcript27991	15cb1fed2b67b7fca45728d2690ce62e	174	MobiDBLite	mobidb-lite	consensus disorder prediction	121	136	-	T	30-10-2025	-	-	-	-
transcript27990	15cb1fed2b67b7fca45728d2690ce62e	174	MobiDBLite	mobidb-lite	consensus disorder prediction	103	120	-	T	30-10-2025	-	-	-	-
transcript27990	15cb1fed2b67b7fca45728d2690ce62e	174	MobiDBLite	mobidb-lite	consensus disorder prediction	8	20	-	T	30-10-2025	-	-	-	-
transcript27990	15cb1fed2b67b7fca45728d2690ce62e	174	MobiDBLite	mobidb-lite	consensus disorder prediction	21	30	-	T	30-10-2025	-	-	-	-
transcript27990	15cb1fed2b67b7fca45728d2690ce62e	174	MobiDBLite	mobidb-lite	consensus disorder prediction	44	95	-	T	30-10-2025	-	-	-	-
transcript27990	15cb1fed2b67b7fca45728d2690ce62e	174	MobiDBLite	mobidb-lite	consensus disorder prediction	1	174	-	T	30-10-2025	-	-	-	-
transcript27990	15cb1fed2b67b7fca45728d2690ce62e	174	MobiDBLite	mobidb-lite	consensus disorder prediction	121	136	-	T	30-10-2025	-	-	-	-
transcript51287	1c5ef33ed2445b4f856f67ebaaf7c2ed	195	Pfam	PF07172	Glycine rich protein family	1	94	3.9E-8	T	30-10-2025	IPR010800	Glycine rich protein	-	-
transcript51287	1c5ef33ed2445b4f856f67ebaaf7c2ed	195	PANTHER	PTHR37372	OS06G0316800 PROTEIN	1	133	2.1E-23	T	30-10-2025	IPR052872	Environmental Stress Response Regulator	-	-
transcript51287	1c5ef33ed2445b4f856f67ebaaf7c2ed	195	MobiDBLite	mobidb-lite	consensus disorder prediction	49	59	-	T	30-10-2025	-	-	-	-
transcript51287	1c5ef33ed2445b4f856f67ebaaf7c2ed	195	MobiDBLite	mobidb-lite	consensus disorder prediction	29	40	-	T	30-10-2025	-	-	-	-
transcript51287	1c5ef33ed2445b4f856f67ebaaf7c2ed	195	MobiDBLite	mobidb-lite	consensus disorder prediction	29	59	-	T	30-10-2025	-	-	-	-
transcript51286	1c5ef33ed2445b4f856f67ebaaf7c2ed	195	Pfam	PF07172	Glycine rich protein family	1	94	3.9E-8	T	30-10-2025	IPR010800	Glycine rich protein	-	-
transcript51286	1c5ef33ed2445b4f856f67ebaaf7c2ed	195	PANTHER	PTHR37372	OS06G0316800 PROTEIN	1	133	2.1E-23	T	30-10-2025	IPR052872	Environmental Stress Response Regulator	-	-
transcript51286	1c5ef33ed2445b4f856f67ebaaf7c2ed	195	MobiDBLite	mobidb-lite	consensus disorder prediction	49	59	-	T	30-10-2025	-	-	-	-
transcript51286	1c5ef33ed2445b4f856f67ebaaf7c2ed	195	MobiDBLite	mobidb-lite	consensus disorder prediction	29	40	-	T	30-10-2025	-	-	-	-
transcript51286	1c5ef33ed2445b4f856f67ebaaf7c2ed	195	MobiDBLite	mobidb-lite	consensus disorder prediction	29	59	-	T	30-10-2025	-	-	-	-
transcript18682	7453f4023236f8058f580ffb4849b362	89	MobiDBLite	mobidb-lite	consensus disorder prediction	21	78	-	T	30-10-2025	-	-	-	-
transcript18682	7453f4023236f8058f580ffb4849b362	89	MobiDBLite	mobidb-lite	consensus disorder prediction	43	58	-	T	30-10-2025	-	-	-	-
transcript18683	7453f4023236f8058f580ffb4849b362	89	MobiDBLite	mobidb-lite	consensus disorder prediction	21	78	-	T	30-10-2025	-	-	-	-
transcript18683	7453f4023236f8058f580ffb4849b362	89	MobiDBLite	mobidb-lite	consensus disorder prediction	43	58	-	T	30-10-2025	-	-	-	-
transcript54980	c99d8cca65edfe1ee0a119f9f1d56e9a	159	MobiDBLite	mobidb-lite	consensus disorder prediction	68	159	-	T	30-10-2025	-	-	-	-
transcript54980	c99d8cca65edfe1ee0a119f9f1d56e9a	159	MobiDBLite	mobidb-lite	consensus disorder prediction	68	80	-	T	30-10-2025	-	-	-	-
transcript54980	c99d8cca65edfe1ee0a119f9f1d56e9a	159	MobiDBLite	mobidb-lite	consensus disorder prediction	87	112	-	T	30-10-2025	-	-	-	-
transcript13639	8d18ce81d2b66db188e87686f68ec1ef	348	Coils	Coil	Coil	132	174	-	T	30-10-2025	-	-	-	-
transcript13639	8d18ce81d2b66db188e87686f68ec1ef	348	MobiDBLite	mobidb-lite	consensus disorder prediction	116	125	-	T	30-10-2025	-	-	-	-
transcript13639	8d18ce81d2b66db188e87686f68ec1ef	348	MobiDBLite	mobidb-lite	consensus disorder prediction	1	18	-	T	30-10-2025	-	-	-	-
transcript13639	8d18ce81d2b66db188e87686f68ec1ef	348	MobiDBLite	mobidb-lite	consensus disorder prediction	1	179	-	T	30-10-2025	-	-	-	-
transcript13639	8d18ce81d2b66db188e87686f68ec1ef	348	MobiDBLite	mobidb-lite	consensus disorder prediction	62	73	-	T	30-10-2025	-	-	-	-
transcript13639	8d18ce81d2b66db188e87686f68ec1ef	348	MobiDBLite	mobidb-lite	consensus disorder prediction	145	170	-	T	30-10-2025	-	-	-	-
transcript13639	8d18ce81d2b66db188e87686f68ec1ef	348	MobiDBLite	mobidb-lite	consensus disorder prediction	76	94	-	T	30-10-2025	-	-	-	-
transcript13639	8d18ce81d2b66db188e87686f68ec1ef	348	MobiDBLite	mobidb-lite	consensus disorder prediction	45	57	-	T	30-10-2025	-	-	-	-
transcript13639	8d18ce81d2b66db188e87686f68ec1ef	348	PANTHER	PTHR34689	NUCLEIC ACID-BINDING PROTEIN	20	346	2.6E-124	T	30-10-2025	-	-	-	-
transcript13639	8d18ce81d2b66db188e87686f68ec1ef	348	Coils	Coil	Coil	276	303	-	T	30-10-2025	-	-	-	-
transcript13639	8d18ce81d2b66db188e87686f68ec1ef	348	ProSiteProfiles	PS51214	IBB domain profile.	112	177	8.784149	T	30-10-2025	IPR002652	Importin-alpha, importin-beta-binding domain	GO:0006606(InterPro)|GO:0061608(InterPro)	-
transcript10329	ed4438c077a2a3709b45bde1b73b9dc2	110	MobiDBLite	mobidb-lite	consensus disorder prediction	17	35	-	T	30-10-2025	-	-	-	-
transcript10329	ed4438c077a2a3709b45bde1b73b9dc2	110	MobiDBLite	mobidb-lite	consensus disorder prediction	1	10	-	T	30-10-2025	-	-	-	-
transcript10329	ed4438c077a2a3709b45bde1b73b9dc2	110	MobiDBLite	mobidb-lite	consensus disorder prediction	83	93	-	T	30-10-2025	-	-	-	-
transcript10329	ed4438c077a2a3709b45bde1b73b9dc2	110	MobiDBLite	mobidb-lite	consensus disorder prediction	58	77	-	T	30-10-2025	-	-	-	-
transcript10329	ed4438c077a2a3709b45bde1b73b9dc2	110	MobiDBLite	mobidb-lite	consensus disorder prediction	1	110	-	T	30-10-2025	-	-	-	-
transcript10329	ed4438c077a2a3709b45bde1b73b9dc2	110	PANTHER	PTHR36385	OS07G0562900 PROTEIN	1	110	3.8E-31	T	30-10-2025	-	-	-	-
transcript40329	5bc98183a553a1404efe875d401ea6a9	144	SUPERFAMILY	SSF101967	Adhesin YadA, collagen-binding domain	57	140	1.15E-8	T	30-10-2025	IPR011049	Serralysin-like metalloprotease, C-terminal	-	-
transcript40329	5bc98183a553a1404efe875d401ea6a9	144	Gene3D	G3DSA:2.150.10.10	-	48	144	4.2E-22	T	30-10-2025	IPR011049	Serralysin-like metalloprotease, C-terminal	-	-
transcript40329	5bc98183a553a1404efe875d401ea6a9	144	MobiDBLite	mobidb-lite	consensus disorder prediction	45	58	-	T	30-10-2025	-	-	-	-
transcript40329	5bc98183a553a1404efe875d401ea6a9	144	MobiDBLite	mobidb-lite	consensus disorder prediction	44	66	-	T	30-10-2025	-	-	-	-
transcript40329	5bc98183a553a1404efe875d401ea6a9	144	Pfam	PF21300	Grass antifreeze beta roll	55	144	3.1E-21	T	30-10-2025	IPR048518	Ice-binding protein, beta roll	-	-
transcript17913	9a17e142cd407222ad86d1b75dccfead	64	MobiDBLite	mobidb-lite	consensus disorder prediction	41	64	-	T	30-10-2025	-	-	-	-
transcript19986	2624706f8d0e02badd890526bc166fc7	70	PANTHER	PTHR11732	ALDO/KETO REDUCTASE	4	55	2.3E-10	T	30-10-2025	IPR020471	Aldo-keto reductase	GO:0016491(InterPro)	-
transcript19986	2624706f8d0e02badd890526bc166fc7	70	Gene3D	G3DSA:3.20.20.100	-	2	69	1.7E-14	T	30-10-2025	IPR036812	NAD(P)-dependent oxidoreductase domain superfamily	-	-
transcript19986	2624706f8d0e02badd890526bc166fc7	70	SUPERFAMILY	SSF51430	NAD(P)-linked oxidoreductase	1	56	4.71E-12	T	30-10-2025	IPR036812	NAD(P)-dependent oxidoreductase domain superfamily	-	-
transcript20865	786223df3e072b431f3e52892cd1b74a	91	Gene3D	G3DSA:3.30.200.20	Phosphorylase Kinase; domain 1	1	43	6.9E-11	T	30-10-2025	-	-	-	-
transcript20865	786223df3e072b431f3e52892cd1b74a	91	PANTHER	PTHR45863	SERINE/THREONINE-PROTEIN KINASE BSK5	1	56	4.9E-24	T	30-10-2025	IPR045845	Serine/threonine-protein kinase BSK	GO:0004672(InterPro)|GO:0009742(PANTHER)|GO:0009742(InterPro)	-
transcript20865	786223df3e072b431f3e52892cd1b74a	91	SUPERFAMILY	SSF56112	Protein kinase-like (PK-like)	6	57	6.69E-10	T	30-10-2025	IPR011009	Protein kinase-like domain superfamily	-	-
transcript25214	bbc1c6683bc57f0592510e72477cbdef	65	Hamap	MF_00292	Small ribosomal subunit protein eS28 [rps28e].	1	65	21.924957	T	30-10-2025	IPR000289	Small ribosomal subunit protein eS28	GO:0003735(InterPro)|GO:0005840(InterPro)|GO:0006412(InterPro)	-
transcript25214	bbc1c6683bc57f0592510e72477cbdef	65	ProSitePatterns	PS00961	Ribosomal protein S28e signature.	56	64	-	T	30-10-2025	IPR028626	Ribosomal protein eS28 conserved site	-	-
transcript25214	bbc1c6683bc57f0592510e72477cbdef	65	CDD	cd04457	S1_S28E	6	65	3.61185E-29	T	30-10-2025	IPR000289	Small ribosomal subunit protein eS28	GO:0003735(InterPro)|GO:0005840(InterPro)|GO:0006412(InterPro)	-
transcript25214	bbc1c6683bc57f0592510e72477cbdef	65	FunFam	G3DSA:2.40.50.140:FF:000025	40S ribosomal protein S28	1	65	2.5E-38	T	30-10-2025	-	-	-	-
transcript25214	bbc1c6683bc57f0592510e72477cbdef	65	Gene3D	G3DSA:2.40.50.140	-	1	65	1.6E-36	T	30-10-2025	IPR012340	Nucleic acid-binding, OB-fold	-	-
transcript25214	bbc1c6683bc57f0592510e72477cbdef	65	Pfam	PF01200	Ribosomal protein S28e	4	64	1.9E-28	T	30-10-2025	IPR000289	Small ribosomal subunit protein eS28	GO:0003735(InterPro)|GO:0005840(InterPro)|GO:0006412(InterPro)	-
transcript25214	bbc1c6683bc57f0592510e72477cbdef	65	SUPERFAMILY	SSF50249	Nucleic acid-binding proteins	2	65	1.63E-26	T	30-10-2025	IPR012340	Nucleic acid-binding, OB-fold	-	-
transcript25214	bbc1c6683bc57f0592510e72477cbdef	65	PANTHER	PTHR10769	40S RIBOSOMAL PROTEIN S28	1	65	2.0E-38	T	30-10-2025	IPR000289	Small ribosomal subunit protein eS28	GO:0000028(PANTHER)|GO:0003735(PANTHER)|GO:0003735(InterPro)|GO:0005840(InterPro)|GO:0006412(InterPro)|GO:0022627(PANTHER)|GO:0030490(PANTHER)	-
transcript25215	bbc1c6683bc57f0592510e72477cbdef	65	Hamap	MF_00292	Small ribosomal subunit protein eS28 [rps28e].	1	65	21.924957	T	30-10-2025	IPR000289	Small ribosomal subunit protein eS28	GO:0003735(InterPro)|GO:0005840(InterPro)|GO:0006412(InterPro)	-
transcript25215	bbc1c6683bc57f0592510e72477cbdef	65	ProSitePatterns	PS00961	Ribosomal protein S28e signature.	56	64	-	T	30-10-2025	IPR028626	Ribosomal protein eS28 conserved site	-	-
transcript25215	bbc1c6683bc57f0592510e72477cbdef	65	CDD	cd04457	S1_S28E	6	65	3.61185E-29	T	30-10-2025	IPR000289	Small ribosomal subunit protein eS28	GO:0003735(InterPro)|GO:0005840(InterPro)|GO:0006412(InterPro)	-
transcript25215	bbc1c6683bc57f0592510e72477cbdef	65	FunFam	G3DSA:2.40.50.140:FF:000025	40S ribosomal protein S28	1	65	2.5E-38	T	30-10-2025	-	-	-	-
transcript25215	bbc1c6683bc57f0592510e72477cbdef	65	Gene3D	G3DSA:2.40.50.140	-	1	65	1.6E-36	T	30-10-2025	IPR012340	Nucleic acid-binding, OB-fold	-	-
transcript25215	bbc1c6683bc57f0592510e72477cbdef	65	Pfam	PF01200	Ribosomal protein S28e	4	64	1.9E-28	T	30-10-2025	IPR000289	Small ribosomal subunit protein eS28	GO:0003735(InterPro)|GO:0005840(InterPro)|GO:0006412(InterPro)	-
transcript25215	bbc1c6683bc57f0592510e72477cbdef	65	SUPERFAMILY	SSF50249	Nucleic acid-binding proteins	2	65	1.63E-26	T	30-10-2025	IPR012340	Nucleic acid-binding, OB-fold	-	-
transcript25215	bbc1c6683bc57f0592510e72477cbdef	65	PANTHER	PTHR10769	40S RIBOSOMAL PROTEIN S28	1	65	2.0E-38	T	30-10-2025	IPR000289	Small ribosomal subunit protein eS28	GO:0000028(PANTHER)|GO:0003735(PANTHER)|GO:0003735(InterPro)|GO:0005840(InterPro)|GO:0006412(InterPro)|GO:0022627(PANTHER)|GO:0030490(PANTHER)	-
transcript52252	9d831c515b7701c5709c1b67f6f013b5	115	MobiDBLite	mobidb-lite	consensus disorder prediction	55	69	-	T	30-10-2025	-	-	-	-
transcript52252	9d831c515b7701c5709c1b67f6f013b5	115	MobiDBLite	mobidb-lite	consensus disorder prediction	31	78	-	T	30-10-2025	-	-	-	-
transcript2455	3cb8b0c2912df92ecc6cf3fe50f8451c	528	Gene3D	G3DSA:3.30.200.20	Phosphorylase Kinase; domain 1	259	358	7.2E-36	T	30-10-2025	-	-	-	-
transcript2455	3cb8b0c2912df92ecc6cf3fe50f8451c	528	ProSitePatterns	PS00107	Protein kinases ATP-binding region signature.	289	311	-	T	30-10-2025	IPR017441	Protein kinase, ATP binding site	GO:0005524(InterPro)	-
transcript2455	3cb8b0c2912df92ecc6cf3fe50f8451c	528	Gene3D	G3DSA:1.10.510.10	Transferase(Phosphotransferase) domain 1	359	509	1.4E-50	T	30-10-2025	-	-	-	-
transcript2455	3cb8b0c2912df92ecc6cf3fe50f8451c	528	SMART	SM00220	serkin_6	283	510	1.8E-32	T	30-10-2025	IPR000719	Protein kinase domain	GO:0004672(InterPro)|GO:0005524(InterPro)|GO:0006468(InterPro)	-
transcript2455	3cb8b0c2912df92ecc6cf3fe50f8451c	528	CDD	cd14066	STKc_IRAK	289	498	8.96803E-93	T	30-10-2025	-	-	-	-
transcript2455	3cb8b0c2912df92ecc6cf3fe50f8451c	528	PRINTS	PR01217	Proline rich extensin signature	35	52	9.6E-10	T	30-10-2025	-	-	-	-
transcript2455	3cb8b0c2912df92ecc6cf3fe50f8451c	528	PRINTS	PR01217	Proline rich extensin signature	53	78	9.6E-10	T	30-10-2025	-	-	-	-
transcript2455	3cb8b0c2912df92ecc6cf3fe50f8451c	528	PRINTS	PR01217	Proline rich extensin signature	1	17	9.6E-10	T	30-10-2025	-	-	-	-
transcript2455	3cb8b0c2912df92ecc6cf3fe50f8451c	528	PRINTS	PR01217	Proline rich extensin signature	17	33	9.6E-10	T	30-10-2025	-	-	-	-
transcript2455	3cb8b0c2912df92ecc6cf3fe50f8451c	528	FunFam	G3DSA:3.30.200.20:FF:000207	proline-rich receptor-like protein kinase PERK1	259	358	1.3E-55	T	30-10-2025	-	-	-	-
transcript2455	3cb8b0c2912df92ecc6cf3fe50f8451c	528	PANTHER	PTHR47982	PROLINE-RICH RECEPTOR-LIKE PROTEIN KINASE PERK4	140	502	3.7E-139	T	30-10-2025	IPR047117	Proline-rich receptor-like protein kinase PERK1-13-like	-	-
transcript2455	3cb8b0c2912df92ecc6cf3fe50f8451c	528	FunFam	G3DSA:1.10.510.10:FF:000173	proline-rich receptor-like protein kinase PERK8	359	506	6.6E-81	T	30-10-2025	-	-	-	-
transcript2455	3cb8b0c2912df92ecc6cf3fe50f8451c	528	ProSitePatterns	PS00108	Serine/Threonine protein kinases active-site signature.	403	415	-	T	30-10-2025	IPR008271	Serine/threonine-protein kinase, active site	GO:0004672(InterPro)|GO:0006468(InterPro)	-
transcript2455	3cb8b0c2912df92ecc6cf3fe50f8451c	528	ProSiteProfiles	PS50011	Protein kinase domain profile.	283	528	36.583752	T	30-10-2025	IPR000719	Protein kinase domain	GO:0004672(InterPro)|GO:0005524(InterPro)|GO:0006468(InterPro)	-
transcript2455	3cb8b0c2912df92ecc6cf3fe50f8451c	528	SUPERFAMILY	SSF56112	Protein kinase-like (PK-like)	261	497	2.29E-76	T	30-10-2025	IPR011009	Protein kinase-like domain superfamily	-	-
transcript2455	3cb8b0c2912df92ecc6cf3fe50f8451c	528	Pfam	PF07714	Protein tyrosine and serine/threonine kinase	288	487	1.2E-39	T	30-10-2025	IPR001245	Serine-threonine/tyrosine-protein kinase, catalytic domain	GO:0004672(InterPro)|GO:0006468(InterPro)	-
transcript2455	3cb8b0c2912df92ecc6cf3fe50f8451c	528	MobiDBLite	mobidb-lite	consensus disorder prediction	215	236	-	T	30-10-2025	-	-	-	-
transcript2455	3cb8b0c2912df92ecc6cf3fe50f8451c	528	MobiDBLite	mobidb-lite	consensus disorder prediction	168	263	-	T	30-10-2025	-	-	-	-
transcript2455	3cb8b0c2912df92ecc6cf3fe50f8451c	528	MobiDBLite	mobidb-lite	consensus disorder prediction	1	135	-	T	30-10-2025	-	-	-	-
transcript2455	3cb8b0c2912df92ecc6cf3fe50f8451c	528	MobiDBLite	mobidb-lite	consensus disorder prediction	171	184	-	T	30-10-2025	-	-	-	-
transcript2455	3cb8b0c2912df92ecc6cf3fe50f8451c	528	MobiDBLite	mobidb-lite	consensus disorder prediction	237	250	-	T	30-10-2025	-	-	-	-
transcript2455	3cb8b0c2912df92ecc6cf3fe50f8451c	528	MobiDBLite	mobidb-lite	consensus disorder prediction	10	97	-	T	30-10-2025	-	-	-	-
transcript32650	9ae141f52367f4655da66e88578137ca	235	MobiDBLite	mobidb-lite	consensus disorder prediction	208	219	-	T	30-10-2025	-	-	-	-
transcript32650	9ae141f52367f4655da66e88578137ca	235	MobiDBLite	mobidb-lite	consensus disorder prediction	1	55	-	T	30-10-2025	-	-	-	-
transcript32650	9ae141f52367f4655da66e88578137ca	235	MobiDBLite	mobidb-lite	consensus disorder prediction	163	235	-	T	30-10-2025	-	-	-	-
transcript32650	9ae141f52367f4655da66e88578137ca	235	MobiDBLite	mobidb-lite	consensus disorder prediction	163	176	-	T	30-10-2025	-	-	-	-
transcript32650	9ae141f52367f4655da66e88578137ca	235	MobiDBLite	mobidb-lite	consensus disorder prediction	21	33	-	T	30-10-2025	-	-	-	-
transcript32649	9ae141f52367f4655da66e88578137ca	235	MobiDBLite	mobidb-lite	consensus disorder prediction	208	219	-	T	30-10-2025	-	-	-	-
transcript32649	9ae141f52367f4655da66e88578137ca	235	MobiDBLite	mobidb-lite	consensus disorder prediction	1	55	-	T	30-10-2025	-	-	-	-
transcript32649	9ae141f52367f4655da66e88578137ca	235	MobiDBLite	mobidb-lite	consensus disorder prediction	163	235	-	T	30-10-2025	-	-	-	-
transcript32649	9ae141f52367f4655da66e88578137ca	235	MobiDBLite	mobidb-lite	consensus disorder prediction	163	176	-	T	30-10-2025	-	-	-	-
transcript32649	9ae141f52367f4655da66e88578137ca	235	MobiDBLite	mobidb-lite	consensus disorder prediction	21	33	-	T	30-10-2025	-	-	-	-
transcript54982	f7fd229f3b02a7ed2d92459ab4f514d1	225	MobiDBLite	mobidb-lite	consensus disorder prediction	178	187	-	T	30-10-2025	-	-	-	-
transcript54982	f7fd229f3b02a7ed2d92459ab4f514d1	225	MobiDBLite	mobidb-lite	consensus disorder prediction	209	225	-	T	30-10-2025	-	-	-	-
transcript54982	f7fd229f3b02a7ed2d92459ab4f514d1	225	MobiDBLite	mobidb-lite	consensus disorder prediction	164	225	-	T	30-10-2025	-	-	-	-
transcript54982	f7fd229f3b02a7ed2d92459ab4f514d1	225	MobiDBLite	mobidb-lite	consensus disorder prediction	39	98	-	T	30-10-2025	-	-	-	-
transcript54982	f7fd229f3b02a7ed2d92459ab4f514d1	225	MobiDBLite	mobidb-lite	consensus disorder prediction	85	98	-	T	30-10-2025	-	-	-	-
transcript54981	f7fd229f3b02a7ed2d92459ab4f514d1	225	MobiDBLite	mobidb-lite	consensus disorder prediction	178	187	-	T	30-10-2025	-	-	-	-
transcript54981	f7fd229f3b02a7ed2d92459ab4f514d1	225	MobiDBLite	mobidb-lite	consensus disorder prediction	209	225	-	T	30-10-2025	-	-	-	-
transcript54981	f7fd229f3b02a7ed2d92459ab4f514d1	225	MobiDBLite	mobidb-lite	consensus disorder prediction	164	225	-	T	30-10-2025	-	-	-	-
transcript54981	f7fd229f3b02a7ed2d92459ab4f514d1	225	MobiDBLite	mobidb-lite	consensus disorder prediction	39	98	-	T	30-10-2025	-	-	-	-
transcript54981	f7fd229f3b02a7ed2d92459ab4f514d1	225	MobiDBLite	mobidb-lite	consensus disorder prediction	85	98	-	T	30-10-2025	-	-	-	-
transcript33401	9171e4ba2e612c7917f5216f5894821f	80	MobiDBLite	mobidb-lite	consensus disorder prediction	26	64	-	T	30-10-2025	-	-	-	-
transcript33401	9171e4ba2e612c7917f5216f5894821f	80	MobiDBLite	mobidb-lite	consensus disorder prediction	41	56	-	T	30-10-2025	-	-	-	-
transcript33400	9171e4ba2e612c7917f5216f5894821f	80	MobiDBLite	mobidb-lite	consensus disorder prediction	26	64	-	T	30-10-2025	-	-	-	-
transcript33400	9171e4ba2e612c7917f5216f5894821f	80	MobiDBLite	mobidb-lite	consensus disorder prediction	41	56	-	T	30-10-2025	-	-	-	-
transcript24680	4054cae331ed66e0a71e05a18a73fe14	182	MobiDBLite	mobidb-lite	consensus disorder prediction	118	128	-	T	30-10-2025	-	-	-	-
transcript24680	4054cae331ed66e0a71e05a18a73fe14	182	MobiDBLite	mobidb-lite	consensus disorder prediction	10	23	-	T	30-10-2025	-	-	-	-
transcript24680	4054cae331ed66e0a71e05a18a73fe14	182	MobiDBLite	mobidb-lite	consensus disorder prediction	90	102	-	T	30-10-2025	-	-	-	-
transcript24680	4054cae331ed66e0a71e05a18a73fe14	182	MobiDBLite	mobidb-lite	consensus disorder prediction	1	182	-	T	30-10-2025	-	-	-	-
transcript24680	4054cae331ed66e0a71e05a18a73fe14	182	MobiDBLite	mobidb-lite	consensus disorder prediction	142	159	-	T	30-10-2025	-	-	-	-
transcript24680	4054cae331ed66e0a71e05a18a73fe14	182	MobiDBLite	mobidb-lite	consensus disorder prediction	43	55	-	T	30-10-2025	-	-	-	-
transcript24680	4054cae331ed66e0a71e05a18a73fe14	182	MobiDBLite	mobidb-lite	consensus disorder prediction	103	117	-	T	30-10-2025	-	-	-	-
transcript24681	4054cae331ed66e0a71e05a18a73fe14	182	MobiDBLite	mobidb-lite	consensus disorder prediction	118	128	-	T	30-10-2025	-	-	-	-
transcript24681	4054cae331ed66e0a71e05a18a73fe14	182	MobiDBLite	mobidb-lite	consensus disorder prediction	10	23	-	T	30-10-2025	-	-	-	-
transcript24681	4054cae331ed66e0a71e05a18a73fe14	182	MobiDBLite	mobidb-lite	consensus disorder prediction	90	102	-	T	30-10-2025	-	-	-	-
transcript24681	4054cae331ed66e0a71e05a18a73fe14	182	MobiDBLite	mobidb-lite	consensus disorder prediction	1	182	-	T	30-10-2025	-	-	-	-
transcript24681	4054cae331ed66e0a71e05a18a73fe14	182	MobiDBLite	mobidb-lite	consensus disorder prediction	142	159	-	T	30-10-2025	-	-	-	-
transcript24681	4054cae331ed66e0a71e05a18a73fe14	182	MobiDBLite	mobidb-lite	consensus disorder prediction	43	55	-	T	30-10-2025	-	-	-	-
transcript24681	4054cae331ed66e0a71e05a18a73fe14	182	MobiDBLite	mobidb-lite	consensus disorder prediction	103	117	-	T	30-10-2025	-	-	-	-
transcript54014	7067577feacc7fbefb77cf7e5e94da0d	351	MobiDBLite	mobidb-lite	consensus disorder prediction	302	311	-	T	30-10-2025	-	-	-	-
transcript54014	7067577feacc7fbefb77cf7e5e94da0d	351	MobiDBLite	mobidb-lite	consensus disorder prediction	320	330	-	T	30-10-2025	-	-	-	-
transcript54014	7067577feacc7fbefb77cf7e5e94da0d	351	MobiDBLite	mobidb-lite	consensus disorder prediction	133	330	-	T	30-10-2025	-	-	-	-
transcript54014	7067577feacc7fbefb77cf7e5e94da0d	351	MobiDBLite	mobidb-lite	consensus disorder prediction	133	272	-	T	30-10-2025	-	-	-	-
transcript54014	7067577feacc7fbefb77cf7e5e94da0d	351	Pfam	PF02298	Plastocyanin-like domain	41	117	1.2E-14	T	30-10-2025	IPR003245	Phytocyanin domain	GO:0009055(InterPro)	-
transcript54014	7067577feacc7fbefb77cf7e5e94da0d	351	Gene3D	G3DSA:2.60.40.420	-	21	129	4.3E-27	T	30-10-2025	IPR008972	Cupredoxin	-	-
transcript54014	7067577feacc7fbefb77cf7e5e94da0d	351	PRINTS	PR01217	Proline rich extensin signature	129	141	7.8E-9	T	30-10-2025	-	-	-	-
transcript54014	7067577feacc7fbefb77cf7e5e94da0d	351	PRINTS	PR01217	Proline rich extensin signature	171	187	7.8E-9	T	30-10-2025	-	-	-	-
transcript54014	7067577feacc7fbefb77cf7e5e94da0d	351	PRINTS	PR01217	Proline rich extensin signature	147	168	7.8E-9	T	30-10-2025	-	-	-	-
transcript54014	7067577feacc7fbefb77cf7e5e94da0d	351	CDD	cd11019	OsENODL1_like	24	125	6.90027E-49	T	30-10-2025	IPR041846	Early nodulin-like protein domain	-	-
transcript54014	7067577feacc7fbefb77cf7e5e94da0d	351	FunFam	G3DSA:2.60.40.420:FF:000010	Early nodulin-like protein 1	22	129	5.4E-36	T	30-10-2025	-	-	-	-
transcript54014	7067577feacc7fbefb77cf7e5e94da0d	351	ProSiteProfiles	PS51485	Phytocyanin domain profile.	23	126	36.908085	T	30-10-2025	IPR003245	Phytocyanin domain	GO:0009055(InterPro)	-
transcript54014	7067577feacc7fbefb77cf7e5e94da0d	351	PANTHER	PTHR33021	BLUE COPPER PROTEIN	21	191	9.8E-25	T	30-10-2025	IPR039391	Phytocyanin-like	GO:0005886(PANTHER)|GO:0009055(InterPro)	-
transcript54014	7067577feacc7fbefb77cf7e5e94da0d	351	SUPERFAMILY	SSF49503	Cupredoxins	22	125	2.19E-28	T	30-10-2025	IPR008972	Cupredoxin	-	-
transcript22469	6038085e69fab48de273a6892280d05c	211	PANTHER	PTHR37195	OS01G0332900 PROTEIN	7	210	3.0E-34	T	30-10-2025	-	-	-	-
transcript22469	6038085e69fab48de273a6892280d05c	211	MobiDBLite	mobidb-lite	consensus disorder prediction	82	125	-	T	30-10-2025	-	-	-	-
transcript22469	6038085e69fab48de273a6892280d05c	211	MobiDBLite	mobidb-lite	consensus disorder prediction	22	211	-	T	30-10-2025	-	-	-	-
transcript22469	6038085e69fab48de273a6892280d05c	211	MobiDBLite	mobidb-lite	consensus disorder prediction	137	146	-	T	30-10-2025	-	-	-	-
transcript22469	6038085e69fab48de273a6892280d05c	211	MobiDBLite	mobidb-lite	consensus disorder prediction	188	205	-	T	30-10-2025	-	-	-	-
transcript22469	6038085e69fab48de273a6892280d05c	211	MobiDBLite	mobidb-lite	consensus disorder prediction	147	171	-	T	30-10-2025	-	-	-	-
transcript22469	6038085e69fab48de273a6892280d05c	211	MobiDBLite	mobidb-lite	consensus disorder prediction	30	68	-	T	30-10-2025	-	-	-	-
transcript22471	6038085e69fab48de273a6892280d05c	211	PANTHER	PTHR37195	OS01G0332900 PROTEIN	7	210	3.0E-34	T	30-10-2025	-	-	-	-
transcript22471	6038085e69fab48de273a6892280d05c	211	MobiDBLite	mobidb-lite	consensus disorder prediction	82	125	-	T	30-10-2025	-	-	-	-
transcript22471	6038085e69fab48de273a6892280d05c	211	MobiDBLite	mobidb-lite	consensus disorder prediction	22	211	-	T	30-10-2025	-	-	-	-
transcript22471	6038085e69fab48de273a6892280d05c	211	MobiDBLite	mobidb-lite	consensus disorder prediction	137	146	-	T	30-10-2025	-	-	-	-
transcript22471	6038085e69fab48de273a6892280d05c	211	MobiDBLite	mobidb-lite	consensus disorder prediction	188	205	-	T	30-10-2025	-	-	-	-
transcript22471	6038085e69fab48de273a6892280d05c	211	MobiDBLite	mobidb-lite	consensus disorder prediction	147	171	-	T	30-10-2025	-	-	-	-
transcript22471	6038085e69fab48de273a6892280d05c	211	MobiDBLite	mobidb-lite	consensus disorder prediction	30	68	-	T	30-10-2025	-	-	-	-
transcript22470	6038085e69fab48de273a6892280d05c	211	PANTHER	PTHR37195	OS01G0332900 PROTEIN	7	210	3.0E-34	T	30-10-2025	-	-	-	-
transcript22470	6038085e69fab48de273a6892280d05c	211	MobiDBLite	mobidb-lite	consensus disorder prediction	82	125	-	T	30-10-2025	-	-	-	-
transcript22470	6038085e69fab48de273a6892280d05c	211	MobiDBLite	mobidb-lite	consensus disorder prediction	22	211	-	T	30-10-2025	-	-	-	-
transcript22470	6038085e69fab48de273a6892280d05c	211	MobiDBLite	mobidb-lite	consensus disorder prediction	137	146	-	T	30-10-2025	-	-	-	-
transcript22470	6038085e69fab48de273a6892280d05c	211	MobiDBLite	mobidb-lite	consensus disorder prediction	188	205	-	T	30-10-2025	-	-	-	-
transcript22470	6038085e69fab48de273a6892280d05c	211	MobiDBLite	mobidb-lite	consensus disorder prediction	147	171	-	T	30-10-2025	-	-	-	-
transcript22470	6038085e69fab48de273a6892280d05c	211	MobiDBLite	mobidb-lite	consensus disorder prediction	30	68	-	T	30-10-2025	-	-	-	-
transcript55649	eff991b09de2576706cc87c132a3b388	89	MobiDBLite	mobidb-lite	consensus disorder prediction	54	89	-	T	30-10-2025	-	-	-	-
transcript33413	dd0be232724d159659f9ddca6822c578	68	MobiDBLite	mobidb-lite	consensus disorder prediction	44	68	-	T	30-10-2025	-	-	-	-
transcript33413	dd0be232724d159659f9ddca6822c578	68	MobiDBLite	mobidb-lite	consensus disorder prediction	49	60	-	T	30-10-2025	-	-	-	-
transcript21181	ceedffae526488907c218f6d7fede473	108	MobiDBLite	mobidb-lite	consensus disorder prediction	80	108	-	T	30-10-2025	-	-	-	-
transcript21181	ceedffae526488907c218f6d7fede473	108	MobiDBLite	mobidb-lite	consensus disorder prediction	79	108	-	T	30-10-2025	-	-	-	-
transcript53690	4ed25ba67a7f05e83a5fe881a7f50bb6	279	FunFam	G3DSA:3.80.10.10:FF:000383	Leucine-rich repeat receptor protein kinase EMS1	132	217	1.4E-20	T	30-10-2025	-	-	-	-
transcript53690	4ed25ba67a7f05e83a5fe881a7f50bb6	279	SMART	SM00369	LRR_typ_2	163	186	39.0	T	30-10-2025	IPR003591	Leucine-rich repeat, typical subtype	-	-
transcript53690	4ed25ba67a7f05e83a5fe881a7f50bb6	279	SMART	SM00369	LRR_typ_2	187	211	9.6	T	30-10-2025	IPR003591	Leucine-rich repeat, typical subtype	-	-
transcript53690	4ed25ba67a7f05e83a5fe881a7f50bb6	279	SMART	SM00369	LRR_typ_2	235	259	31.0	T	30-10-2025	IPR003591	Leucine-rich repeat, typical subtype	-	-
transcript53690	4ed25ba67a7f05e83a5fe881a7f50bb6	279	SMART	SM00369	LRR_typ_2	90	114	200.0	T	30-10-2025	IPR003591	Leucine-rich repeat, typical subtype	-	-
transcript53690	4ed25ba67a7f05e83a5fe881a7f50bb6	279	FunFam	G3DSA:3.80.10.10:FF:000129	Leucine-rich repeat receptor-like kinase	28	126	1.4E-19	T	30-10-2025	-	-	-	-
transcript53690	4ed25ba67a7f05e83a5fe881a7f50bb6	279	Pfam	PF00560	Leucine Rich Repeat	93	114	740.0	T	30-10-2025	IPR001611	Leucine-rich repeat	GO:0005515(InterPro)	-
transcript53690	4ed25ba67a7f05e83a5fe881a7f50bb6	279	Pfam	PF00560	Leucine Rich Repeat	165	187	6.8	T	30-10-2025	IPR001611	Leucine-rich repeat	GO:0005515(InterPro)	-
transcript53690	4ed25ba67a7f05e83a5fe881a7f50bb6	279	Pfam	PF00560	Leucine Rich Repeat	189	210	3200.0	T	30-10-2025	IPR001611	Leucine-rich repeat	GO:0005515(InterPro)	-
transcript53690	4ed25ba67a7f05e83a5fe881a7f50bb6	279	Pfam	PF00560	Leucine Rich Repeat	144	163	4200.0	T	30-10-2025	IPR001611	Leucine-rich repeat	GO:0005515(InterPro)	-
transcript53690	4ed25ba67a7f05e83a5fe881a7f50bb6	279	Pfam	PF00560	Leucine Rich Repeat	237	254	2700.0	T	30-10-2025	IPR001611	Leucine-rich repeat	GO:0005515(InterPro)	-
transcript53690	4ed25ba67a7f05e83a5fe881a7f50bb6	279	Pfam	PF00560	Leucine Rich Repeat	262	278	3100.0	T	30-10-2025	IPR001611	Leucine-rich repeat	GO:0005515(InterPro)	-
transcript53690	4ed25ba67a7f05e83a5fe881a7f50bb6	279	Pfam	PF08263	Leucine rich repeat N-terminal domain	27	65	1.7E-8	T	30-10-2025	IPR013210	Leucine-rich repeat-containing N-terminal, plant-type	-	-
transcript53690	4ed25ba67a7f05e83a5fe881a7f50bb6	279	PANTHER	PTHR47988	SOMATIC EMBRYOGENESIS RECEPTOR KINASE 1	10	181	1.6E-84	T	30-10-2025	-	-	-	-
transcript53690	4ed25ba67a7f05e83a5fe881a7f50bb6	279	SUPERFAMILY	SSF52058	L domain-like	26	278	3.4E-56	T	30-10-2025	-	-	-	-
transcript53690	4ed25ba67a7f05e83a5fe881a7f50bb6	279	Gene3D	G3DSA:3.80.10.10	Ribonuclease Inhibitor	180	279	6.5E-26	T	30-10-2025	IPR032675	Leucine-rich repeat domain superfamily	-	-
transcript53690	4ed25ba67a7f05e83a5fe881a7f50bb6	279	Gene3D	G3DSA:3.80.10.10	Ribonuclease Inhibitor	26	179	3.8E-47	T	30-10-2025	IPR032675	Leucine-rich repeat domain superfamily	-	-
transcript19122	be5236a351072663766919d79279cdce	75	MobiDBLite	mobidb-lite	consensus disorder prediction	1	10	-	T	30-10-2025	-	-	-	-
transcript19122	be5236a351072663766919d79279cdce	75	MobiDBLite	mobidb-lite	consensus disorder prediction	17	43	-	T	30-10-2025	-	-	-	-
transcript19122	be5236a351072663766919d79279cdce	75	MobiDBLite	mobidb-lite	consensus disorder prediction	1	46	-	T	30-10-2025	-	-	-	-
transcript19478	cacafecd489770a67ad9207ba81da432	111	MobiDBLite	mobidb-lite	consensus disorder prediction	34	111	-	T	30-10-2025	-	-	-	-
transcript19478	cacafecd489770a67ad9207ba81da432	111	MobiDBLite	mobidb-lite	consensus disorder prediction	34	53	-	T	30-10-2025	-	-	-	-
transcript56374	d3a762665183243e3e885218a18d5bff	265	MobiDBLite	mobidb-lite	consensus disorder prediction	180	191	-	T	30-10-2025	-	-	-	-
transcript56374	d3a762665183243e3e885218a18d5bff	265	MobiDBLite	mobidb-lite	consensus disorder prediction	200	265	-	T	30-10-2025	-	-	-	-
transcript56374	d3a762665183243e3e885218a18d5bff	265	MobiDBLite	mobidb-lite	consensus disorder prediction	180	265	-	T	30-10-2025	-	-	-	-
transcript56374	d3a762665183243e3e885218a18d5bff	265	Pfam	PF00168	C2 domain	7	97	5.5E-14	T	30-10-2025	IPR000008	C2 domain	-	-
transcript56374	d3a762665183243e3e885218a18d5bff	265	CDD	cd00030	C2	8	105	2.96036E-20	T	30-10-2025	-	-	-	-
transcript56374	d3a762665183243e3e885218a18d5bff	265	SMART	SM00239	C2_3c	7	104	8.2E-16	T	30-10-2025	IPR000008	C2 domain	-	-
transcript56374	d3a762665183243e3e885218a18d5bff	265	SUPERFAMILY	SSF49562	C2 domain (Calcium/lipid-binding domain, CaLB)	4	124	2.03E-26	T	30-10-2025	IPR035892	C2 domain superfamily	-	-
transcript56374	d3a762665183243e3e885218a18d5bff	265	PANTHER	PTHR47052	CONSERVED SERINE PROLINE-RICH PROTEIN (AFU_ORTHOLOGUE AFUA_2G01790)	1	265	2.6E-76	T	30-10-2025	IPR052981	Ingression C2 domain-containing protein	-	-
transcript56374	d3a762665183243e3e885218a18d5bff	265	Gene3D	G3DSA:2.60.40.150	C2 domain	6	125	1.2E-24	T	30-10-2025	IPR035892	C2 domain superfamily	-	-
transcript56374	d3a762665183243e3e885218a18d5bff	265	ProSiteProfiles	PS50004	C2 domain profile.	1	106	16.585968	T	30-10-2025	IPR000008	C2 domain	-	-
transcript50956	3b5e227e6a5a46a98b3607dd4ab08c43	186	MobiDBLite	mobidb-lite	consensus disorder prediction	1	81	-	T	30-10-2025	-	-	-	-
transcript50956	3b5e227e6a5a46a98b3607dd4ab08c43	186	MobiDBLite	mobidb-lite	consensus disorder prediction	72	81	-	T	30-10-2025	-	-	-	-
transcript50956	3b5e227e6a5a46a98b3607dd4ab08c43	186	MobiDBLite	mobidb-lite	consensus disorder prediction	26	39	-	T	30-10-2025	-	-	-	-
transcript50956	3b5e227e6a5a46a98b3607dd4ab08c43	186	MobiDBLite	mobidb-lite	consensus disorder prediction	131	186	-	T	30-10-2025	-	-	-	-
transcript50956	3b5e227e6a5a46a98b3607dd4ab08c43	186	MobiDBLite	mobidb-lite	consensus disorder prediction	1	25	-	T	30-10-2025	-	-	-	-
transcript50956	3b5e227e6a5a46a98b3607dd4ab08c43	186	MobiDBLite	mobidb-lite	consensus disorder prediction	131	140	-	T	30-10-2025	-	-	-	-
transcript50956	3b5e227e6a5a46a98b3607dd4ab08c43	186	MobiDBLite	mobidb-lite	consensus disorder prediction	158	180	-	T	30-10-2025	-	-	-	-
transcript50957	3b5e227e6a5a46a98b3607dd4ab08c43	186	MobiDBLite	mobidb-lite	consensus disorder prediction	1	81	-	T	30-10-2025	-	-	-	-
transcript50957	3b5e227e6a5a46a98b3607dd4ab08c43	186	MobiDBLite	mobidb-lite	consensus disorder prediction	72	81	-	T	30-10-2025	-	-	-	-
transcript50957	3b5e227e6a5a46a98b3607dd4ab08c43	186	MobiDBLite	mobidb-lite	consensus disorder prediction	26	39	-	T	30-10-2025	-	-	-	-
transcript50957	3b5e227e6a5a46a98b3607dd4ab08c43	186	MobiDBLite	mobidb-lite	consensus disorder prediction	131	186	-	T	30-10-2025	-	-	-	-
transcript50957	3b5e227e6a5a46a98b3607dd4ab08c43	186	MobiDBLite	mobidb-lite	consensus disorder prediction	1	25	-	T	30-10-2025	-	-	-	-
transcript50957	3b5e227e6a5a46a98b3607dd4ab08c43	186	MobiDBLite	mobidb-lite	consensus disorder prediction	131	140	-	T	30-10-2025	-	-	-	-
transcript50957	3b5e227e6a5a46a98b3607dd4ab08c43	186	MobiDBLite	mobidb-lite	consensus disorder prediction	158	180	-	T	30-10-2025	-	-	-	-
transcript27879	5b116e9603e35983a86a0db5778d2791	90	Gene3D	G3DSA:3.40.970.10	-	11	55	5.5E-9	T	30-10-2025	IPR037056	Ribonuclease H1, N-terminal domain superfamily	-	-
transcript27879	5b116e9603e35983a86a0db5778d2791	90	SUPERFAMILY	SSF55658	L9 N-domain-like	13	49	2.25E-7	T	30-10-2025	IPR009027	Large ribosomal subunit protein bL9/RNase H1, N-terminal	-	-
transcript27879	5b116e9603e35983a86a0db5778d2791	90	Pfam	PF01693	Ribonuclease H1 N-terminal domain	14	49	7.1E-6	T	30-10-2025	IPR011320	Ribonuclease H1, N-terminal	-	-
transcript16729	69c8f72c58214580c2e095fd9c79235b	96	MobiDBLite	mobidb-lite	consensus disorder prediction	31	96	-	T	30-10-2025	-	-	-	-
transcript52461	7909882825269114a3f573a523c7f4fe	71	MobiDBLite	mobidb-lite	consensus disorder prediction	1	60	-	T	30-10-2025	-	-	-	-
transcript52602	fe9afa5523b860dc663419fad5c697cb	132	MobiDBLite	mobidb-lite	consensus disorder prediction	80	106	-	T	30-10-2025	-	-	-	-
transcript52601	fe9afa5523b860dc663419fad5c697cb	132	MobiDBLite	mobidb-lite	consensus disorder prediction	80	106	-	T	30-10-2025	-	-	-	-
transcript45413	b24697d9de8eebf3c48da8001e2851a8	116	MobiDBLite	mobidb-lite	consensus disorder prediction	26	36	-	T	30-10-2025	-	-	-	-
transcript45413	b24697d9de8eebf3c48da8001e2851a8	116	MobiDBLite	mobidb-lite	consensus disorder prediction	1	12	-	T	30-10-2025	-	-	-	-
transcript45413	b24697d9de8eebf3c48da8001e2851a8	116	MobiDBLite	mobidb-lite	consensus disorder prediction	1	47	-	T	30-10-2025	-	-	-	-
transcript26602	b809da0a7fab8fb84cc677aa4b59a500	170	MobiDBLite	mobidb-lite	consensus disorder prediction	64	120	-	T	30-10-2025	-	-	-	-
transcript50497	4726f333f47777991b1b2fdfb2d5931c	112	MobiDBLite	mobidb-lite	consensus disorder prediction	1	29	-	T	30-10-2025	-	-	-	-
transcript50497	4726f333f47777991b1b2fdfb2d5931c	112	MobiDBLite	mobidb-lite	consensus disorder prediction	60	82	-	T	30-10-2025	-	-	-	-
transcript15417	31cdac7bc8c5ad29ff9035da4049de81	204	PRINTS	PR01228	Eggshell protein signature	40	51	3.3E-9	T	30-10-2025	-	-	-	-
transcript15417	31cdac7bc8c5ad29ff9035da4049de81	204	PRINTS	PR01228	Eggshell protein signature	156	174	3.3E-9	T	30-10-2025	-	-	-	-
transcript15417	31cdac7bc8c5ad29ff9035da4049de81	204	PRINTS	PR01228	Eggshell protein signature	132	142	3.3E-9	T	30-10-2025	-	-	-	-
transcript15417	31cdac7bc8c5ad29ff9035da4049de81	204	PRINTS	PR01228	Eggshell protein signature	4	20	3.3E-9	T	30-10-2025	-	-	-	-
transcript15417	31cdac7bc8c5ad29ff9035da4049de81	204	PRINTS	PR01228	Eggshell protein signature	102	117	3.3E-9	T	30-10-2025	-	-	-	-
transcript27113	cc47e2db75a23a3c4403c8bf41c38227	245	MobiDBLite	mobidb-lite	consensus disorder prediction	17	28	-	T	30-10-2025	-	-	-	-
transcript27113	cc47e2db75a23a3c4403c8bf41c38227	245	MobiDBLite	mobidb-lite	consensus disorder prediction	1	28	-	T	30-10-2025	-	-	-	-
transcript3342	b5e662a377e5e8c46637c3efd743c368	63	MobiDBLite	mobidb-lite	consensus disorder prediction	15	25	-	T	30-10-2025	-	-	-	-
transcript3342	b5e662a377e5e8c46637c3efd743c368	63	MobiDBLite	mobidb-lite	consensus disorder prediction	1	13	-	T	30-10-2025	-	-	-	-
transcript3342	b5e662a377e5e8c46637c3efd743c368	63	MobiDBLite	mobidb-lite	consensus disorder prediction	1	63	-	T	30-10-2025	-	-	-	-
transcript20085	56f3972c1ad145bd646b7096dbec64b8	65	MobiDBLite	mobidb-lite	consensus disorder prediction	1	45	-	T	30-10-2025	-	-	-	-
transcript15570	c75be55cde50da83c390225cfb53ca95	142	MobiDBLite	mobidb-lite	consensus disorder prediction	63	133	-	T	30-10-2025	-	-	-	-
transcript15570	c75be55cde50da83c390225cfb53ca95	142	MobiDBLite	mobidb-lite	consensus disorder prediction	1	13	-	T	30-10-2025	-	-	-	-
transcript15570	c75be55cde50da83c390225cfb53ca95	142	MobiDBLite	mobidb-lite	consensus disorder prediction	19	48	-	T	30-10-2025	-	-	-	-
transcript15570	c75be55cde50da83c390225cfb53ca95	142	MobiDBLite	mobidb-lite	consensus disorder prediction	49	62	-	T	30-10-2025	-	-	-	-
transcript15570	c75be55cde50da83c390225cfb53ca95	142	MobiDBLite	mobidb-lite	consensus disorder prediction	1	142	-	T	30-10-2025	-	-	-	-
transcript19680	8a46fe87f49b254857515e171bddeb67	234	PANTHER	PTHR13211	TELOMERASE CAJAL BODY PROTEIN 1	152	234	9.0E-29	T	30-10-2025	IPR051150	SWT21/TCAB1 mRNA Splicing and Telomere Maintenance	-	-
transcript19680	8a46fe87f49b254857515e171bddeb67	234	Gene3D	G3DSA:2.130.10.10	-	134	227	1.8E-8	T	30-10-2025	IPR015943	WD40/YVTN repeat-like-containing domain superfamily	GO:0005515(InterPro)	-
transcript19680	8a46fe87f49b254857515e171bddeb67	234	SUPERFAMILY	SSF69322	Tricorn protease domain 2	150	226	1.7E-10	T	30-10-2025	-	-	-	-
transcript19680	8a46fe87f49b254857515e171bddeb67	234	MobiDBLite	mobidb-lite	consensus disorder prediction	68	90	-	T	30-10-2025	-	-	-	-
transcript19680	8a46fe87f49b254857515e171bddeb67	234	Pfam	PF02514	CobN/Magnesium Chelatase	2	65	6.9E-6	T	30-10-2025	IPR003672	CobN/magnesium chelatase	GO:0009058(InterPro)	-
transcript19681	8a46fe87f49b254857515e171bddeb67	234	PANTHER	PTHR13211	TELOMERASE CAJAL BODY PROTEIN 1	152	234	9.0E-29	T	30-10-2025	IPR051150	SWT21/TCAB1 mRNA Splicing and Telomere Maintenance	-	-
transcript19681	8a46fe87f49b254857515e171bddeb67	234	Gene3D	G3DSA:2.130.10.10	-	134	227	1.8E-8	T	30-10-2025	IPR015943	WD40/YVTN repeat-like-containing domain superfamily	GO:0005515(InterPro)	-
transcript19681	8a46fe87f49b254857515e171bddeb67	234	SUPERFAMILY	SSF69322	Tricorn protease domain 2	150	226	1.7E-10	T	30-10-2025	-	-	-	-
transcript19681	8a46fe87f49b254857515e171bddeb67	234	MobiDBLite	mobidb-lite	consensus disorder prediction	68	90	-	T	30-10-2025	-	-	-	-
transcript19681	8a46fe87f49b254857515e171bddeb67	234	Pfam	PF02514	CobN/Magnesium Chelatase	2	65	6.9E-6	T	30-10-2025	IPR003672	CobN/magnesium chelatase	GO:0009058(InterPro)	-
transcript15308	84a3283ff36684738369426458aa4255	164	MobiDBLite	mobidb-lite	consensus disorder prediction	1	86	-	T	30-10-2025	-	-	-	-
transcript15308	84a3283ff36684738369426458aa4255	164	MobiDBLite	mobidb-lite	consensus disorder prediction	15	26	-	T	30-10-2025	-	-	-	-
transcript33998	7b3b6f28aad87085212abe108b6ccb42	129	MobiDBLite	mobidb-lite	consensus disorder prediction	27	111	-	T	30-10-2025	-	-	-	-
transcript33998	7b3b6f28aad87085212abe108b6ccb42	129	MobiDBLite	mobidb-lite	consensus disorder prediction	61	75	-	T	30-10-2025	-	-	-	-
transcript47243	c00b87fdfb9dc4fac4df6f893163335b	98	MobiDBLite	mobidb-lite	consensus disorder prediction	43	53	-	T	30-10-2025	-	-	-	-
transcript47243	c00b87fdfb9dc4fac4df6f893163335b	98	MobiDBLite	mobidb-lite	consensus disorder prediction	34	53	-	T	30-10-2025	-	-	-	-
transcript47243	c00b87fdfb9dc4fac4df6f893163335b	98	MobiDBLite	mobidb-lite	consensus disorder prediction	67	98	-	T	30-10-2025	-	-	-	-
transcript31432	ac112f6c139ba03479790afcb0b04ce6	155	Coils	Coil	Coil	110	130	-	T	30-10-2025	-	-	-	-
transcript31432	ac112f6c139ba03479790afcb0b04ce6	155	PANTHER	PTHR31384	AUXIN RESPONSE FACTOR 4-RELATED	18	100	1.0E-28	T	30-10-2025	IPR044835	Auxin response factor	GO:0003677(InterPro)|GO:0006355(InterPro)|GO:0009725(InterPro)	-
transcript41217	02ff4eed1e851d279e0c013317477f8c	911	Pfam	PF13947	Wall-associated receptor kinase galacturonan-binding	305	363	4.6E-5	T	30-10-2025	IPR025287	Wall-associated receptor kinase, galacturonan-binding domain	GO:0030247(InterPro)	-
transcript41217	02ff4eed1e851d279e0c013317477f8c	911	SUPERFAMILY	SSF56112	Protein kinase-like (PK-like)	552	840	1.13E-74	T	30-10-2025	IPR011009	Protein kinase-like domain superfamily	-	-
transcript41217	02ff4eed1e851d279e0c013317477f8c	911	PANTHER	PTHR27005	WALL-ASSOCIATED RECEPTOR KINASE-LIKE 21	301	848	3.5E-164	T	30-10-2025	IPR045274	Receptor-like kinase WAK-like	GO:0004674(PANTHER)|GO:0005886(PANTHER)|GO:0006468(PANTHER)|GO:0007166(PANTHER)|GO:0007166(InterPro)	-
transcript41217	02ff4eed1e851d279e0c013317477f8c	911	ProSiteProfiles	PS50011	Protein kinase domain profile.	570	855	36.583752	T	30-10-2025	IPR000719	Protein kinase domain	GO:0004672(InterPro)|GO:0005524(InterPro)|GO:0006468(InterPro)	-
transcript41217	02ff4eed1e851d279e0c013317477f8c	911	SMART	SM00220	serkin_6	570	844	1.0E-29	T	30-10-2025	IPR000719	Protein kinase domain	GO:0004672(InterPro)|GO:0005524(InterPro)|GO:0006468(InterPro)	-
transcript41217	02ff4eed1e851d279e0c013317477f8c	911	Gene3D	G3DSA:3.30.200.20	Phosphorylase Kinase; domain 1	545	645	1.3E-30	T	30-10-2025	-	-	-	-
transcript41217	02ff4eed1e851d279e0c013317477f8c	911	ProSitePatterns	PS00107	Protein kinases ATP-binding region signature.	576	599	-	T	30-10-2025	IPR017441	Protein kinase, ATP binding site	GO:0005524(InterPro)	-
transcript41217	02ff4eed1e851d279e0c013317477f8c	911	Pfam	PF00069	Protein kinase domain	573	837	1.4E-41	T	30-10-2025	IPR000719	Protein kinase domain	GO:0004672(InterPro)|GO:0005524(InterPro)|GO:0006468(InterPro)	-
transcript41217	02ff4eed1e851d279e0c013317477f8c	911	SMART	SM00179	egfca_6	445	485	1.7E-5	T	30-10-2025	IPR001881	EGF-like calcium-binding domain	GO:0005509(InterPro)	-
transcript41217	02ff4eed1e851d279e0c013317477f8c	911	Gene3D	G3DSA:1.10.510.10	Transferase(Phosphotransferase) domain 1	646	857	9.8E-52	T	30-10-2025	-	-	-	-
transcript41217	02ff4eed1e851d279e0c013317477f8c	911	FunFam	G3DSA:3.30.200.20:FF:000043	Wall-associated receptor kinase 2	540	645	2.5E-49	T	30-10-2025	-	-	-	-
transcript41217	02ff4eed1e851d279e0c013317477f8c	911	ProSitePatterns	PS01187	Calcium-binding EGF-like domain signature.	445	468	-	T	30-10-2025	IPR018097	EGF-like calcium-binding, conserved site	GO:0005509(InterPro)	-
transcript41217	02ff4eed1e851d279e0c013317477f8c	911	Gene3D	G3DSA:2.10.25.10	Laminin	404	481	1.1E-8	T	30-10-2025	-	-	-	-
transcript41217	02ff4eed1e851d279e0c013317477f8c	911	ProSitePatterns	PS00108	Serine/Threonine protein kinases active-site signature.	692	704	-	T	30-10-2025	IPR008271	Serine/threonine-protein kinase, active site	GO:0004672(InterPro)|GO:0006468(InterPro)	-
transcript41217	02ff4eed1e851d279e0c013317477f8c	911	FunFam	G3DSA:1.10.510.10:FF:000084	Wall-associated receptor kinase 2	646	863	6.3E-92	T	30-10-2025	-	-	-	-
transcript41217	02ff4eed1e851d279e0c013317477f8c	911	CDD	cd00054	EGF_CA	445	472	2.95015E-6	T	30-10-2025	-	-	-	-
transcript41217	02ff4eed1e851d279e0c013317477f8c	911	SUPERFAMILY	SSF57196	EGF/Laminin	443	488	3.94E-5	T	30-10-2025	-	-	-	-
transcript33881	460b7b8e3cf2583294ce7351343e87b6	189	MobiDBLite	mobidb-lite	consensus disorder prediction	142	151	-	T	30-10-2025	-	-	-	-
transcript33881	460b7b8e3cf2583294ce7351343e87b6	189	MobiDBLite	mobidb-lite	consensus disorder prediction	51	70	-	T	30-10-2025	-	-	-	-
transcript33881	460b7b8e3cf2583294ce7351343e87b6	189	MobiDBLite	mobidb-lite	consensus disorder prediction	92	105	-	T	30-10-2025	-	-	-	-
transcript33881	460b7b8e3cf2583294ce7351343e87b6	189	MobiDBLite	mobidb-lite	consensus disorder prediction	1	152	-	T	30-10-2025	-	-	-	-
transcript33881	460b7b8e3cf2583294ce7351343e87b6	189	MobiDBLite	mobidb-lite	consensus disorder prediction	1	25	-	T	30-10-2025	-	-	-	-
transcript33881	460b7b8e3cf2583294ce7351343e87b6	189	MobiDBLite	mobidb-lite	consensus disorder prediction	113	125	-	T	30-10-2025	-	-	-	-
transcript33881	460b7b8e3cf2583294ce7351343e87b6	189	PANTHER	PTHR35760	SI:CH211-22I13.2	5	189	8.5E-53	T	30-10-2025	-	-	-	-
transcript11142	3052cfbc4588db05208018524bcf575f	588	Gene3D	G3DSA:2.40.70.10	Acid Proteases	60	134	6.5E-13	T	30-10-2025	IPR021109	Aspartic peptidase domain superfamily	-	-
transcript11142	3052cfbc4588db05208018524bcf575f	588	Pfam	PF12819	Malectin-like domain	191	439	3.3E-45	T	30-10-2025	IPR024788	Malectin-like domain	-	-
transcript11142	3052cfbc4588db05208018524bcf575f	588	PANTHER	PTHR45631	OS07G0107800 PROTEIN-RELATED	194	525	3.4E-72	T	30-10-2025	-	-	-	-
transcript11142	3052cfbc4588db05208018524bcf575f	588	Pfam	PF14543	Xylanase inhibitor N-terminal	82	115	4.6E-5	T	30-10-2025	IPR032861	Xylanase inhibitor, N-terminal	-	-
transcript11142	3052cfbc4588db05208018524bcf575f	588	SUPERFAMILY	SSF50630	Acid proteases	41	118	1.88E-12	T	30-10-2025	IPR021109	Aspartic peptidase domain superfamily	-	-
transcript33909	a24525b1b612a47ca480b8e11d2b9935	228	Coils	Coil	Coil	84	111	-	T	30-10-2025	-	-	-	-
transcript33909	a24525b1b612a47ca480b8e11d2b9935	228	Gene3D	G3DSA:1.20.1170.10	-	14	123	9.9E-7	T	30-10-2025	-	-	-	-
transcript33909	a24525b1b612a47ca480b8e11d2b9935	228	MobiDBLite	mobidb-lite	consensus disorder prediction	106	228	-	T	30-10-2025	-	-	-	-
transcript33909	a24525b1b612a47ca480b8e11d2b9935	228	MobiDBLite	mobidb-lite	consensus disorder prediction	194	212	-	T	30-10-2025	-	-	-	-
transcript33909	a24525b1b612a47ca480b8e11d2b9935	228	MobiDBLite	mobidb-lite	consensus disorder prediction	154	177	-	T	30-10-2025	-	-	-	-
transcript33909	a24525b1b612a47ca480b8e11d2b9935	228	Coils	Coil	Coil	55	75	-	T	30-10-2025	-	-	-	-
transcript33909	a24525b1b612a47ca480b8e11d2b9935	228	PANTHER	PTHR34681	UVEAL AUTOANTIGEN WITH COILED-COIL/ANKYRIN	1	175	3.8E-60	T	30-10-2025	-	-	-	-
transcript20300	7574278fc60c7481b6c98f9171e4123b	228	MobiDBLite	mobidb-lite	consensus disorder prediction	152	161	-	T	30-10-2025	-	-	-	-
transcript20300	7574278fc60c7481b6c98f9171e4123b	228	MobiDBLite	mobidb-lite	consensus disorder prediction	124	134	-	T	30-10-2025	-	-	-	-
transcript20300	7574278fc60c7481b6c98f9171e4123b	228	MobiDBLite	mobidb-lite	consensus disorder prediction	81	104	-	T	30-10-2025	-	-	-	-
transcript20300	7574278fc60c7481b6c98f9171e4123b	228	MobiDBLite	mobidb-lite	consensus disorder prediction	175	184	-	T	30-10-2025	-	-	-	-
transcript20300	7574278fc60c7481b6c98f9171e4123b	228	MobiDBLite	mobidb-lite	consensus disorder prediction	116	186	-	T	30-10-2025	-	-	-	-
transcript33414	cee314c742213c2be745a248375122e3	150	MobiDBLite	mobidb-lite	consensus disorder prediction	56	66	-	T	30-10-2025	-	-	-	-
transcript33414	cee314c742213c2be745a248375122e3	150	MobiDBLite	mobidb-lite	consensus disorder prediction	73	82	-	T	30-10-2025	-	-	-	-
transcript33414	cee314c742213c2be745a248375122e3	150	MobiDBLite	mobidb-lite	consensus disorder prediction	45	55	-	T	30-10-2025	-	-	-	-
transcript33414	cee314c742213c2be745a248375122e3	150	MobiDBLite	mobidb-lite	consensus disorder prediction	1	96	-	T	30-10-2025	-	-	-	-
transcript27112	d2347e06b3f4df51298d1ddb6afb3c9e	185	MobiDBLite	mobidb-lite	consensus disorder prediction	153	185	-	T	30-10-2025	-	-	-	-
transcript27112	d2347e06b3f4df51298d1ddb6afb3c9e	185	MobiDBLite	mobidb-lite	consensus disorder prediction	17	28	-	T	30-10-2025	-	-	-	-
transcript27112	d2347e06b3f4df51298d1ddb6afb3c9e	185	MobiDBLite	mobidb-lite	consensus disorder prediction	1	28	-	T	30-10-2025	-	-	-	-
transcript26069	10995c9083797dbd12febebcae0903fd	350	CDD	cd23340	beta-trefoil_FSCN_ACP-like	74	222	3.39315E-48	T	30-10-2025	-	-	-	-
transcript26069	10995c9083797dbd12febebcae0903fd	350	Pfam	PF04601	Beta-trefoil domain of unknown function (DUF569)	75	220	3.0E-5	T	30-10-2025	IPR007679	Beta-trefoil domain of unknown function DUF569	-	-
transcript26069	10995c9083797dbd12febebcae0903fd	350	MobiDBLite	mobidb-lite	consensus disorder prediction	11	46	-	T	30-10-2025	-	-	-	-
transcript26069	10995c9083797dbd12febebcae0903fd	350	MobiDBLite	mobidb-lite	consensus disorder prediction	1	55	-	T	30-10-2025	-	-	-	-
transcript26069	10995c9083797dbd12febebcae0903fd	350	MobiDBLite	mobidb-lite	consensus disorder prediction	1	10	-	T	30-10-2025	-	-	-	-
transcript26069	10995c9083797dbd12febebcae0903fd	350	PANTHER	PTHR31205	ACTIN CROSS-LINKING PROTEIN (DUF569)	75	340	2.9E-60	T	30-10-2025	-	-	-	-
transcript26069	10995c9083797dbd12febebcae0903fd	350	Pfam	PF22932	DUF569 associated ubiquitin-like domain	256	332	2.5E-15	T	30-10-2025	IPR054726	DUF569 associated ubiquitin-like domain	-	-
transcript26069	10995c9083797dbd12febebcae0903fd	350	SUPERFAMILY	SSF50405	Actin-crosslinking proteins	76	183	2.68E-5	T	30-10-2025	IPR008999	Actin-crosslinking	-	-
transcript42356	11631d684ed0705e106869b75e654ece	112	MobiDBLite	mobidb-lite	consensus disorder prediction	72	112	-	T	30-10-2025	-	-	-	-
transcript33402	aec306eb796cf43c956a1cc49bcb7056	85	MobiDBLite	mobidb-lite	consensus disorder prediction	29	62	-	T	30-10-2025	-	-	-	-
transcript33402	aec306eb796cf43c956a1cc49bcb7056	85	MobiDBLite	mobidb-lite	consensus disorder prediction	46	61	-	T	30-10-2025	-	-	-	-
transcript27673	20aebf89b2b5c7772aa5f8b808a6422c	99	MobiDBLite	mobidb-lite	consensus disorder prediction	83	99	-	T	30-10-2025	-	-	-	-
transcript27673	20aebf89b2b5c7772aa5f8b808a6422c	99	MobiDBLite	mobidb-lite	consensus disorder prediction	57	99	-	T	30-10-2025	-	-	-	-
transcript14881	19d20f2d766d8aeaa5ad2df2d597ad16	150	Pfam	PF08263	Leucine rich repeat N-terminal domain	34	71	3.1E-9	T	30-10-2025	IPR013210	Leucine-rich repeat-containing N-terminal, plant-type	-	-
transcript14881	19d20f2d766d8aeaa5ad2df2d597ad16	150	FunFam	G3DSA:3.80.10.10:FF:000565	Leucine-rich repeat receptor-like kinase protein FLORAL ORGAN NUMBER1	34	145	2.3E-31	T	30-10-2025	-	-	-	-
transcript14881	19d20f2d766d8aeaa5ad2df2d597ad16	150	Gene3D	G3DSA:3.80.10.10	Ribonuclease Inhibitor	32	150	2.8E-34	T	30-10-2025	IPR032675	Leucine-rich repeat domain superfamily	-	-
transcript14881	19d20f2d766d8aeaa5ad2df2d597ad16	150	PANTHER	PTHR48059	POLYGALACTURONASE INHIBITOR 1	7	150	4.6E-29	T	30-10-2025	IPR051848	Polygalacturonase-Inhibiting Protein	-	-
transcript14881	19d20f2d766d8aeaa5ad2df2d597ad16	150	Pfam	PF00560	Leucine Rich Repeat	126	147	11.0	T	30-10-2025	IPR001611	Leucine-rich repeat	GO:0005515(InterPro)	-
transcript14881	19d20f2d766d8aeaa5ad2df2d597ad16	150	Pfam	PF00560	Leucine Rich Repeat	102	123	430.0	T	30-10-2025	IPR001611	Leucine-rich repeat	GO:0005515(InterPro)	-
transcript14881	19d20f2d766d8aeaa5ad2df2d597ad16	150	SUPERFAMILY	SSF52058	L domain-like	33	150	1.21E-22	T	30-10-2025	-	-	-	-
transcript13494	3b864e0bb524189996952bbb98ac6110	96	MobiDBLite	mobidb-lite	consensus disorder prediction	29	86	-	T	30-10-2025	-	-	-	-
transcript1372	afd6ce9dfad205ac18aa1a520346d3bc	118	MobiDBLite	mobidb-lite	consensus disorder prediction	1	22	-	T	30-10-2025	-	-	-	-
transcript1372	afd6ce9dfad205ac18aa1a520346d3bc	118	MobiDBLite	mobidb-lite	consensus disorder prediction	37	62	-	T	30-10-2025	-	-	-	-
transcript1234	c78d60f716c5abfdef242fb800f5e9b9	78	Gene3D	G3DSA:3.30.420.10	-	3	64	1.3E-6	T	30-10-2025	IPR036397	Ribonuclease H superfamily	GO:0003676(InterPro)	-
transcript27110	96e9bb85bcc43fa6ee67cd4c21c6201c	93	Pfam	PF25790	BCD1 domain	1	42	1.4E-5	T	30-10-2025	IPR057721	BCD1, alpha/beta domain	-	-
transcript33882	2f1fffe7e4370a0d1d8c8f9e3b45e30c	150	PANTHER	PTHR35760	SI:CH211-22I13.2	86	150	2.1E-29	T	30-10-2025	-	-	-	-
transcript52178	08d11529cdf4667e75e993151e5d2bb2	107	MobiDBLite	mobidb-lite	consensus disorder prediction	1	48	-	T	30-10-2025	-	-	-	-
transcript52179	08d11529cdf4667e75e993151e5d2bb2	107	MobiDBLite	mobidb-lite	consensus disorder prediction	1	48	-	T	30-10-2025	-	-	-	-
transcript51365	8a43d30d2e86342924f4ffe9f26d481f	300	Gene3D	G3DSA:1.10.418.20	-	31	106	1.1E-20	T	30-10-2025	-	-	-	-
transcript51365	8a43d30d2e86342924f4ffe9f26d481f	300	MobiDBLite	mobidb-lite	consensus disorder prediction	250	300	-	T	30-10-2025	-	-	-	-
transcript51365	8a43d30d2e86342924f4ffe9f26d481f	300	MobiDBLite	mobidb-lite	consensus disorder prediction	128	183	-	T	30-10-2025	-	-	-	-
transcript51365	8a43d30d2e86342924f4ffe9f26d481f	300	Pfam	PF02902	Ulp1 protease family, C-terminal catalytic domain	36	80	1.2E-4	T	30-10-2025	IPR003653	Ulp1 protease family, C-terminal catalytic domain	GO:0006508(InterPro)|GO:0008234(InterPro)	-
transcript51365	8a43d30d2e86342924f4ffe9f26d481f	300	ProSiteProfiles	PS50600	Ubiquitin-like protease family profile.	1	57	8.592905	T	30-10-2025	IPR003653	Ulp1 protease family, C-terminal catalytic domain	GO:0006508(InterPro)|GO:0008234(InterPro)	-
transcript51365	8a43d30d2e86342924f4ffe9f26d481f	300	SUPERFAMILY	SSF54001	Cysteine proteinases	30	98	4.91E-13	T	30-10-2025	IPR038765	Papain-like cysteine peptidase superfamily	-	-
transcript51365	8a43d30d2e86342924f4ffe9f26d481f	300	PANTHER	PTHR46915	UBIQUITIN-LIKE PROTEASE 4-RELATED	34	119	4.7E-30	T	30-10-2025	-	-	-	-
transcript55400	99eeb77aaa460336f98db733dcfeb125	78	PANTHER	PTHR31568	RCG49325, ISOFORM CRA_A	1	78	1.2E-16	T	30-10-2025	IPR044850	Cysteine-rich and transmembrane domain-containing protein WIH1-like	GO:0005886(PANTHER)|GO:0005886(InterPro)	-
transcript55400	99eeb77aaa460336f98db733dcfeb125	78	MobiDBLite	mobidb-lite	consensus disorder prediction	1	52	-	T	30-10-2025	-	-	-	-
transcript55400	99eeb77aaa460336f98db733dcfeb125	78	MobiDBLite	mobidb-lite	consensus disorder prediction	21	45	-	T	30-10-2025	-	-	-	-
transcript55400	99eeb77aaa460336f98db733dcfeb125	78	MobiDBLite	mobidb-lite	consensus disorder prediction	7	20	-	T	30-10-2025	-	-	-	-
transcript19893	ebe0eb3e299aed2714e0c3459f8eb521	122	MobiDBLite	mobidb-lite	consensus disorder prediction	1	50	-	T	30-10-2025	-	-	-	-
transcript19893	ebe0eb3e299aed2714e0c3459f8eb521	122	MobiDBLite	mobidb-lite	consensus disorder prediction	62	122	-	T	30-10-2025	-	-	-	-
transcript19893	ebe0eb3e299aed2714e0c3459f8eb521	122	MobiDBLite	mobidb-lite	consensus disorder prediction	66	79	-	T	30-10-2025	-	-	-	-
transcript19893	ebe0eb3e299aed2714e0c3459f8eb521	122	MobiDBLite	mobidb-lite	consensus disorder prediction	1	10	-	T	30-10-2025	-	-	-	-
transcript20565	b9f78a9f476030f12cabafa3cfa1a304	186	MobiDBLite	mobidb-lite	consensus disorder prediction	135	169	-	T	30-10-2025	-	-	-	-
transcript20565	b9f78a9f476030f12cabafa3cfa1a304	186	MobiDBLite	mobidb-lite	consensus disorder prediction	170	186	-	T	30-10-2025	-	-	-	-
transcript20565	b9f78a9f476030f12cabafa3cfa1a304	186	MobiDBLite	mobidb-lite	consensus disorder prediction	118	186	-	T	30-10-2025	-	-	-	-
transcript20090	2c53a06eec002f6185329840f4146d93	166	MobiDBLite	mobidb-lite	consensus disorder prediction	71	87	-	T	30-10-2025	-	-	-	-
transcript20090	2c53a06eec002f6185329840f4146d93	166	MobiDBLite	mobidb-lite	consensus disorder prediction	1	166	-	T	30-10-2025	-	-	-	-
transcript20090	2c53a06eec002f6185329840f4146d93	166	MobiDBLite	mobidb-lite	consensus disorder prediction	30	48	-	T	30-10-2025	-	-	-	-
transcript20090	2c53a06eec002f6185329840f4146d93	166	MobiDBLite	mobidb-lite	consensus disorder prediction	131	144	-	T	30-10-2025	-	-	-	-
transcript20090	2c53a06eec002f6185329840f4146d93	166	MobiDBLite	mobidb-lite	consensus disorder prediction	145	157	-	T	30-10-2025	-	-	-	-
transcript41218	d339839115e2f1771e6d833a971d87e4	471	Pfam	PF13947	Wall-associated receptor kinase galacturonan-binding	305	364	1.8E-5	T	30-10-2025	IPR025287	Wall-associated receptor kinase, galacturonan-binding domain	GO:0030247(InterPro)	-
transcript41218	d339839115e2f1771e6d833a971d87e4	471	PANTHER	PTHR33491	OSJNBA0016N04.9 PROTEIN	7	292	1.2E-69	T	30-10-2025	-	-	-	-
transcript19138	86790e009f1256d8bdae7715dab826fa	245	PANTHER	PTHR31312	TRANSCRIPTION ACTIVATOR GLK1	1	236	1.8E-25	T	30-10-2025	IPR044825	Transcription activator GLK1/2-like	GO:0000976(PANTHER)|GO:0003700(InterPro)|GO:0003700(PANTHER)|GO:0005634(PANTHER)|GO:0045893(PANTHER)|GO:0045893(InterPro)	-
transcript19138	86790e009f1256d8bdae7715dab826fa	245	MobiDBLite	mobidb-lite	consensus disorder prediction	1	70	-	T	30-10-2025	-	-	-	-
transcript19138	86790e009f1256d8bdae7715dab826fa	245	MobiDBLite	mobidb-lite	consensus disorder prediction	111	122	-	T	30-10-2025	-	-	-	-
transcript19138	86790e009f1256d8bdae7715dab826fa	245	MobiDBLite	mobidb-lite	consensus disorder prediction	40	59	-	T	30-10-2025	-	-	-	-
transcript19138	86790e009f1256d8bdae7715dab826fa	245	MobiDBLite	mobidb-lite	consensus disorder prediction	106	126	-	T	30-10-2025	-	-	-	-
transcript19138	86790e009f1256d8bdae7715dab826fa	245	MobiDBLite	mobidb-lite	consensus disorder prediction	13	28	-	T	30-10-2025	-	-	-	-
transcript27063	edae11b91f650c8196e8be4cfc654d0e	66	MobiDBLite	mobidb-lite	consensus disorder prediction	42	66	-	T	30-10-2025	-	-	-	-
transcript10900	496f61ad24976ef0648b087a20d7c43a	200	MobiDBLite	mobidb-lite	consensus disorder prediction	9	25	-	T	30-10-2025	-	-	-	-
transcript10900	496f61ad24976ef0648b087a20d7c43a	200	MobiDBLite	mobidb-lite	consensus disorder prediction	1	85	-	T	30-10-2025	-	-	-	-
transcript10900	496f61ad24976ef0648b087a20d7c43a	200	MobiDBLite	mobidb-lite	consensus disorder prediction	32	85	-	T	30-10-2025	-	-	-	-
transcript9531	9ebb45adae1f5eb3aebe43b0e734b1c1	170	MobiDBLite	mobidb-lite	consensus disorder prediction	8	20	-	T	30-10-2025	-	-	-	-
transcript9531	9ebb45adae1f5eb3aebe43b0e734b1c1	170	MobiDBLite	mobidb-lite	consensus disorder prediction	46	80	-	T	30-10-2025	-	-	-	-
transcript9531	9ebb45adae1f5eb3aebe43b0e734b1c1	170	MobiDBLite	mobidb-lite	consensus disorder prediction	1	95	-	T	30-10-2025	-	-	-	-
transcript19121	d69f4161923567e6b6db4bb785cc603c	111	MobiDBLite	mobidb-lite	consensus disorder prediction	1	38	-	T	30-10-2025	-	-	-	-
transcript19121	d69f4161923567e6b6db4bb785cc603c	111	MobiDBLite	mobidb-lite	consensus disorder prediction	17	38	-	T	30-10-2025	-	-	-	-
transcript19121	d69f4161923567e6b6db4bb785cc603c	111	MobiDBLite	mobidb-lite	consensus disorder prediction	1	10	-	T	30-10-2025	-	-	-	-
transcript614	7eefd4a94d3cc44871171e82a09a7e1e	175	MobiDBLite	mobidb-lite	consensus disorder prediction	1	61	-	T	30-10-2025	-	-	-	-
transcript13882	36a2e626a365df317e3e653f15b9b08d	165	PRINTS	PR00624	Histone H5 signature	108	122	1.9E-10	T	30-10-2025	IPR005819	Linker histone H1/H5	GO:0000786(InterPro)|GO:0003677(InterPro)|GO:0006334(InterPro)|GO:0030527(InterPro)	-
transcript13882	36a2e626a365df317e3e653f15b9b08d	165	PRINTS	PR00624	Histone H5 signature	6	27	1.9E-10	T	30-10-2025	IPR005819	Linker histone H1/H5	GO:0000786(InterPro)|GO:0003677(InterPro)|GO:0006334(InterPro)|GO:0030527(InterPro)	-
transcript13882	36a2e626a365df317e3e653f15b9b08d	165	PRINTS	PR00624	Histone H5 signature	143	160	1.9E-10	T	30-10-2025	IPR005819	Linker histone H1/H5	GO:0000786(InterPro)|GO:0003677(InterPro)|GO:0006334(InterPro)|GO:0030527(InterPro)	-
transcript13882	36a2e626a365df317e3e653f15b9b08d	165	PRINTS	PR00624	Histone H5 signature	33	50	1.9E-10	T	30-10-2025	IPR005819	Linker histone H1/H5	GO:0000786(InterPro)|GO:0003677(InterPro)|GO:0006334(InterPro)|GO:0030527(InterPro)	-
transcript13882	36a2e626a365df317e3e653f15b9b08d	165	PANTHER	PTHR11467	HISTONE H1	12	154	2.7E-23	T	30-10-2025	-	-	GO:0003690(PANTHER)|GO:0005634(PANTHER)|GO:0030261(PANTHER)|GO:0031492(PANTHER)|GO:0045910(PANTHER)	-
transcript13882	36a2e626a365df317e3e653f15b9b08d	165	SMART	SM00526	h15plus2	17	84	6.5E-30	T	30-10-2025	IPR005818	Linker histone H1/H5, domain H15	GO:0000786(InterPro)|GO:0003677(InterPro)|GO:0006334(InterPro)	-
transcript13882	36a2e626a365df317e3e653f15b9b08d	165	CDD	cd00073	H15	17	88	2.28188E-18	T	30-10-2025	IPR005818	Linker histone H1/H5, domain H15	GO:0000786(InterPro)|GO:0003677(InterPro)|GO:0006334(InterPro)	-
transcript13882	36a2e626a365df317e3e653f15b9b08d	165	Gene3D	G3DSA:1.10.10.10	-	15	101	6.4E-21	T	30-10-2025	IPR036388	Winged helix-like DNA-binding domain superfamily	-	-
transcript13882	36a2e626a365df317e3e653f15b9b08d	165	Pfam	PF00538	linker histone H1 and H5 family	20	87	2.1E-15	T	30-10-2025	IPR005818	Linker histone H1/H5, domain H15	GO:0000786(InterPro)|GO:0003677(InterPro)|GO:0006334(InterPro)	-
transcript13882	36a2e626a365df317e3e653f15b9b08d	165	SUPERFAMILY	SSF46785	"Winged helix" DNA-binding domain	14	94	2.12E-22	T	30-10-2025	IPR036390	Winged helix DNA-binding domain superfamily	-	-
transcript13882	36a2e626a365df317e3e653f15b9b08d	165	MobiDBLite	mobidb-lite	consensus disorder prediction	122	165	-	T	30-10-2025	-	-	-	-
transcript13882	36a2e626a365df317e3e653f15b9b08d	165	MobiDBLite	mobidb-lite	consensus disorder prediction	1	20	-	T	30-10-2025	-	-	-	-
transcript13882	36a2e626a365df317e3e653f15b9b08d	165	MobiDBLite	mobidb-lite	consensus disorder prediction	111	120	-	T	30-10-2025	-	-	-	-
transcript13882	36a2e626a365df317e3e653f15b9b08d	165	MobiDBLite	mobidb-lite	consensus disorder prediction	1	12	-	T	30-10-2025	-	-	-	-
transcript13882	36a2e626a365df317e3e653f15b9b08d	165	MobiDBLite	mobidb-lite	consensus disorder prediction	89	165	-	T	30-10-2025	-	-	-	-
transcript13882	36a2e626a365df317e3e653f15b9b08d	165	MobiDBLite	mobidb-lite	consensus disorder prediction	89	104	-	T	30-10-2025	-	-	-	-
transcript13882	36a2e626a365df317e3e653f15b9b08d	165	ProSiteProfiles	PS51504	Linker histone H1/H5 globular (H15) domain profile.	19	89	29.993088	T	30-10-2025	IPR005818	Linker histone H1/H5, domain H15	GO:0000786(InterPro)|GO:0003677(InterPro)|GO:0006334(InterPro)	-
transcript10931	7c1737525ea32b49ff8d482cbd321fa1	84	MobiDBLite	mobidb-lite	consensus disorder prediction	65	84	-	T	30-10-2025	-	-	-	-
transcript10931	7c1737525ea32b49ff8d482cbd321fa1	84	MobiDBLite	mobidb-lite	consensus disorder prediction	72	84	-	T	30-10-2025	-	-	-	-
transcript9510	d0ce40a26260ce9eec7208be5e5c7ad5	272	FunFam	G3DSA:3.30.70.330:FF:000192	Serine/arginine-rich splicing factor SC35	4	103	2.3E-61	T	30-10-2025	-	-	-	-
transcript9510	d0ce40a26260ce9eec7208be5e5c7ad5	272	PANTHER	PTHR48028	GLYCINE-RICH RNA-BINDING PROTEIN RZ1A	12	227	6.1E-38	T	30-10-2025	IPR051106	RNA-binding and splicing regulatory protein	-	-
transcript9510	d0ce40a26260ce9eec7208be5e5c7ad5	272	SMART	SM00360	rrm1_1	17	90	5.8E-23	T	30-10-2025	IPR000504	RNA recognition motif domain	GO:0003723(InterPro)	-
transcript9510	d0ce40a26260ce9eec7208be5e5c7ad5	272	Gene3D	G3DSA:3.30.70.330	-	3	104	3.6E-26	T	30-10-2025	IPR012677	Nucleotide-binding alpha-beta plait domain superfamily	-	-
transcript9510	d0ce40a26260ce9eec7208be5e5c7ad5	272	MobiDBLite	mobidb-lite	consensus disorder prediction	142	155	-	T	30-10-2025	-	-	-	-
transcript9510	d0ce40a26260ce9eec7208be5e5c7ad5	272	MobiDBLite	mobidb-lite	consensus disorder prediction	100	272	-	T	30-10-2025	-	-	-	-
transcript9510	d0ce40a26260ce9eec7208be5e5c7ad5	272	MobiDBLite	mobidb-lite	consensus disorder prediction	214	226	-	T	30-10-2025	-	-	-	-
transcript9510	d0ce40a26260ce9eec7208be5e5c7ad5	272	MobiDBLite	mobidb-lite	consensus disorder prediction	113	124	-	T	30-10-2025	-	-	-	-
transcript9510	d0ce40a26260ce9eec7208be5e5c7ad5	272	MobiDBLite	mobidb-lite	consensus disorder prediction	167	180	-	T	30-10-2025	-	-	-	-
transcript9510	d0ce40a26260ce9eec7208be5e5c7ad5	272	MobiDBLite	mobidb-lite	consensus disorder prediction	228	265	-	T	30-10-2025	-	-	-	-
transcript9510	d0ce40a26260ce9eec7208be5e5c7ad5	272	CDD	cd12311	RRM_SRSF2_SRSF8	18	90	1.42701E-31	T	30-10-2025	-	-	-	-
transcript9510	d0ce40a26260ce9eec7208be5e5c7ad5	272	SUPERFAMILY	SSF54928	RNA-binding domain, RBD	8	103	1.48E-27	T	30-10-2025	IPR035979	RNA-binding domain superfamily	GO:0003676(InterPro)	-
transcript9510	d0ce40a26260ce9eec7208be5e5c7ad5	272	ProSiteProfiles	PS50102	Eukaryotic RNA Recognition Motif (RRM) profile.	16	94	19.263107	T	30-10-2025	IPR000504	RNA recognition motif domain	GO:0003723(InterPro)	-
transcript9510	d0ce40a26260ce9eec7208be5e5c7ad5	272	SMART	SM00361	rrm2_1	17	90	7.5E-4	T	30-10-2025	IPR003954	RNA recognition motif domain, eukaryotic-type	GO:0003676(InterPro)	-
transcript9510	d0ce40a26260ce9eec7208be5e5c7ad5	272	Pfam	PF00076	RNA recognition motif	18	87	2.1E-16	T	30-10-2025	IPR000504	RNA recognition motif domain	GO:0003723(InterPro)	-
transcript9511	d0ce40a26260ce9eec7208be5e5c7ad5	272	FunFam	G3DSA:3.30.70.330:FF:000192	Serine/arginine-rich splicing factor SC35	4	103	2.3E-61	T	30-10-2025	-	-	-	-
transcript9511	d0ce40a26260ce9eec7208be5e5c7ad5	272	PANTHER	PTHR48028	GLYCINE-RICH RNA-BINDING PROTEIN RZ1A	12	227	6.1E-38	T	30-10-2025	IPR051106	RNA-binding and splicing regulatory protein	-	-
transcript9511	d0ce40a26260ce9eec7208be5e5c7ad5	272	SMART	SM00360	rrm1_1	17	90	5.8E-23	T	30-10-2025	IPR000504	RNA recognition motif domain	GO:0003723(InterPro)	-
transcript9511	d0ce40a26260ce9eec7208be5e5c7ad5	272	Gene3D	G3DSA:3.30.70.330	-	3	104	3.6E-26	T	30-10-2025	IPR012677	Nucleotide-binding alpha-beta plait domain superfamily	-	-
transcript9511	d0ce40a26260ce9eec7208be5e5c7ad5	272	MobiDBLite	mobidb-lite	consensus disorder prediction	142	155	-	T	30-10-2025	-	-	-	-
transcript9511	d0ce40a26260ce9eec7208be5e5c7ad5	272	MobiDBLite	mobidb-lite	consensus disorder prediction	100	272	-	T	30-10-2025	-	-	-	-
transcript9511	d0ce40a26260ce9eec7208be5e5c7ad5	272	MobiDBLite	mobidb-lite	consensus disorder prediction	214	226	-	T	30-10-2025	-	-	-	-
transcript9511	d0ce40a26260ce9eec7208be5e5c7ad5	272	MobiDBLite	mobidb-lite	consensus disorder prediction	113	124	-	T	30-10-2025	-	-	-	-
transcript9511	d0ce40a26260ce9eec7208be5e5c7ad5	272	MobiDBLite	mobidb-lite	consensus disorder prediction	167	180	-	T	30-10-2025	-	-	-	-
transcript9511	d0ce40a26260ce9eec7208be5e5c7ad5	272	MobiDBLite	mobidb-lite	consensus disorder prediction	228	265	-	T	30-10-2025	-	-	-	-
transcript9511	d0ce40a26260ce9eec7208be5e5c7ad5	272	CDD	cd12311	RRM_SRSF2_SRSF8	18	90	1.42701E-31	T	30-10-2025	-	-	-	-
transcript9511	d0ce40a26260ce9eec7208be5e5c7ad5	272	SUPERFAMILY	SSF54928	RNA-binding domain, RBD	8	103	1.48E-27	T	30-10-2025	IPR035979	RNA-binding domain superfamily	GO:0003676(InterPro)	-
transcript9511	d0ce40a26260ce9eec7208be5e5c7ad5	272	ProSiteProfiles	PS50102	Eukaryotic RNA Recognition Motif (RRM) profile.	16	94	19.263107	T	30-10-2025	IPR000504	RNA recognition motif domain	GO:0003723(InterPro)	-
transcript9511	d0ce40a26260ce9eec7208be5e5c7ad5	272	SMART	SM00361	rrm2_1	17	90	7.5E-4	T	30-10-2025	IPR003954	RNA recognition motif domain, eukaryotic-type	GO:0003676(InterPro)	-
transcript9511	d0ce40a26260ce9eec7208be5e5c7ad5	272	Pfam	PF00076	RNA recognition motif	18	87	2.1E-16	T	30-10-2025	IPR000504	RNA recognition motif domain	GO:0003723(InterPro)	-
transcript2520	99278126c8e074a718c058b7aea7f453	143	MobiDBLite	mobidb-lite	consensus disorder prediction	1	82	-	T	30-10-2025	-	-	-	-
transcript2520	99278126c8e074a718c058b7aea7f453	143	MobiDBLite	mobidb-lite	consensus disorder prediction	28	42	-	T	30-10-2025	-	-	-	-
transcript2520	99278126c8e074a718c058b7aea7f453	143	MobiDBLite	mobidb-lite	consensus disorder prediction	1	10	-	T	30-10-2025	-	-	-	-
transcript20082	9e905325244b69af5d62c556557b4af1	70	MobiDBLite	mobidb-lite	consensus disorder prediction	1	43	-	T	30-10-2025	-	-	-	-
transcript28498	f773f1af0de50449204143928f326fd4	129	MobiDBLite	mobidb-lite	consensus disorder prediction	53	73	-	T	30-10-2025	-	-	-	-
transcript28498	f773f1af0de50449204143928f326fd4	129	MobiDBLite	mobidb-lite	consensus disorder prediction	56	72	-	T	30-10-2025	-	-	-	-
transcript13811	9c2eafeb64231ab14ba1558fcea72b50	279	MobiDBLite	mobidb-lite	consensus disorder prediction	59	86	-	T	30-10-2025	-	-	-	-
transcript13811	9c2eafeb64231ab14ba1558fcea72b50	279	MobiDBLite	mobidb-lite	consensus disorder prediction	66	86	-	T	30-10-2025	-	-	-	-
transcript13811	9c2eafeb64231ab14ba1558fcea72b50	279	Pfam	PF16135	Tify domain binding domain	199	234	9.4E-5	T	30-10-2025	IPR032308	Tify domain-binding domain	-	-
transcript42454	0aaabcf0c477b1f6858d293db6be0067	71	MobiDBLite	mobidb-lite	consensus disorder prediction	18	35	-	T	30-10-2025	-	-	-	-
transcript42454	0aaabcf0c477b1f6858d293db6be0067	71	MobiDBLite	mobidb-lite	consensus disorder prediction	18	71	-	T	30-10-2025	-	-	-	-
transcript42456	0aaabcf0c477b1f6858d293db6be0067	71	MobiDBLite	mobidb-lite	consensus disorder prediction	18	35	-	T	30-10-2025	-	-	-	-
transcript42456	0aaabcf0c477b1f6858d293db6be0067	71	MobiDBLite	mobidb-lite	consensus disorder prediction	18	71	-	T	30-10-2025	-	-	-	-
transcript45542	93d8b0a02cd12096efd27fbe4f6dd728	195	MobiDBLite	mobidb-lite	consensus disorder prediction	64	137	-	T	30-10-2025	-	-	-	-
transcript45542	93d8b0a02cd12096efd27fbe4f6dd728	195	MobiDBLite	mobidb-lite	consensus disorder prediction	1	52	-	T	30-10-2025	-	-	-	-
transcript45542	93d8b0a02cd12096efd27fbe4f6dd728	195	MobiDBLite	mobidb-lite	consensus disorder prediction	118	133	-	T	30-10-2025	-	-	-	-
transcript45542	93d8b0a02cd12096efd27fbe4f6dd728	195	MobiDBLite	mobidb-lite	consensus disorder prediction	99	110	-	T	30-10-2025	-	-	-	-
transcript45542	93d8b0a02cd12096efd27fbe4f6dd728	195	MobiDBLite	mobidb-lite	consensus disorder prediction	1	11	-	T	30-10-2025	-	-	-	-
transcript45541	93d8b0a02cd12096efd27fbe4f6dd728	195	MobiDBLite	mobidb-lite	consensus disorder prediction	64	137	-	T	30-10-2025	-	-	-	-
transcript45541	93d8b0a02cd12096efd27fbe4f6dd728	195	MobiDBLite	mobidb-lite	consensus disorder prediction	1	52	-	T	30-10-2025	-	-	-	-
transcript45541	93d8b0a02cd12096efd27fbe4f6dd728	195	MobiDBLite	mobidb-lite	consensus disorder prediction	118	133	-	T	30-10-2025	-	-	-	-
transcript45541	93d8b0a02cd12096efd27fbe4f6dd728	195	MobiDBLite	mobidb-lite	consensus disorder prediction	99	110	-	T	30-10-2025	-	-	-	-
transcript45541	93d8b0a02cd12096efd27fbe4f6dd728	195	MobiDBLite	mobidb-lite	consensus disorder prediction	1	11	-	T	30-10-2025	-	-	-	-
transcript13190	9df50d12255136c70977e3068fc896d6	118	MobiDBLite	mobidb-lite	consensus disorder prediction	27	46	-	T	30-10-2025	-	-	-	-
transcript13190	9df50d12255136c70977e3068fc896d6	118	MobiDBLite	mobidb-lite	consensus disorder prediction	1	21	-	T	30-10-2025	-	-	-	-
transcript28739	914b38998a7b7eb2de5ec7ff1df7107e	143	MobiDBLite	mobidb-lite	consensus disorder prediction	80	90	-	T	30-10-2025	-	-	-	-
transcript28739	914b38998a7b7eb2de5ec7ff1df7107e	143	MobiDBLite	mobidb-lite	consensus disorder prediction	1	90	-	T	30-10-2025	-	-	-	-
transcript28739	914b38998a7b7eb2de5ec7ff1df7107e	143	MobiDBLite	mobidb-lite	consensus disorder prediction	1	11	-	T	30-10-2025	-	-	-	-
transcript28740	914b38998a7b7eb2de5ec7ff1df7107e	143	MobiDBLite	mobidb-lite	consensus disorder prediction	80	90	-	T	30-10-2025	-	-	-	-
transcript28740	914b38998a7b7eb2de5ec7ff1df7107e	143	MobiDBLite	mobidb-lite	consensus disorder prediction	1	90	-	T	30-10-2025	-	-	-	-
transcript28740	914b38998a7b7eb2de5ec7ff1df7107e	143	MobiDBLite	mobidb-lite	consensus disorder prediction	1	11	-	T	30-10-2025	-	-	-	-
transcript6992	f46b16311a0b9617baf7130c4487541e	217	MobiDBLite	mobidb-lite	consensus disorder prediction	81	97	-	T	30-10-2025	-	-	-	-
transcript6992	f46b16311a0b9617baf7130c4487541e	217	MobiDBLite	mobidb-lite	consensus disorder prediction	77	113	-	T	30-10-2025	-	-	-	-
transcript6992	f46b16311a0b9617baf7130c4487541e	217	MobiDBLite	mobidb-lite	consensus disorder prediction	99	108	-	T	30-10-2025	-	-	-	-
transcript6992	f46b16311a0b9617baf7130c4487541e	217	PANTHER	PTHR47481	-	1	210	5.4E-25	T	30-10-2025	-	-	-	-
transcript34199	00975ef559e40a69e8fd60ceca2cd82c	102	Gene3D	G3DSA:2.130.10.10	-	1	73	2.2E-20	T	30-10-2025	IPR015943	WD40/YVTN repeat-like-containing domain superfamily	GO:0005515(InterPro)	-
transcript34199	00975ef559e40a69e8fd60ceca2cd82c	102	PANTHER	PTHR19876	COATOMER	6	71	3.8E-15	T	30-10-2025	IPR050844	Coatomer complex subunit	GO:0006886(PANTHER)|GO:0006888(PANTHER)|GO:0006890(PANTHER)|GO:0006891(PANTHER)|GO:0030126(PANTHER)	-
transcript34199	00975ef559e40a69e8fd60ceca2cd82c	102	SUPERFAMILY	SSF50978	WD40 repeat-like	3	71	8.33E-13	T	30-10-2025	IPR036322	WD40-repeat-containing domain superfamily	GO:0005515(InterPro)	-
transcript34199	00975ef559e40a69e8fd60ceca2cd82c	102	Pfam	PF00400	WD domain, G-beta repeat	4	37	39.0	T	30-10-2025	IPR001680	WD40 repeat	GO:0005515(InterPro)	-
transcript34199	00975ef559e40a69e8fd60ceca2cd82c	102	Pfam	PF00400	WD domain, G-beta repeat	41	70	52.0	T	30-10-2025	IPR001680	WD40 repeat	GO:0005515(InterPro)	-
transcript34989	8dea347a692e985cdd353d20e7802ea0	171	PANTHER	PTHR46366	PRO-APOPTOTIC SERINE PROTEASE NMA111	81	148	4.8E-25	T	30-10-2025	-	-	-	-
transcript34989	8dea347a692e985cdd353d20e7802ea0	171	MobiDBLite	mobidb-lite	consensus disorder prediction	150	171	-	T	30-10-2025	-	-	-	-
transcript30092	c50553f2bf7faaf1cd6b3543e6fc3f88	64	MobiDBLite	mobidb-lite	consensus disorder prediction	52	64	-	T	30-10-2025	-	-	-	-
transcript30092	c50553f2bf7faaf1cd6b3543e6fc3f88	64	MobiDBLite	mobidb-lite	consensus disorder prediction	42	64	-	T	30-10-2025	-	-	-	-
transcript30093	c50553f2bf7faaf1cd6b3543e6fc3f88	64	MobiDBLite	mobidb-lite	consensus disorder prediction	52	64	-	T	30-10-2025	-	-	-	-
transcript30093	c50553f2bf7faaf1cd6b3543e6fc3f88	64	MobiDBLite	mobidb-lite	consensus disorder prediction	42	64	-	T	30-10-2025	-	-	-	-
transcript8954	1815eddbac5c5a1799ec0679562d8796	107	MobiDBLite	mobidb-lite	consensus disorder prediction	48	58	-	T	30-10-2025	-	-	-	-
transcript8954	1815eddbac5c5a1799ec0679562d8796	107	MobiDBLite	mobidb-lite	consensus disorder prediction	14	60	-	T	30-10-2025	-	-	-	-
transcript8954	1815eddbac5c5a1799ec0679562d8796	107	MobiDBLite	mobidb-lite	consensus disorder prediction	19	31	-	T	30-10-2025	-	-	-	-
transcript34540	107ecb1d51c016e748389dcda10f03cb	142	MobiDBLite	mobidb-lite	consensus disorder prediction	32	80	-	T	30-10-2025	-	-	-	-
transcript34540	107ecb1d51c016e748389dcda10f03cb	142	MobiDBLite	mobidb-lite	consensus disorder prediction	71	80	-	T	30-10-2025	-	-	-	-
transcript9264	1569d6226673e97c723fb4f6a089232e	154	MobiDBLite	mobidb-lite	consensus disorder prediction	1	40	-	T	30-10-2025	-	-	-	-
transcript9264	1569d6226673e97c723fb4f6a089232e	154	Gene3D	G3DSA:1.20.58.2050	-	45	113	6.5E-7	T	30-10-2025	IPR038437	GINS complex, subunit Psf3 superfamily	-	-
transcript41735	903010df56b10368eda76b1c46b91e69	215	PANTHER	PTHR12537	RNA BINDING PROTEIN PUMILIO-RELATED	4	173	2.0E-9	T	30-10-2025	-	-	GO:0003729(PANTHER)|GO:0005737(PANTHER)|GO:0010608(PANTHER)	-
transcript41735	903010df56b10368eda76b1c46b91e69	215	SUPERFAMILY	SSF48371	ARM repeat	10	193	2.99E-13	T	30-10-2025	IPR016024	Armadillo-type fold	-	-
transcript41735	903010df56b10368eda76b1c46b91e69	215	Gene3D	G3DSA:1.25.10.10	-	1	201	1.7E-15	T	30-10-2025	IPR011989	Armadillo-like helical	-	-
transcript41735	903010df56b10368eda76b1c46b91e69	215	ProSiteProfiles	PS50302	Pumilio RNA-binding repeat profile.	99	134	8.477259	T	30-10-2025	IPR001313	Pumilio RNA-binding repeat	GO:0003723(InterPro)	-
transcript41735	903010df56b10368eda76b1c46b91e69	215	SMART	SM00025	pum_5	143	178	10.0	T	30-10-2025	IPR001313	Pumilio RNA-binding repeat	GO:0003723(InterPro)	-
transcript41735	903010df56b10368eda76b1c46b91e69	215	SMART	SM00025	pum_5	99	134	0.015	T	30-10-2025	IPR001313	Pumilio RNA-binding repeat	GO:0003723(InterPro)	-
transcript41735	903010df56b10368eda76b1c46b91e69	215	Pfam	PF00806	Pumilio-family RNA binding repeat	105	133	4.7	T	30-10-2025	IPR001313	Pumilio RNA-binding repeat	GO:0003723(InterPro)	-
transcript37415	7d1206533aa3cd6d702db6a16b7f4bbe	90	MobiDBLite	mobidb-lite	consensus disorder prediction	1	65	-	T	30-10-2025	-	-	-	-
transcript37415	7d1206533aa3cd6d702db6a16b7f4bbe	90	MobiDBLite	mobidb-lite	consensus disorder prediction	33	46	-	T	30-10-2025	-	-	-	-
transcript1522	bb343f3d87b2a16412af0d90289aa131	85	MobiDBLite	mobidb-lite	consensus disorder prediction	12	38	-	T	30-10-2025	-	-	-	-
transcript1522	bb343f3d87b2a16412af0d90289aa131	85	MobiDBLite	mobidb-lite	consensus disorder prediction	14	31	-	T	30-10-2025	-	-	-	-
transcript27917	72d5db11ffb74ca8d8872d21d87e58ff	108	MobiDBLite	mobidb-lite	consensus disorder prediction	1	35	-	T	30-10-2025	-	-	-	-
transcript27917	72d5db11ffb74ca8d8872d21d87e58ff	108	MobiDBLite	mobidb-lite	consensus disorder prediction	81	99	-	T	30-10-2025	-	-	-	-
transcript27917	72d5db11ffb74ca8d8872d21d87e58ff	108	MobiDBLite	mobidb-lite	consensus disorder prediction	10	28	-	T	30-10-2025	-	-	-	-
transcript27917	72d5db11ffb74ca8d8872d21d87e58ff	108	MobiDBLite	mobidb-lite	consensus disorder prediction	79	108	-	T	30-10-2025	-	-	-	-
transcript37157	6cf2dcbee4d3c496fc293dba8b2924dc	138	MobiDBLite	mobidb-lite	consensus disorder prediction	128	138	-	T	30-10-2025	-	-	-	-
transcript37157	6cf2dcbee4d3c496fc293dba8b2924dc	138	MobiDBLite	mobidb-lite	consensus disorder prediction	61	88	-	T	30-10-2025	-	-	-	-
transcript37157	6cf2dcbee4d3c496fc293dba8b2924dc	138	MobiDBLite	mobidb-lite	consensus disorder prediction	31	138	-	T	30-10-2025	-	-	-	-
transcript37157	6cf2dcbee4d3c496fc293dba8b2924dc	138	MobiDBLite	mobidb-lite	consensus disorder prediction	35	48	-	T	30-10-2025	-	-	-	-
transcript39756	054d830cf9c842777b93814141056a0a	122	MobiDBLite	mobidb-lite	consensus disorder prediction	1	20	-	T	30-10-2025	-	-	-	-
transcript39756	054d830cf9c842777b93814141056a0a	122	MobiDBLite	mobidb-lite	consensus disorder prediction	83	122	-	T	30-10-2025	-	-	-	-
transcript19712	c0eaab24808dfc29fd872d4118ca554a	227	MobiDBLite	mobidb-lite	consensus disorder prediction	115	135	-	T	30-10-2025	-	-	-	-
transcript19712	c0eaab24808dfc29fd872d4118ca554a	227	MobiDBLite	mobidb-lite	consensus disorder prediction	1	23	-	T	30-10-2025	-	-	-	-
transcript19712	c0eaab24808dfc29fd872d4118ca554a	227	MobiDBLite	mobidb-lite	consensus disorder prediction	115	128	-	T	30-10-2025	-	-	-	-
transcript19711	c0eaab24808dfc29fd872d4118ca554a	227	MobiDBLite	mobidb-lite	consensus disorder prediction	115	135	-	T	30-10-2025	-	-	-	-
transcript19711	c0eaab24808dfc29fd872d4118ca554a	227	MobiDBLite	mobidb-lite	consensus disorder prediction	1	23	-	T	30-10-2025	-	-	-	-
transcript19711	c0eaab24808dfc29fd872d4118ca554a	227	MobiDBLite	mobidb-lite	consensus disorder prediction	115	128	-	T	30-10-2025	-	-	-	-
transcript19713	c0eaab24808dfc29fd872d4118ca554a	227	MobiDBLite	mobidb-lite	consensus disorder prediction	115	135	-	T	30-10-2025	-	-	-	-
transcript19713	c0eaab24808dfc29fd872d4118ca554a	227	MobiDBLite	mobidb-lite	consensus disorder prediction	1	23	-	T	30-10-2025	-	-	-	-
transcript19713	c0eaab24808dfc29fd872d4118ca554a	227	MobiDBLite	mobidb-lite	consensus disorder prediction	115	128	-	T	30-10-2025	-	-	-	-
transcript24700	e1a172aac63161fcdb7758c492634225	530	SUPERFAMILY	SSF57850	RING/U-box	481	526	3.24E-5	T	30-10-2025	-	-	-	-
transcript24700	e1a172aac63161fcdb7758c492634225	530	MobiDBLite	mobidb-lite	consensus disorder prediction	76	85	-	T	30-10-2025	-	-	-	-
transcript24700	e1a172aac63161fcdb7758c492634225	530	MobiDBLite	mobidb-lite	consensus disorder prediction	14	25	-	T	30-10-2025	-	-	-	-
transcript24700	e1a172aac63161fcdb7758c492634225	530	MobiDBLite	mobidb-lite	consensus disorder prediction	1	140	-	T	30-10-2025	-	-	-	-
transcript24700	e1a172aac63161fcdb7758c492634225	530	MobiDBLite	mobidb-lite	consensus disorder prediction	94	116	-	T	30-10-2025	-	-	-	-
transcript24700	e1a172aac63161fcdb7758c492634225	530	ProSiteProfiles	PS50089	Zinc finger RING-type profile.	486	519	10.055033	T	30-10-2025	IPR001841	Zinc finger, RING-type	-	-
transcript24700	e1a172aac63161fcdb7758c492634225	530	Pfam	PF07002	Copine	186	392	3.2E-62	T	30-10-2025	IPR010734	Copine, C-terminal	-	-
transcript24700	e1a172aac63161fcdb7758c492634225	530	Gene3D	G3DSA:3.30.40.10	Zinc/RING finger domain, C3HC4 (zinc finger)	477	530	1.1E-12	T	30-10-2025	IPR013083	Zinc finger, RING/FYVE/PHD-type	-	-
transcript24700	e1a172aac63161fcdb7758c492634225	530	PANTHER	PTHR45751	COPINE FAMILY PROTEIN 1	68	467	8.7E-155	T	30-10-2025	IPR052079	E3 ubiquitin-ligases/Copine domain-containing protein	GO:0004842(PANTHER)|GO:0005634(PANTHER)|GO:0016567(PANTHER)	-
transcript24700	e1a172aac63161fcdb7758c492634225	530	SMART	SM00327	VWA_4	161	359	8.0E-4	T	30-10-2025	IPR002035	von Willebrand factor, type A	-	-
transcript24700	e1a172aac63161fcdb7758c492634225	530	SUPERFAMILY	SSF53300	vWA-like	163	353	1.33E-6	T	30-10-2025	IPR036465	von Willebrand factor A-like domain superfamily	-	-
transcript24700	e1a172aac63161fcdb7758c492634225	530	Pfam	PF13920	Zinc finger, C3HC4 type (RING finger)	483	523	2.1E-5	T	30-10-2025	-	-	-	-
transcript28338	d1c955152a1a68f64ffd3acbc6e5c5f6	200	PANTHER	PTHR43570	ALDEHYDE DEHYDROGENASE	40	184	1.1E-59	T	30-10-2025	IPR012394	Aldehyde dehydrogenase NAD(P)-dependent	GO:0004029(PANTHER)|GO:0005737(PANTHER)|GO:0006081(PANTHER)|GO:0006081(InterPro)	-
transcript28338	d1c955152a1a68f64ffd3acbc6e5c5f6	200	Pfam	PF00171	Aldehyde dehydrogenase family	43	182	3.4E-19	T	30-10-2025	IPR015590	Aldehyde dehydrogenase domain	GO:0016491(InterPro)	-
transcript28338	d1c955152a1a68f64ffd3acbc6e5c5f6	200	Gene3D	G3DSA:3.40.309.10	Aldehyde Dehydrogenase; Chain A, domain 2	130	187	2.7E-6	T	30-10-2025	IPR016163	Aldehyde dehydrogenase, C-terminal	GO:0016620(InterPro)	-
transcript28338	d1c955152a1a68f64ffd3acbc6e5c5f6	200	Gene3D	G3DSA:3.40.605.10	Aldehyde Dehydrogenase; Chain A, domain 1	35	129	5.5E-25	T	30-10-2025	IPR016162	Aldehyde dehydrogenase, N-terminal	GO:0016491(InterPro)	-
transcript28338	d1c955152a1a68f64ffd3acbc6e5c5f6	200	SUPERFAMILY	SSF53720	ALDH-like	42	183	1.01E-34	T	30-10-2025	IPR016161	Aldehyde/histidinol dehydrogenase	GO:0016491(InterPro)	-
transcript27992	6f7cf72162aca8a20b739df762ff6b4f	235	MobiDBLite	mobidb-lite	consensus disorder prediction	103	120	-	T	30-10-2025	-	-	-	-
transcript27992	6f7cf72162aca8a20b739df762ff6b4f	235	MobiDBLite	mobidb-lite	consensus disorder prediction	8	20	-	T	30-10-2025	-	-	-	-
transcript27992	6f7cf72162aca8a20b739df762ff6b4f	235	MobiDBLite	mobidb-lite	consensus disorder prediction	1	153	-	T	30-10-2025	-	-	-	-
transcript27992	6f7cf72162aca8a20b739df762ff6b4f	235	MobiDBLite	mobidb-lite	consensus disorder prediction	21	30	-	T	30-10-2025	-	-	-	-
transcript27992	6f7cf72162aca8a20b739df762ff6b4f	235	MobiDBLite	mobidb-lite	consensus disorder prediction	44	95	-	T	30-10-2025	-	-	-	-
transcript27992	6f7cf72162aca8a20b739df762ff6b4f	235	MobiDBLite	mobidb-lite	consensus disorder prediction	121	136	-	T	30-10-2025	-	-	-	-
transcript44342	c7460d7623ce9c039c4d025c7a18bb56	149	MobiDBLite	mobidb-lite	consensus disorder prediction	1	34	-	T	30-10-2025	-	-	-	-
transcript44342	c7460d7623ce9c039c4d025c7a18bb56	149	MobiDBLite	mobidb-lite	consensus disorder prediction	97	131	-	T	30-10-2025	-	-	-	-
transcript44342	c7460d7623ce9c039c4d025c7a18bb56	149	MobiDBLite	mobidb-lite	consensus disorder prediction	115	124	-	T	30-10-2025	-	-	-	-
transcript44343	c7460d7623ce9c039c4d025c7a18bb56	149	MobiDBLite	mobidb-lite	consensus disorder prediction	1	34	-	T	30-10-2025	-	-	-	-
transcript44343	c7460d7623ce9c039c4d025c7a18bb56	149	MobiDBLite	mobidb-lite	consensus disorder prediction	97	131	-	T	30-10-2025	-	-	-	-
transcript44343	c7460d7623ce9c039c4d025c7a18bb56	149	MobiDBLite	mobidb-lite	consensus disorder prediction	115	124	-	T	30-10-2025	-	-	-	-
transcript44341	c7460d7623ce9c039c4d025c7a18bb56	149	MobiDBLite	mobidb-lite	consensus disorder prediction	1	34	-	T	30-10-2025	-	-	-	-
transcript44341	c7460d7623ce9c039c4d025c7a18bb56	149	MobiDBLite	mobidb-lite	consensus disorder prediction	97	131	-	T	30-10-2025	-	-	-	-
transcript44341	c7460d7623ce9c039c4d025c7a18bb56	149	MobiDBLite	mobidb-lite	consensus disorder prediction	115	124	-	T	30-10-2025	-	-	-	-
transcript34593	633499c9e93fd63c88a61069092838e3	70	PANTHER	PTHR48212	CCHC-TYPE DOMAIN-CONTAINING PROTEIN	1	69	1.2E-23	T	30-10-2025	-	-	-	-
transcript43140	9f4a13b42294fee1bb2cd64bf17784bc	182	MobiDBLite	mobidb-lite	consensus disorder prediction	1	29	-	T	30-10-2025	-	-	-	-
transcript43138	9f4a13b42294fee1bb2cd64bf17784bc	182	MobiDBLite	mobidb-lite	consensus disorder prediction	1	29	-	T	30-10-2025	-	-	-	-
transcript44414	07a799d2b5dd61db90875c086105b7d4	88	MobiDBLite	mobidb-lite	consensus disorder prediction	1	50	-	T	30-10-2025	-	-	-	-
transcript44414	07a799d2b5dd61db90875c086105b7d4	88	MobiDBLite	mobidb-lite	consensus disorder prediction	62	88	-	T	30-10-2025	-	-	-	-
transcript44414	07a799d2b5dd61db90875c086105b7d4	88	MobiDBLite	mobidb-lite	consensus disorder prediction	77	88	-	T	30-10-2025	-	-	-	-
transcript39364	b18945375ebe9ed72bf0c36193e78427	285	ProSiteProfiles	PS51504	Linker histone H1/H5 globular (H15) domain profile.	63	133	29.476992	T	30-10-2025	IPR005818	Linker histone H1/H5, domain H15	GO:0000786(InterPro)|GO:0003677(InterPro)|GO:0006334(InterPro)	-
transcript39364	b18945375ebe9ed72bf0c36193e78427	285	Gene3D	G3DSA:1.10.10.10	-	58	145	1.3E-22	T	30-10-2025	IPR036388	Winged helix-like DNA-binding domain superfamily	-	-
transcript39364	b18945375ebe9ed72bf0c36193e78427	285	CDD	cd00073	H15	61	131	6.86244E-19	T	30-10-2025	IPR005818	Linker histone H1/H5, domain H15	GO:0000786(InterPro)|GO:0003677(InterPro)|GO:0006334(InterPro)	-
transcript39364	b18945375ebe9ed72bf0c36193e78427	285	Pfam	PF00538	linker histone H1 and H5 family	64	131	9.3E-15	T	30-10-2025	IPR005818	Linker histone H1/H5, domain H15	GO:0000786(InterPro)|GO:0003677(InterPro)|GO:0006334(InterPro)	-
transcript39364	b18945375ebe9ed72bf0c36193e78427	285	MobiDBLite	mobidb-lite	consensus disorder prediction	1	66	-	T	30-10-2025	-	-	-	-
transcript39364	b18945375ebe9ed72bf0c36193e78427	285	MobiDBLite	mobidb-lite	consensus disorder prediction	217	233	-	T	30-10-2025	-	-	-	-
transcript39364	b18945375ebe9ed72bf0c36193e78427	285	MobiDBLite	mobidb-lite	consensus disorder prediction	130	285	-	T	30-10-2025	-	-	-	-
transcript39364	b18945375ebe9ed72bf0c36193e78427	285	MobiDBLite	mobidb-lite	consensus disorder prediction	187	205	-	T	30-10-2025	-	-	-	-
transcript39364	b18945375ebe9ed72bf0c36193e78427	285	MobiDBLite	mobidb-lite	consensus disorder prediction	206	216	-	T	30-10-2025	-	-	-	-
transcript39364	b18945375ebe9ed72bf0c36193e78427	285	MobiDBLite	mobidb-lite	consensus disorder prediction	264	277	-	T	30-10-2025	-	-	-	-
transcript39364	b18945375ebe9ed72bf0c36193e78427	285	MobiDBLite	mobidb-lite	consensus disorder prediction	24	36	-	T	30-10-2025	-	-	-	-
transcript39364	b18945375ebe9ed72bf0c36193e78427	285	MobiDBLite	mobidb-lite	consensus disorder prediction	139	178	-	T	30-10-2025	-	-	-	-
transcript39364	b18945375ebe9ed72bf0c36193e78427	285	MobiDBLite	mobidb-lite	consensus disorder prediction	37	59	-	T	30-10-2025	-	-	-	-
transcript39364	b18945375ebe9ed72bf0c36193e78427	285	MobiDBLite	mobidb-lite	consensus disorder prediction	245	255	-	T	30-10-2025	-	-	-	-
transcript39364	b18945375ebe9ed72bf0c36193e78427	285	PANTHER	PTHR46267	SINGLE MYB HISTONE 4	20	225	1.7E-12	T	30-10-2025	IPR044597	Single myb histone 1-6	GO:0003691(InterPro)	-
transcript39364	b18945375ebe9ed72bf0c36193e78427	285	PRINTS	PR00624	Histone H5 signature	148	162	4.6E-14	T	30-10-2025	IPR005819	Linker histone H1/H5	GO:0000786(InterPro)|GO:0003677(InterPro)|GO:0006334(InterPro)|GO:0030527(InterPro)	-
transcript39364	b18945375ebe9ed72bf0c36193e78427	285	PRINTS	PR00624	Histone H5 signature	50	71	4.6E-14	T	30-10-2025	IPR005819	Linker histone H1/H5	GO:0000786(InterPro)|GO:0003677(InterPro)|GO:0006334(InterPro)|GO:0030527(InterPro)	-
transcript39364	b18945375ebe9ed72bf0c36193e78427	285	PRINTS	PR00624	Histone H5 signature	77	94	4.6E-14	T	30-10-2025	IPR005819	Linker histone H1/H5	GO:0000786(InterPro)|GO:0003677(InterPro)|GO:0006334(InterPro)|GO:0030527(InterPro)	-
transcript39364	b18945375ebe9ed72bf0c36193e78427	285	PRINTS	PR00624	Histone H5 signature	186	203	4.6E-14	T	30-10-2025	IPR005819	Linker histone H1/H5	GO:0000786(InterPro)|GO:0003677(InterPro)|GO:0006334(InterPro)|GO:0030527(InterPro)	-
transcript39364	b18945375ebe9ed72bf0c36193e78427	285	SMART	SM00526	h15plus2	61	128	1.8E-30	T	30-10-2025	IPR005818	Linker histone H1/H5, domain H15	GO:0000786(InterPro)|GO:0003677(InterPro)|GO:0006334(InterPro)	-
transcript39364	b18945375ebe9ed72bf0c36193e78427	285	SUPERFAMILY	SSF46785	"Winged helix" DNA-binding domain	62	144	5.99E-22	T	30-10-2025	IPR036390	Winged helix DNA-binding domain superfamily	-	-
transcript39363	b18945375ebe9ed72bf0c36193e78427	285	ProSiteProfiles	PS51504	Linker histone H1/H5 globular (H15) domain profile.	63	133	29.476992	T	30-10-2025	IPR005818	Linker histone H1/H5, domain H15	GO:0000786(InterPro)|GO:0003677(InterPro)|GO:0006334(InterPro)	-
transcript39363	b18945375ebe9ed72bf0c36193e78427	285	Gene3D	G3DSA:1.10.10.10	-	58	145	1.3E-22	T	30-10-2025	IPR036388	Winged helix-like DNA-binding domain superfamily	-	-
transcript39363	b18945375ebe9ed72bf0c36193e78427	285	CDD	cd00073	H15	61	131	6.86244E-19	T	30-10-2025	IPR005818	Linker histone H1/H5, domain H15	GO:0000786(InterPro)|GO:0003677(InterPro)|GO:0006334(InterPro)	-
transcript39363	b18945375ebe9ed72bf0c36193e78427	285	Pfam	PF00538	linker histone H1 and H5 family	64	131	9.3E-15	T	30-10-2025	IPR005818	Linker histone H1/H5, domain H15	GO:0000786(InterPro)|GO:0003677(InterPro)|GO:0006334(InterPro)	-
transcript39363	b18945375ebe9ed72bf0c36193e78427	285	MobiDBLite	mobidb-lite	consensus disorder prediction	1	66	-	T	30-10-2025	-	-	-	-
transcript39363	b18945375ebe9ed72bf0c36193e78427	285	MobiDBLite	mobidb-lite	consensus disorder prediction	217	233	-	T	30-10-2025	-	-	-	-
transcript39363	b18945375ebe9ed72bf0c36193e78427	285	MobiDBLite	mobidb-lite	consensus disorder prediction	130	285	-	T	30-10-2025	-	-	-	-
transcript39363	b18945375ebe9ed72bf0c36193e78427	285	MobiDBLite	mobidb-lite	consensus disorder prediction	187	205	-	T	30-10-2025	-	-	-	-
transcript39363	b18945375ebe9ed72bf0c36193e78427	285	MobiDBLite	mobidb-lite	consensus disorder prediction	206	216	-	T	30-10-2025	-	-	-	-
transcript39363	b18945375ebe9ed72bf0c36193e78427	285	MobiDBLite	mobidb-lite	consensus disorder prediction	264	277	-	T	30-10-2025	-	-	-	-
transcript39363	b18945375ebe9ed72bf0c36193e78427	285	MobiDBLite	mobidb-lite	consensus disorder prediction	24	36	-	T	30-10-2025	-	-	-	-
transcript39363	b18945375ebe9ed72bf0c36193e78427	285	MobiDBLite	mobidb-lite	consensus disorder prediction	139	178	-	T	30-10-2025	-	-	-	-
transcript39363	b18945375ebe9ed72bf0c36193e78427	285	MobiDBLite	mobidb-lite	consensus disorder prediction	37	59	-	T	30-10-2025	-	-	-	-
transcript39363	b18945375ebe9ed72bf0c36193e78427	285	MobiDBLite	mobidb-lite	consensus disorder prediction	245	255	-	T	30-10-2025	-	-	-	-
transcript39363	b18945375ebe9ed72bf0c36193e78427	285	PANTHER	PTHR46267	SINGLE MYB HISTONE 4	20	225	1.7E-12	T	30-10-2025	IPR044597	Single myb histone 1-6	GO:0003691(InterPro)	-
transcript39363	b18945375ebe9ed72bf0c36193e78427	285	PRINTS	PR00624	Histone H5 signature	148	162	4.6E-14	T	30-10-2025	IPR005819	Linker histone H1/H5	GO:0000786(InterPro)|GO:0003677(InterPro)|GO:0006334(InterPro)|GO:0030527(InterPro)	-
transcript39363	b18945375ebe9ed72bf0c36193e78427	285	PRINTS	PR00624	Histone H5 signature	50	71	4.6E-14	T	30-10-2025	IPR005819	Linker histone H1/H5	GO:0000786(InterPro)|GO:0003677(InterPro)|GO:0006334(InterPro)|GO:0030527(InterPro)	-
transcript39363	b18945375ebe9ed72bf0c36193e78427	285	PRINTS	PR00624	Histone H5 signature	77	94	4.6E-14	T	30-10-2025	IPR005819	Linker histone H1/H5	GO:0000786(InterPro)|GO:0003677(InterPro)|GO:0006334(InterPro)|GO:0030527(InterPro)	-
transcript39363	b18945375ebe9ed72bf0c36193e78427	285	PRINTS	PR00624	Histone H5 signature	186	203	4.6E-14	T	30-10-2025	IPR005819	Linker histone H1/H5	GO:0000786(InterPro)|GO:0003677(InterPro)|GO:0006334(InterPro)|GO:0030527(InterPro)	-
transcript39363	b18945375ebe9ed72bf0c36193e78427	285	SMART	SM00526	h15plus2	61	128	1.8E-30	T	30-10-2025	IPR005818	Linker histone H1/H5, domain H15	GO:0000786(InterPro)|GO:0003677(InterPro)|GO:0006334(InterPro)	-
transcript39363	b18945375ebe9ed72bf0c36193e78427	285	SUPERFAMILY	SSF46785	"Winged helix" DNA-binding domain	62	144	5.99E-22	T	30-10-2025	IPR036390	Winged helix DNA-binding domain superfamily	-	-
transcript39362	b18945375ebe9ed72bf0c36193e78427	285	ProSiteProfiles	PS51504	Linker histone H1/H5 globular (H15) domain profile.	63	133	29.476992	T	30-10-2025	IPR005818	Linker histone H1/H5, domain H15	GO:0000786(InterPro)|GO:0003677(InterPro)|GO:0006334(InterPro)	-
transcript39362	b18945375ebe9ed72bf0c36193e78427	285	Gene3D	G3DSA:1.10.10.10	-	58	145	1.3E-22	T	30-10-2025	IPR036388	Winged helix-like DNA-binding domain superfamily	-	-
transcript39362	b18945375ebe9ed72bf0c36193e78427	285	CDD	cd00073	H15	61	131	6.86244E-19	T	30-10-2025	IPR005818	Linker histone H1/H5, domain H15	GO:0000786(InterPro)|GO:0003677(InterPro)|GO:0006334(InterPro)	-
transcript39362	b18945375ebe9ed72bf0c36193e78427	285	Pfam	PF00538	linker histone H1 and H5 family	64	131	9.3E-15	T	30-10-2025	IPR005818	Linker histone H1/H5, domain H15	GO:0000786(InterPro)|GO:0003677(InterPro)|GO:0006334(InterPro)	-
transcript39362	b18945375ebe9ed72bf0c36193e78427	285	MobiDBLite	mobidb-lite	consensus disorder prediction	1	66	-	T	30-10-2025	-	-	-	-
transcript39362	b18945375ebe9ed72bf0c36193e78427	285	MobiDBLite	mobidb-lite	consensus disorder prediction	217	233	-	T	30-10-2025	-	-	-	-
transcript39362	b18945375ebe9ed72bf0c36193e78427	285	MobiDBLite	mobidb-lite	consensus disorder prediction	130	285	-	T	30-10-2025	-	-	-	-
transcript39362	b18945375ebe9ed72bf0c36193e78427	285	MobiDBLite	mobidb-lite	consensus disorder prediction	187	205	-	T	30-10-2025	-	-	-	-
transcript39362	b18945375ebe9ed72bf0c36193e78427	285	MobiDBLite	mobidb-lite	consensus disorder prediction	206	216	-	T	30-10-2025	-	-	-	-
transcript39362	b18945375ebe9ed72bf0c36193e78427	285	MobiDBLite	mobidb-lite	consensus disorder prediction	264	277	-	T	30-10-2025	-	-	-	-
transcript39362	b18945375ebe9ed72bf0c36193e78427	285	MobiDBLite	mobidb-lite	consensus disorder prediction	24	36	-	T	30-10-2025	-	-	-	-
transcript39362	b18945375ebe9ed72bf0c36193e78427	285	MobiDBLite	mobidb-lite	consensus disorder prediction	139	178	-	T	30-10-2025	-	-	-	-
transcript39362	b18945375ebe9ed72bf0c36193e78427	285	MobiDBLite	mobidb-lite	consensus disorder prediction	37	59	-	T	30-10-2025	-	-	-	-
transcript39362	b18945375ebe9ed72bf0c36193e78427	285	MobiDBLite	mobidb-lite	consensus disorder prediction	245	255	-	T	30-10-2025	-	-	-	-
transcript39362	b18945375ebe9ed72bf0c36193e78427	285	PANTHER	PTHR46267	SINGLE MYB HISTONE 4	20	225	1.7E-12	T	30-10-2025	IPR044597	Single myb histone 1-6	GO:0003691(InterPro)	-
transcript39362	b18945375ebe9ed72bf0c36193e78427	285	PRINTS	PR00624	Histone H5 signature	148	162	4.6E-14	T	30-10-2025	IPR005819	Linker histone H1/H5	GO:0000786(InterPro)|GO:0003677(InterPro)|GO:0006334(InterPro)|GO:0030527(InterPro)	-
transcript39362	b18945375ebe9ed72bf0c36193e78427	285	PRINTS	PR00624	Histone H5 signature	50	71	4.6E-14	T	30-10-2025	IPR005819	Linker histone H1/H5	GO:0000786(InterPro)|GO:0003677(InterPro)|GO:0006334(InterPro)|GO:0030527(InterPro)	-
transcript39362	b18945375ebe9ed72bf0c36193e78427	285	PRINTS	PR00624	Histone H5 signature	77	94	4.6E-14	T	30-10-2025	IPR005819	Linker histone H1/H5	GO:0000786(InterPro)|GO:0003677(InterPro)|GO:0006334(InterPro)|GO:0030527(InterPro)	-
transcript39362	b18945375ebe9ed72bf0c36193e78427	285	PRINTS	PR00624	Histone H5 signature	186	203	4.6E-14	T	30-10-2025	IPR005819	Linker histone H1/H5	GO:0000786(InterPro)|GO:0003677(InterPro)|GO:0006334(InterPro)|GO:0030527(InterPro)	-
transcript39362	b18945375ebe9ed72bf0c36193e78427	285	SMART	SM00526	h15plus2	61	128	1.8E-30	T	30-10-2025	IPR005818	Linker histone H1/H5, domain H15	GO:0000786(InterPro)|GO:0003677(InterPro)|GO:0006334(InterPro)	-
transcript39362	b18945375ebe9ed72bf0c36193e78427	285	SUPERFAMILY	SSF46785	"Winged helix" DNA-binding domain	62	144	5.99E-22	T	30-10-2025	IPR036390	Winged helix DNA-binding domain superfamily	-	-
transcript55401	ed592c76e37905a351ed896d71efc747	122	PANTHER	PTHR31568	RCG49325, ISOFORM CRA_A	46	122	2.2E-18	T	30-10-2025	IPR044850	Cysteine-rich and transmembrane domain-containing protein WIH1-like	GO:0005886(PANTHER)|GO:0005886(InterPro)	-
transcript55401	ed592c76e37905a351ed896d71efc747	122	MobiDBLite	mobidb-lite	consensus disorder prediction	67	96	-	T	30-10-2025	-	-	-	-
transcript7233	d866e713c4b7a62bf8beca42cc599b89	296	Gene3D	G3DSA:1.10.10.10	-	19	90	2.2E-5	T	30-10-2025	IPR036388	Winged helix-like DNA-binding domain superfamily	-	-
transcript7233	d866e713c4b7a62bf8beca42cc599b89	296	PANTHER	PTHR11467	HISTONE H1	16	278	1.6E-28	T	30-10-2025	-	-	GO:0003690(PANTHER)|GO:0005634(PANTHER)|GO:0005730(PANTHER)|GO:0030261(PANTHER)|GO:0031492(PANTHER)|GO:0045910(PANTHER)	-
transcript7233	d866e713c4b7a62bf8beca42cc599b89	296	SMART	SM00526	h15plus2	20	83	6.9E-6	T	30-10-2025	IPR005818	Linker histone H1/H5, domain H15	GO:0000786(InterPro)|GO:0003677(InterPro)|GO:0006334(InterPro)	-
transcript7233	d866e713c4b7a62bf8beca42cc599b89	296	ProSitePatterns	PS00354	HMG-I and HMG-Y DNA-binding domain (A+T-hook).	263	274	-	T	30-10-2025	IPR000637	HMG-I/HMG-Y, DNA-binding, conserved site	GO:0006355(InterPro)	-
transcript7233	d866e713c4b7a62bf8beca42cc599b89	296	MobiDBLite	mobidb-lite	consensus disorder prediction	282	296	-	T	30-10-2025	-	-	-	-
transcript7233	d866e713c4b7a62bf8beca42cc599b89	296	MobiDBLite	mobidb-lite	consensus disorder prediction	123	296	-	T	30-10-2025	-	-	-	-
transcript7233	d866e713c4b7a62bf8beca42cc599b89	296	SMART	SM00384	AT_hook_2	228	240	2.1	T	30-10-2025	IPR017956	AT hook, DNA-binding motif	GO:0003677(InterPro)	-
transcript7233	d866e713c4b7a62bf8beca42cc599b89	296	SMART	SM00384	AT_hook_2	196	208	2.1	T	30-10-2025	IPR017956	AT hook, DNA-binding motif	GO:0003677(InterPro)	-
transcript7233	d866e713c4b7a62bf8beca42cc599b89	296	SMART	SM00384	AT_hook_2	163	175	2.1	T	30-10-2025	IPR017956	AT hook, DNA-binding motif	GO:0003677(InterPro)	-
transcript7233	d866e713c4b7a62bf8beca42cc599b89	296	SMART	SM00384	AT_hook_2	266	278	0.95	T	30-10-2025	IPR017956	AT hook, DNA-binding motif	GO:0003677(InterPro)	-
transcript7233	d866e713c4b7a62bf8beca42cc599b89	296	SUPERFAMILY	SSF46785	"Winged helix" DNA-binding domain	19	84	7.62E-6	T	30-10-2025	IPR036390	Winged helix DNA-binding domain superfamily	-	-
transcript7233	d866e713c4b7a62bf8beca42cc599b89	296	PRINTS	PR00929	AT-hook-like domain signature	194	205	6.6E-12	T	30-10-2025	IPR017956	AT hook, DNA-binding motif	GO:0003677(InterPro)	-
transcript7233	d866e713c4b7a62bf8beca42cc599b89	296	PRINTS	PR00929	AT-hook-like domain signature	264	274	6.6E-12	T	30-10-2025	IPR017956	AT hook, DNA-binding motif	GO:0003677(InterPro)	-
transcript7233	d866e713c4b7a62bf8beca42cc599b89	296	PRINTS	PR00929	AT-hook-like domain signature	163	173	6.6E-12	T	30-10-2025	IPR017956	AT hook, DNA-binding motif	GO:0003677(InterPro)	-
transcript26977	8c6b762c8f9243b45d09b2dfb01307e7	228	MobiDBLite	mobidb-lite	consensus disorder prediction	9	25	-	T	30-10-2025	-	-	-	-
transcript26977	8c6b762c8f9243b45d09b2dfb01307e7	228	MobiDBLite	mobidb-lite	consensus disorder prediction	1	25	-	T	30-10-2025	-	-	-	-
transcript26977	8c6b762c8f9243b45d09b2dfb01307e7	228	MobiDBLite	mobidb-lite	consensus disorder prediction	64	86	-	T	30-10-2025	-	-	-	-
transcript26977	8c6b762c8f9243b45d09b2dfb01307e7	228	MobiDBLite	mobidb-lite	consensus disorder prediction	65	79	-	T	30-10-2025	-	-	-	-
transcript52318	a25755335ba31ce1fac5cfb4ca1b66d2	70	MobiDBLite	mobidb-lite	consensus disorder prediction	1	70	-	T	30-10-2025	-	-	-	-
transcript33999	138633a11b89a965b8344940679a10eb	130	MobiDBLite	mobidb-lite	consensus disorder prediction	61	75	-	T	30-10-2025	-	-	-	-
transcript33999	138633a11b89a965b8344940679a10eb	130	MobiDBLite	mobidb-lite	consensus disorder prediction	27	106	-	T	30-10-2025	-	-	-	-
transcript1647	69f5486fb213e8bdfbc4900a414e5680	91	MobiDBLite	mobidb-lite	consensus disorder prediction	1	52	-	T	30-10-2025	-	-	-	-
transcript55392	56eee7da346778155fe34394e9ef6d09	80	MobiDBLite	mobidb-lite	consensus disorder prediction	1	54	-	T	30-10-2025	-	-	-	-
transcript55392	56eee7da346778155fe34394e9ef6d09	80	MobiDBLite	mobidb-lite	consensus disorder prediction	7	20	-	T	30-10-2025	-	-	-	-
transcript55392	56eee7da346778155fe34394e9ef6d09	80	PANTHER	PTHR31568	RCG49325, ISOFORM CRA_A	1	80	3.5E-18	T	30-10-2025	IPR044850	Cysteine-rich and transmembrane domain-containing protein WIH1-like	GO:0005886(PANTHER)|GO:0005886(InterPro)	-
transcript3015	605e4a392850e80ff0e1de77b096a712	67	MobiDBLite	mobidb-lite	consensus disorder prediction	1	37	-	T	30-10-2025	-	-	-	-
transcript3015	605e4a392850e80ff0e1de77b096a712	67	MobiDBLite	mobidb-lite	consensus disorder prediction	14	30	-	T	30-10-2025	-	-	-	-
transcript33996	de8ff752fb21ea55b51cb4ce66d14005	121	MobiDBLite	mobidb-lite	consensus disorder prediction	27	121	-	T	30-10-2025	-	-	-	-
transcript33996	de8ff752fb21ea55b51cb4ce66d14005	121	MobiDBLite	mobidb-lite	consensus disorder prediction	61	75	-	T	30-10-2025	-	-	-	-
transcript45712	f504e2ac6715ada40addd7e71ac950ec	128	MobiDBLite	mobidb-lite	consensus disorder prediction	1	21	-	T	30-10-2025	-	-	-	-
transcript45712	f504e2ac6715ada40addd7e71ac950ec	128	MobiDBLite	mobidb-lite	consensus disorder prediction	69	78	-	T	30-10-2025	-	-	-	-
transcript45712	f504e2ac6715ada40addd7e71ac950ec	128	MobiDBLite	mobidb-lite	consensus disorder prediction	45	102	-	T	30-10-2025	-	-	-	-
transcript45715	f504e2ac6715ada40addd7e71ac950ec	128	MobiDBLite	mobidb-lite	consensus disorder prediction	1	21	-	T	30-10-2025	-	-	-	-
transcript45715	f504e2ac6715ada40addd7e71ac950ec	128	MobiDBLite	mobidb-lite	consensus disorder prediction	69	78	-	T	30-10-2025	-	-	-	-
transcript45715	f504e2ac6715ada40addd7e71ac950ec	128	MobiDBLite	mobidb-lite	consensus disorder prediction	45	102	-	T	30-10-2025	-	-	-	-
transcript22734	c25c43d6fc9d790051dca8bc03e4a6e3	503	PANTHER	PTHR47165	OS03G0429900 PROTEIN	20	337	1.6E-32	T	30-10-2025	-	-	-	-
transcript22734	c25c43d6fc9d790051dca8bc03e4a6e3	503	SUPERFAMILY	SSF50249	Nucleic acid-binding proteins	21	119	1.09E-12	T	30-10-2025	IPR012340	Nucleic acid-binding, OB-fold	-	-
transcript22734	c25c43d6fc9d790051dca8bc03e4a6e3	503	Gene3D	G3DSA:2.40.50.140	-	131	312	2.1E-37	T	30-10-2025	IPR012340	Nucleic acid-binding, OB-fold	-	-
transcript22734	c25c43d6fc9d790051dca8bc03e4a6e3	503	CDD	cd04481	RPA1_DBD_B_like	23	118	1.84801E-10	T	30-10-2025	-	-	-	-
transcript22734	c25c43d6fc9d790051dca8bc03e4a6e3	503	Gene3D	G3DSA:2.40.50.140	-	10	121	2.6E-18	T	30-10-2025	IPR012340	Nucleic acid-binding, OB-fold	-	-
transcript22734	c25c43d6fc9d790051dca8bc03e4a6e3	503	MobiDBLite	mobidb-lite	consensus disorder prediction	411	430	-	T	30-10-2025	-	-	-	-
transcript22734	c25c43d6fc9d790051dca8bc03e4a6e3	503	MobiDBLite	mobidb-lite	consensus disorder prediction	451	491	-	T	30-10-2025	-	-	-	-
transcript22734	c25c43d6fc9d790051dca8bc03e4a6e3	503	MobiDBLite	mobidb-lite	consensus disorder prediction	349	376	-	T	30-10-2025	-	-	-	-
transcript22734	c25c43d6fc9d790051dca8bc03e4a6e3	503	MobiDBLite	mobidb-lite	consensus disorder prediction	325	336	-	T	30-10-2025	-	-	-	-
transcript22734	c25c43d6fc9d790051dca8bc03e4a6e3	503	MobiDBLite	mobidb-lite	consensus disorder prediction	322	503	-	T	30-10-2025	-	-	-	-
transcript22734	c25c43d6fc9d790051dca8bc03e4a6e3	503	SUPERFAMILY	SSF50249	Nucleic acid-binding proteins	143	306	1.56E-27	T	30-10-2025	IPR012340	Nucleic acid-binding, OB-fold	-	-
transcript22734	c25c43d6fc9d790051dca8bc03e4a6e3	503	Pfam	PF08646	Replication factor-A C terminal domain	165	302	2.1E-13	T	30-10-2025	IPR013955	Replication factor A, C-terminal	-	-
transcript22734	c25c43d6fc9d790051dca8bc03e4a6e3	503	CDD	cd04476	RPA1_DBD_C	149	295	3.79322E-29	T	30-10-2025	IPR047192	Replication factor A, C-terminal, eukaryotes	-	-
transcript29737	dbc81537da832bad424e8a3530f23abd	132	ProSiteProfiles	PS50088	Ankyrin repeat profile.	36	68	10.33894	T	30-10-2025	IPR002110	Ankyrin repeat	GO:0005515(InterPro)	-
transcript29737	dbc81537da832bad424e8a3530f23abd	132	ProSiteProfiles	PS50297	Ankyrin repeat region circular profile.	36	63	9.622166	T	30-10-2025	-	-	-	-
transcript29737	dbc81537da832bad424e8a3530f23abd	132	Gene3D	G3DSA:1.25.40.20	-	1	96	1.3E-13	T	30-10-2025	IPR036770	Ankyrin repeat-containing domain superfamily	-	-
transcript29737	dbc81537da832bad424e8a3530f23abd	132	PANTHER	PTHR46224	ANKYRIN REPEAT FAMILY PROTEIN	2	85	6.3E-17	T	30-10-2025	IPR051616	Cul2-RING E3 ligase substrate-recognition	-	-
transcript29737	dbc81537da832bad424e8a3530f23abd	132	Pfam	PF12796	Ankyrin repeats (3 copies)	2	64	3.4E-4	T	30-10-2025	IPR002110	Ankyrin repeat	GO:0005515(InterPro)	-
transcript29737	dbc81537da832bad424e8a3530f23abd	132	SUPERFAMILY	SSF48403	Ankyrin repeat	3	85	1.7E-12	T	30-10-2025	IPR036770	Ankyrin repeat-containing domain superfamily	-	-
transcript15948	cd5e3bd9436f921d33bdbd77ec9516d5	67	MobiDBLite	mobidb-lite	consensus disorder prediction	1	67	-	T	30-10-2025	-	-	-	-
transcript15948	cd5e3bd9436f921d33bdbd77ec9516d5	67	MobiDBLite	mobidb-lite	consensus disorder prediction	46	67	-	T	30-10-2025	-	-	-	-
transcript27865	c16b18cffa6a5c97c6445defb206c292	188	MobiDBLite	mobidb-lite	consensus disorder prediction	169	188	-	T	30-10-2025	-	-	-	-
transcript27865	c16b18cffa6a5c97c6445defb206c292	188	MobiDBLite	mobidb-lite	consensus disorder prediction	1	24	-	T	30-10-2025	-	-	-	-
transcript15569	d32825268843e5183445ea2edd4a52f2	175	MobiDBLite	mobidb-lite	consensus disorder prediction	52	81	-	T	30-10-2025	-	-	-	-
transcript15569	d32825268843e5183445ea2edd4a52f2	175	MobiDBLite	mobidb-lite	consensus disorder prediction	82	95	-	T	30-10-2025	-	-	-	-
transcript15569	d32825268843e5183445ea2edd4a52f2	175	MobiDBLite	mobidb-lite	consensus disorder prediction	37	46	-	T	30-10-2025	-	-	-	-
transcript15569	d32825268843e5183445ea2edd4a52f2	175	MobiDBLite	mobidb-lite	consensus disorder prediction	1	175	-	T	30-10-2025	-	-	-	-
transcript15569	d32825268843e5183445ea2edd4a52f2	175	MobiDBLite	mobidb-lite	consensus disorder prediction	7	22	-	T	30-10-2025	-	-	-	-
transcript15569	d32825268843e5183445ea2edd4a52f2	175	MobiDBLite	mobidb-lite	consensus disorder prediction	96	166	-	T	30-10-2025	-	-	-	-
transcript27934	b926998ba333726b8cf6486dd239536f	64	MobiDBLite	mobidb-lite	consensus disorder prediction	40	64	-	T	30-10-2025	-	-	-	-
transcript27934	b926998ba333726b8cf6486dd239536f	64	MobiDBLite	mobidb-lite	consensus disorder prediction	18	64	-	T	30-10-2025	-	-	-	-
transcript27934	b926998ba333726b8cf6486dd239536f	64	MobiDBLite	mobidb-lite	consensus disorder prediction	23	34	-	T	30-10-2025	-	-	-	-
transcript52632	4d4030b72bc3ecc1ebbfc02edd978ab7	65	MobiDBLite	mobidb-lite	consensus disorder prediction	1	65	-	T	30-10-2025	-	-	-	-
transcript14192	38abd08e06c5cc839a7a780caed50661	71	PANTHER	PTHR31568	RCG49325, ISOFORM CRA_A	1	71	2.3E-15	T	30-10-2025	IPR044850	Cysteine-rich and transmembrane domain-containing protein WIH1-like	GO:0005886(PANTHER)|GO:0005886(InterPro)	-
transcript14192	38abd08e06c5cc839a7a780caed50661	71	MobiDBLite	mobidb-lite	consensus disorder prediction	1	50	-	T	30-10-2025	-	-	-	-
transcript14192	38abd08e06c5cc839a7a780caed50661	71	MobiDBLite	mobidb-lite	consensus disorder prediction	31	40	-	T	30-10-2025	-	-	-	-
transcript14192	38abd08e06c5cc839a7a780caed50661	71	MobiDBLite	mobidb-lite	consensus disorder prediction	1	30	-	T	30-10-2025	-	-	-	-
transcript14192	38abd08e06c5cc839a7a780caed50661	71	Pfam	PF12734	Cysteine-rich TM module stress tolerance	35	71	1.8E-9	T	30-10-2025	IPR028144	Cysteine-rich transmembrane domain	-	-
transcript14191	38abd08e06c5cc839a7a780caed50661	71	PANTHER	PTHR31568	RCG49325, ISOFORM CRA_A	1	71	2.3E-15	T	30-10-2025	IPR044850	Cysteine-rich and transmembrane domain-containing protein WIH1-like	GO:0005886(PANTHER)|GO:0005886(InterPro)	-
transcript14191	38abd08e06c5cc839a7a780caed50661	71	MobiDBLite	mobidb-lite	consensus disorder prediction	1	50	-	T	30-10-2025	-	-	-	-
transcript14191	38abd08e06c5cc839a7a780caed50661	71	MobiDBLite	mobidb-lite	consensus disorder prediction	31	40	-	T	30-10-2025	-	-	-	-
transcript14191	38abd08e06c5cc839a7a780caed50661	71	MobiDBLite	mobidb-lite	consensus disorder prediction	1	30	-	T	30-10-2025	-	-	-	-
transcript14191	38abd08e06c5cc839a7a780caed50661	71	Pfam	PF12734	Cysteine-rich TM module stress tolerance	35	71	1.8E-9	T	30-10-2025	IPR028144	Cysteine-rich transmembrane domain	-	-
transcript14193	38abd08e06c5cc839a7a780caed50661	71	PANTHER	PTHR31568	RCG49325, ISOFORM CRA_A	1	71	2.3E-15	T	30-10-2025	IPR044850	Cysteine-rich and transmembrane domain-containing protein WIH1-like	GO:0005886(PANTHER)|GO:0005886(InterPro)	-
transcript14193	38abd08e06c5cc839a7a780caed50661	71	MobiDBLite	mobidb-lite	consensus disorder prediction	1	50	-	T	30-10-2025	-	-	-	-
transcript14193	38abd08e06c5cc839a7a780caed50661	71	MobiDBLite	mobidb-lite	consensus disorder prediction	31	40	-	T	30-10-2025	-	-	-	-
transcript14193	38abd08e06c5cc839a7a780caed50661	71	MobiDBLite	mobidb-lite	consensus disorder prediction	1	30	-	T	30-10-2025	-	-	-	-
transcript14193	38abd08e06c5cc839a7a780caed50661	71	Pfam	PF12734	Cysteine-rich TM module stress tolerance	35	71	1.8E-9	T	30-10-2025	IPR028144	Cysteine-rich transmembrane domain	-	-
transcript52754	39bc49d6067bdab23e87fbb6af6e78bf	146	MobiDBLite	mobidb-lite	consensus disorder prediction	64	77	-	T	30-10-2025	-	-	-	-
transcript52754	39bc49d6067bdab23e87fbb6af6e78bf	146	MobiDBLite	mobidb-lite	consensus disorder prediction	21	44	-	T	30-10-2025	-	-	-	-
transcript52754	39bc49d6067bdab23e87fbb6af6e78bf	146	MobiDBLite	mobidb-lite	consensus disorder prediction	21	79	-	T	30-10-2025	-	-	-	-
transcript43388	34ada544b235f8c7a80a4bc06f7103e5	164	MobiDBLite	mobidb-lite	consensus disorder prediction	57	90	-	T	30-10-2025	-	-	-	-
transcript43388	34ada544b235f8c7a80a4bc06f7103e5	164	MobiDBLite	mobidb-lite	consensus disorder prediction	1	90	-	T	30-10-2025	-	-	-	-
transcript43388	34ada544b235f8c7a80a4bc06f7103e5	164	MobiDBLite	mobidb-lite	consensus disorder prediction	31	41	-	T	30-10-2025	-	-	-	-
transcript43388	34ada544b235f8c7a80a4bc06f7103e5	164	PANTHER	PTHR34117	STYLE CELL-CYCLE INHIBITOR 1	1	163	2.7E-58	T	30-10-2025	IPR044688	Style cell-cycle inhibitor 1-like	-	-
transcript37161	f7e947515b5c9fd10065f57e5e89b273	88	MobiDBLite	mobidb-lite	consensus disorder prediction	1	88	-	T	30-10-2025	-	-	-	-
transcript37161	f7e947515b5c9fd10065f57e5e89b273	88	MobiDBLite	mobidb-lite	consensus disorder prediction	1	10	-	T	30-10-2025	-	-	-	-
transcript37161	f7e947515b5c9fd10065f57e5e89b273	88	MobiDBLite	mobidb-lite	consensus disorder prediction	44	66	-	T	30-10-2025	-	-	-	-
transcript37161	f7e947515b5c9fd10065f57e5e89b273	88	MobiDBLite	mobidb-lite	consensus disorder prediction	23	38	-	T	30-10-2025	-	-	-	-
transcript53811	e07c9c001b7ff5c0cea9f2e1d5b6a1a3	118	MobiDBLite	mobidb-lite	consensus disorder prediction	42	51	-	T	30-10-2025	-	-	-	-
transcript53811	e07c9c001b7ff5c0cea9f2e1d5b6a1a3	118	MobiDBLite	mobidb-lite	consensus disorder prediction	1	118	-	T	30-10-2025	-	-	-	-
transcript53811	e07c9c001b7ff5c0cea9f2e1d5b6a1a3	118	MobiDBLite	mobidb-lite	consensus disorder prediction	106	118	-	T	30-10-2025	-	-	-	-
transcript53811	e07c9c001b7ff5c0cea9f2e1d5b6a1a3	118	MobiDBLite	mobidb-lite	consensus disorder prediction	72	104	-	T	30-10-2025	-	-	-	-
transcript53811	e07c9c001b7ff5c0cea9f2e1d5b6a1a3	118	MobiDBLite	mobidb-lite	consensus disorder prediction	1	10	-	T	30-10-2025	-	-	-	-
transcript53811	e07c9c001b7ff5c0cea9f2e1d5b6a1a3	118	MobiDBLite	mobidb-lite	consensus disorder prediction	29	41	-	T	30-10-2025	-	-	-	-
transcript53811	e07c9c001b7ff5c0cea9f2e1d5b6a1a3	118	MobiDBLite	mobidb-lite	consensus disorder prediction	11	25	-	T	30-10-2025	-	-	-	-
transcript20446	17ebc82082c611e13e5ecf82237be76c	92	MobiDBLite	mobidb-lite	consensus disorder prediction	1	21	-	T	30-10-2025	-	-	-	-
transcript51058	bfd566eb7db4d62f9e6d98a7cb03549e	150	MobiDBLite	mobidb-lite	consensus disorder prediction	82	91	-	T	30-10-2025	-	-	-	-
transcript51058	bfd566eb7db4d62f9e6d98a7cb03549e	150	MobiDBLite	mobidb-lite	consensus disorder prediction	94	105	-	T	30-10-2025	-	-	-	-
transcript51058	bfd566eb7db4d62f9e6d98a7cb03549e	150	MobiDBLite	mobidb-lite	consensus disorder prediction	38	150	-	T	30-10-2025	-	-	-	-
transcript51058	bfd566eb7db4d62f9e6d98a7cb03549e	150	MobiDBLite	mobidb-lite	consensus disorder prediction	119	129	-	T	30-10-2025	-	-	-	-
transcript37418	7cb53ce0fe1380554fc13b44a458d5a2	124	MobiDBLite	mobidb-lite	consensus disorder prediction	26	39	-	T	30-10-2025	-	-	-	-
transcript37418	7cb53ce0fe1380554fc13b44a458d5a2	124	MobiDBLite	mobidb-lite	consensus disorder prediction	10	25	-	T	30-10-2025	-	-	-	-
transcript37418	7cb53ce0fe1380554fc13b44a458d5a2	124	MobiDBLite	mobidb-lite	consensus disorder prediction	1	91	-	T	30-10-2025	-	-	-	-
transcript37418	7cb53ce0fe1380554fc13b44a458d5a2	124	MobiDBLite	mobidb-lite	consensus disorder prediction	72	91	-	T	30-10-2025	-	-	-	-
transcript37418	7cb53ce0fe1380554fc13b44a458d5a2	124	MobiDBLite	mobidb-lite	consensus disorder prediction	57	71	-	T	30-10-2025	-	-	-	-
transcript27676	262130a9320d1afecfd306c9c128494c	87	Gene3D	G3DSA:3.40.970.10	-	2	53	3.1E-14	T	30-10-2025	IPR037056	Ribonuclease H1, N-terminal domain superfamily	-	-
transcript27676	262130a9320d1afecfd306c9c128494c	87	Pfam	PF01693	Ribonuclease H1 N-terminal domain	4	46	4.8E-10	T	30-10-2025	IPR011320	Ribonuclease H1, N-terminal	-	-
transcript27676	262130a9320d1afecfd306c9c128494c	87	SUPERFAMILY	SSF55658	L9 N-domain-like	2	46	3.19E-10	T	30-10-2025	IPR009027	Large ribosomal subunit protein bL9/RNase H1, N-terminal	-	-
transcript40330	964cae4f84e56186848b7aed5a95ef2a	141	MobiDBLite	mobidb-lite	consensus disorder prediction	41	76	-	T	30-10-2025	-	-	-	-
transcript40330	964cae4f84e56186848b7aed5a95ef2a	141	MobiDBLite	mobidb-lite	consensus disorder prediction	56	76	-	T	30-10-2025	-	-	-	-
transcript40330	964cae4f84e56186848b7aed5a95ef2a	141	MobiDBLite	mobidb-lite	consensus disorder prediction	41	55	-	T	30-10-2025	-	-	-	-
transcript40330	964cae4f84e56186848b7aed5a95ef2a	141	Pfam	PF21300	Grass antifreeze beta roll	52	141	2.8E-20	T	30-10-2025	IPR048518	Ice-binding protein, beta roll	-	-
transcript40330	964cae4f84e56186848b7aed5a95ef2a	141	SUPERFAMILY	SSF101967	Adhesin YadA, collagen-binding domain	52	137	9.68E-8	T	30-10-2025	IPR011049	Serralysin-like metalloprotease, C-terminal	-	-
transcript40330	964cae4f84e56186848b7aed5a95ef2a	141	Gene3D	G3DSA:2.150.10.10	-	46	141	1.3E-21	T	30-10-2025	IPR011049	Serralysin-like metalloprotease, C-terminal	-	-
transcript54435	dfb377e52dd34c9163e6b395c77cd6d2	266	PANTHER	PTHR13491	ZCCHC10 PROTEIN	25	258	5.8E-36	T	30-10-2025	IPR039715	Zinc finger CCHC domain-containing protein 10	-	-
transcript54435	dfb377e52dd34c9163e6b395c77cd6d2	266	SUPERFAMILY	SSF57756	Retrovirus zinc finger-like domains	79	107	2.3E-5	T	30-10-2025	IPR036875	Zinc finger, CCHC-type superfamily	GO:0003676(InterPro)|GO:0008270(InterPro)	-
transcript54435	dfb377e52dd34c9163e6b395c77cd6d2	266	Coils	Coil	Coil	141	169	-	T	30-10-2025	-	-	-	-
transcript54435	dfb377e52dd34c9163e6b395c77cd6d2	266	Pfam	PF13917	Zinc knuckle	86	123	4.2E-18	T	30-10-2025	-	-	-	-
transcript54435	dfb377e52dd34c9163e6b395c77cd6d2	266	MobiDBLite	mobidb-lite	consensus disorder prediction	45	61	-	T	30-10-2025	-	-	-	-
transcript54435	dfb377e52dd34c9163e6b395c77cd6d2	266	MobiDBLite	mobidb-lite	consensus disorder prediction	18	61	-	T	30-10-2025	-	-	-	-
transcript54435	dfb377e52dd34c9163e6b395c77cd6d2	266	MobiDBLite	mobidb-lite	consensus disorder prediction	107	125	-	T	30-10-2025	-	-	-	-
transcript54435	dfb377e52dd34c9163e6b395c77cd6d2	266	MobiDBLite	mobidb-lite	consensus disorder prediction	214	229	-	T	30-10-2025	-	-	-	-
transcript54435	dfb377e52dd34c9163e6b395c77cd6d2	266	MobiDBLite	mobidb-lite	consensus disorder prediction	140	159	-	T	30-10-2025	-	-	-	-
transcript54435	dfb377e52dd34c9163e6b395c77cd6d2	266	MobiDBLite	mobidb-lite	consensus disorder prediction	160	178	-	T	30-10-2025	-	-	-	-
transcript54435	dfb377e52dd34c9163e6b395c77cd6d2	266	MobiDBLite	mobidb-lite	consensus disorder prediction	253	266	-	T	30-10-2025	-	-	-	-
transcript54435	dfb377e52dd34c9163e6b395c77cd6d2	266	MobiDBLite	mobidb-lite	consensus disorder prediction	188	208	-	T	30-10-2025	-	-	-	-
transcript54435	dfb377e52dd34c9163e6b395c77cd6d2	266	MobiDBLite	mobidb-lite	consensus disorder prediction	107	266	-	T	30-10-2025	-	-	-	-
transcript54435	dfb377e52dd34c9163e6b395c77cd6d2	266	Coils	Coil	Coil	26	46	-	T	30-10-2025	-	-	-	-
transcript54436	dfb377e52dd34c9163e6b395c77cd6d2	266	PANTHER	PTHR13491	ZCCHC10 PROTEIN	25	258	5.8E-36	T	30-10-2025	IPR039715	Zinc finger CCHC domain-containing protein 10	-	-
transcript54436	dfb377e52dd34c9163e6b395c77cd6d2	266	SUPERFAMILY	SSF57756	Retrovirus zinc finger-like domains	79	107	2.3E-5	T	30-10-2025	IPR036875	Zinc finger, CCHC-type superfamily	GO:0003676(InterPro)|GO:0008270(InterPro)	-
transcript54436	dfb377e52dd34c9163e6b395c77cd6d2	266	Coils	Coil	Coil	141	169	-	T	30-10-2025	-	-	-	-
transcript54436	dfb377e52dd34c9163e6b395c77cd6d2	266	Pfam	PF13917	Zinc knuckle	86	123	4.2E-18	T	30-10-2025	-	-	-	-
transcript54436	dfb377e52dd34c9163e6b395c77cd6d2	266	MobiDBLite	mobidb-lite	consensus disorder prediction	45	61	-	T	30-10-2025	-	-	-	-
transcript54436	dfb377e52dd34c9163e6b395c77cd6d2	266	MobiDBLite	mobidb-lite	consensus disorder prediction	18	61	-	T	30-10-2025	-	-	-	-
transcript54436	dfb377e52dd34c9163e6b395c77cd6d2	266	MobiDBLite	mobidb-lite	consensus disorder prediction	107	125	-	T	30-10-2025	-	-	-	-
transcript54436	dfb377e52dd34c9163e6b395c77cd6d2	266	MobiDBLite	mobidb-lite	consensus disorder prediction	214	229	-	T	30-10-2025	-	-	-	-
transcript54436	dfb377e52dd34c9163e6b395c77cd6d2	266	MobiDBLite	mobidb-lite	consensus disorder prediction	140	159	-	T	30-10-2025	-	-	-	-
transcript54436	dfb377e52dd34c9163e6b395c77cd6d2	266	MobiDBLite	mobidb-lite	consensus disorder prediction	160	178	-	T	30-10-2025	-	-	-	-
transcript54436	dfb377e52dd34c9163e6b395c77cd6d2	266	MobiDBLite	mobidb-lite	consensus disorder prediction	253	266	-	T	30-10-2025	-	-	-	-
transcript54436	dfb377e52dd34c9163e6b395c77cd6d2	266	MobiDBLite	mobidb-lite	consensus disorder prediction	188	208	-	T	30-10-2025	-	-	-	-
transcript54436	dfb377e52dd34c9163e6b395c77cd6d2	266	MobiDBLite	mobidb-lite	consensus disorder prediction	107	266	-	T	30-10-2025	-	-	-	-
transcript54436	dfb377e52dd34c9163e6b395c77cd6d2	266	Coils	Coil	Coil	26	46	-	T	30-10-2025	-	-	-	-
transcript3343	1c641b0b1e74935351e2d007e9be4022	86	MobiDBLite	mobidb-lite	consensus disorder prediction	1	86	-	T	30-10-2025	-	-	-	-
transcript3343	1c641b0b1e74935351e2d007e9be4022	86	MobiDBLite	mobidb-lite	consensus disorder prediction	15	25	-	T	30-10-2025	-	-	-	-
transcript3343	1c641b0b1e74935351e2d007e9be4022	86	MobiDBLite	mobidb-lite	consensus disorder prediction	1	13	-	T	30-10-2025	-	-	-	-
transcript20447	fc40b9cc13325148fedff512cc0c2cad	96	MobiDBLite	mobidb-lite	consensus disorder prediction	1	25	-	T	30-10-2025	-	-	-	-
transcript44126	5aded18a6800910cba25f1f891d4fd27	319	SMART	SM00575	26again6	245	272	0.0015	T	30-10-2025	IPR006564	Zinc finger, PMZ-type	GO:0008270(InterPro)	-
transcript44126	5aded18a6800910cba25f1f891d4fd27	319	ProSiteProfiles	PS50966	Zinc finger SWIM-type profile.	234	270	9.791913	T	30-10-2025	IPR007527	Zinc finger, SWIM-type	GO:0008270(InterPro)	-
transcript44126	5aded18a6800910cba25f1f891d4fd27	319	PANTHER	PTHR31669	PROTEIN FAR1-RELATED SEQUENCE 10-RELATED	16	295	7.3E-70	T	30-10-2025	IPR031052	FHY3/FAR1 family	GO:0006355(InterPro)	-
transcript19509	792fda76fdc87ccc25c683397c72356c	85	MobiDBLite	mobidb-lite	consensus disorder prediction	74	85	-	T	30-10-2025	-	-	-	-
transcript19509	792fda76fdc87ccc25c683397c72356c	85	MobiDBLite	mobidb-lite	consensus disorder prediction	47	66	-	T	30-10-2025	-	-	-	-
transcript19509	792fda76fdc87ccc25c683397c72356c	85	MobiDBLite	mobidb-lite	consensus disorder prediction	1	85	-	T	30-10-2025	-	-	-	-
transcript19510	792fda76fdc87ccc25c683397c72356c	85	MobiDBLite	mobidb-lite	consensus disorder prediction	74	85	-	T	30-10-2025	-	-	-	-
transcript19510	792fda76fdc87ccc25c683397c72356c	85	MobiDBLite	mobidb-lite	consensus disorder prediction	47	66	-	T	30-10-2025	-	-	-	-
transcript19510	792fda76fdc87ccc25c683397c72356c	85	MobiDBLite	mobidb-lite	consensus disorder prediction	1	85	-	T	30-10-2025	-	-	-	-
transcript15532	c577f46c1935a99cb729c9fdc9fe362b	119	MobiDBLite	mobidb-lite	consensus disorder prediction	1	51	-	T	30-10-2025	-	-	-	-
transcript15532	c577f46c1935a99cb729c9fdc9fe362b	119	MobiDBLite	mobidb-lite	consensus disorder prediction	35	44	-	T	30-10-2025	-	-	-	-
transcript15532	c577f46c1935a99cb729c9fdc9fe362b	119	MobiDBLite	mobidb-lite	consensus disorder prediction	19	34	-	T	30-10-2025	-	-	-	-
transcript41810	19d492e9edfaebd98e7b329382e48189	248	PANTHER	PTHR45125	F21J9.4-RELATED	96	234	1.5E-30	T	30-10-2025	-	-	-	-
transcript37058	cdb31589f05daaa2609183234f401106	146	MobiDBLite	mobidb-lite	consensus disorder prediction	35	51	-	T	30-10-2025	-	-	-	-
transcript37058	cdb31589f05daaa2609183234f401106	146	MobiDBLite	mobidb-lite	consensus disorder prediction	1	146	-	T	30-10-2025	-	-	-	-
transcript37058	cdb31589f05daaa2609183234f401106	146	MobiDBLite	mobidb-lite	consensus disorder prediction	14	27	-	T	30-10-2025	-	-	-	-
transcript37058	cdb31589f05daaa2609183234f401106	146	MobiDBLite	mobidb-lite	consensus disorder prediction	72	87	-	T	30-10-2025	-	-	-	-
transcript37058	cdb31589f05daaa2609183234f401106	146	MobiDBLite	mobidb-lite	consensus disorder prediction	1	11	-	T	30-10-2025	-	-	-	-
transcript37058	cdb31589f05daaa2609183234f401106	146	MobiDBLite	mobidb-lite	consensus disorder prediction	112	146	-	T	30-10-2025	-	-	-	-
transcript37059	cdb31589f05daaa2609183234f401106	146	MobiDBLite	mobidb-lite	consensus disorder prediction	35	51	-	T	30-10-2025	-	-	-	-
transcript37059	cdb31589f05daaa2609183234f401106	146	MobiDBLite	mobidb-lite	consensus disorder prediction	1	146	-	T	30-10-2025	-	-	-	-
transcript37059	cdb31589f05daaa2609183234f401106	146	MobiDBLite	mobidb-lite	consensus disorder prediction	14	27	-	T	30-10-2025	-	-	-	-
transcript37059	cdb31589f05daaa2609183234f401106	146	MobiDBLite	mobidb-lite	consensus disorder prediction	72	87	-	T	30-10-2025	-	-	-	-
transcript37059	cdb31589f05daaa2609183234f401106	146	MobiDBLite	mobidb-lite	consensus disorder prediction	1	11	-	T	30-10-2025	-	-	-	-
transcript37059	cdb31589f05daaa2609183234f401106	146	MobiDBLite	mobidb-lite	consensus disorder prediction	112	146	-	T	30-10-2025	-	-	-	-
transcript52692	6912beb16ee1107044dfd50d20187d50	224	CDD	cd06465	p23_hB-ind1_like	5	113	1.02337E-44	T	30-10-2025	-	-	-	-
transcript52692	6912beb16ee1107044dfd50d20187d50	224	FunFam	G3DSA:2.60.40.790:FF:000013	Very-long-chain (3R)-3-hydroxyacyl-CoA dehydratase	2	125	2.0E-44	T	30-10-2025	-	-	-	-
transcript52692	6912beb16ee1107044dfd50d20187d50	224	ProSiteProfiles	PS51203	CS domain profile.	2	91	15.803562	T	30-10-2025	IPR007052	CS domain	-	-
transcript52692	6912beb16ee1107044dfd50d20187d50	224	SUPERFAMILY	SSF49764	HSP20-like chaperones	1	151	2.27E-36	T	30-10-2025	IPR008978	HSP20-like chaperone	-	-
transcript52692	6912beb16ee1107044dfd50d20187d50	224	Gene3D	G3DSA:2.60.40.790	-	2	125	3.3E-34	T	30-10-2025	IPR008978	HSP20-like chaperone	-	-
transcript52692	6912beb16ee1107044dfd50d20187d50	224	PANTHER	PTHR22932	TELOMERASE-BINDING PROTEIN P23  HSP90 CO-CHAPERONE	1	198	1.5E-53	T	30-10-2025	IPR045250	Co-chaperone protein p23-like	GO:0005634(PANTHER)|GO:0005829(PANTHER)|GO:0006457(PANTHER)|GO:0051087(PANTHER)|GO:0051131(PANTHER)|GO:0051879(PANTHER)|GO:0051879(InterPro)	-
transcript52692	6912beb16ee1107044dfd50d20187d50	224	Pfam	PF04969	CS domain	5	81	7.8E-8	T	30-10-2025	IPR007052	CS domain	-	-
transcript52692	6912beb16ee1107044dfd50d20187d50	224	MobiDBLite	mobidb-lite	consensus disorder prediction	194	203	-	T	30-10-2025	-	-	-	-
transcript52692	6912beb16ee1107044dfd50d20187d50	224	MobiDBLite	mobidb-lite	consensus disorder prediction	173	224	-	T	30-10-2025	-	-	-	-
transcript52692	6912beb16ee1107044dfd50d20187d50	224	MobiDBLite	mobidb-lite	consensus disorder prediction	183	193	-	T	30-10-2025	-	-	-	-
transcript8955	70c60e5426cf2752c0a9a55ed06b240e	67	MobiDBLite	mobidb-lite	consensus disorder prediction	20	34	-	T	30-10-2025	-	-	-	-
transcript8955	70c60e5426cf2752c0a9a55ed06b240e	67	MobiDBLite	mobidb-lite	consensus disorder prediction	14	45	-	T	30-10-2025	-	-	-	-
transcript8956	70c60e5426cf2752c0a9a55ed06b240e	67	MobiDBLite	mobidb-lite	consensus disorder prediction	20	34	-	T	30-10-2025	-	-	-	-
transcript8956	70c60e5426cf2752c0a9a55ed06b240e	67	MobiDBLite	mobidb-lite	consensus disorder prediction	14	45	-	T	30-10-2025	-	-	-	-
transcript11678	cb80e82389d15c9f40d4f4edffb5b8e7	182	MobiDBLite	mobidb-lite	consensus disorder prediction	81	98	-	T	30-10-2025	-	-	-	-
transcript11678	cb80e82389d15c9f40d4f4edffb5b8e7	182	MobiDBLite	mobidb-lite	consensus disorder prediction	105	123	-	T	30-10-2025	-	-	-	-
transcript11678	cb80e82389d15c9f40d4f4edffb5b8e7	182	MobiDBLite	mobidb-lite	consensus disorder prediction	141	162	-	T	30-10-2025	-	-	-	-
transcript11678	cb80e82389d15c9f40d4f4edffb5b8e7	182	MobiDBLite	mobidb-lite	consensus disorder prediction	56	123	-	T	30-10-2025	-	-	-	-
transcript11678	cb80e82389d15c9f40d4f4edffb5b8e7	182	MobiDBLite	mobidb-lite	consensus disorder prediction	65	80	-	T	30-10-2025	-	-	-	-
transcript10846	e7c996945468a261af23e18bacdc3aba	296	PANTHER	PTHR15272	CHROMATIN ASSEMBLY FACTOR 1 SUBUNIT A  CAF-1 SUBUNIT A	132	284	1.7E-28	T	30-10-2025	-	-	GO:0005634(PANTHER)|GO:0006334(PANTHER)|GO:0033186(PANTHER)	-
transcript10846	e7c996945468a261af23e18bacdc3aba	296	MobiDBLite	mobidb-lite	consensus disorder prediction	92	103	-	T	30-10-2025	-	-	-	-
transcript10846	e7c996945468a261af23e18bacdc3aba	296	MobiDBLite	mobidb-lite	consensus disorder prediction	1	105	-	T	30-10-2025	-	-	-	-
transcript10846	e7c996945468a261af23e18bacdc3aba	296	MobiDBLite	mobidb-lite	consensus disorder prediction	79	91	-	T	30-10-2025	-	-	-	-
transcript10846	e7c996945468a261af23e18bacdc3aba	296	MobiDBLite	mobidb-lite	consensus disorder prediction	1	31	-	T	30-10-2025	-	-	-	-
transcript18004	88479fcaab2ac068fed3b4cc6ad8f276	599	Gene3D	G3DSA:3.80.10.10	Ribonuclease Inhibitor	470	586	6.2E-24	T	30-10-2025	IPR032675	Leucine-rich repeat domain superfamily	-	-
transcript18004	88479fcaab2ac068fed3b4cc6ad8f276	599	Pfam	PF08263	Leucine rich repeat N-terminal domain	34	70	4.7E-7	T	30-10-2025	IPR013210	Leucine-rich repeat-containing N-terminal, plant-type	-	-
transcript18004	88479fcaab2ac068fed3b4cc6ad8f276	599	Gene3D	G3DSA:3.80.10.10	Ribonuclease Inhibitor	33	196	1.1E-32	T	30-10-2025	IPR032675	Leucine-rich repeat domain superfamily	-	-
transcript18004	88479fcaab2ac068fed3b4cc6ad8f276	599	PANTHER	PTHR48061	LEUCINE-RICH REPEAT RECEPTOR PROTEIN KINASE EMS1-LIKE-RELATED	31	239	2.5E-113	T	30-10-2025	IPR046956	Receptor-like protein 23-like	-	-
transcript18004	88479fcaab2ac068fed3b4cc6ad8f276	599	SUPERFAMILY	SSF52058	L domain-like	217	585	1.05E-48	T	30-10-2025	-	-	-	-
transcript18004	88479fcaab2ac068fed3b4cc6ad8f276	599	Pfam	PF23598	Leucine-rich repeat region	226	404	2.2E-7	T	30-10-2025	IPR055414	Disease resistance R13L4/SHOC-2-like, LRR domain	-	-
transcript18004	88479fcaab2ac068fed3b4cc6ad8f276	599	FunFam	G3DSA:3.80.10.10:FF:000041	LRR receptor-like serine/threonine-protein kinase ERECTA	366	461	9.1E-26	T	30-10-2025	-	-	-	-
transcript18004	88479fcaab2ac068fed3b4cc6ad8f276	599	Gene3D	G3DSA:3.80.10.10	Ribonuclease Inhibitor	197	298	3.8E-19	T	30-10-2025	IPR032675	Leucine-rich repeat domain superfamily	-	-
transcript18004	88479fcaab2ac068fed3b4cc6ad8f276	599	Gene3D	G3DSA:3.80.10.10	Ribonuclease Inhibitor	361	469	7.3E-29	T	30-10-2025	IPR032675	Leucine-rich repeat domain superfamily	-	-
transcript18004	88479fcaab2ac068fed3b4cc6ad8f276	599	Gene3D	G3DSA:3.80.10.10	Ribonuclease Inhibitor	299	360	5.1E-8	T	30-10-2025	IPR032675	Leucine-rich repeat domain superfamily	-	-
transcript18004	88479fcaab2ac068fed3b4cc6ad8f276	599	SUPERFAMILY	SSF52058	L domain-like	32	292	8.62E-37	T	30-10-2025	-	-	-	-
transcript18004	88479fcaab2ac068fed3b4cc6ad8f276	599	SMART	SM00369	LRR_typ_2	493	520	27.0	T	30-10-2025	IPR003591	Leucine-rich repeat, typical subtype	-	-
transcript18004	88479fcaab2ac068fed3b4cc6ad8f276	599	SMART	SM00369	LRR_typ_2	149	171	200.0	T	30-10-2025	IPR003591	Leucine-rich repeat, typical subtype	-	-
transcript18004	88479fcaab2ac068fed3b4cc6ad8f276	599	SMART	SM00369	LRR_typ_2	252	276	270.0	T	30-10-2025	IPR003591	Leucine-rich repeat, typical subtype	-	-
transcript18004	88479fcaab2ac068fed3b4cc6ad8f276	599	SMART	SM00369	LRR_typ_2	567	590	150.0	T	30-10-2025	IPR003591	Leucine-rich repeat, typical subtype	-	-
transcript18004	88479fcaab2ac068fed3b4cc6ad8f276	599	SMART	SM00369	LRR_typ_2	99	124	46.0	T	30-10-2025	IPR003591	Leucine-rich repeat, typical subtype	-	-
transcript18004	88479fcaab2ac068fed3b4cc6ad8f276	599	SMART	SM00369	LRR_typ_2	420	444	6.9	T	30-10-2025	IPR003591	Leucine-rich repeat, typical subtype	-	-
transcript18004	88479fcaab2ac068fed3b4cc6ad8f276	599	Pfam	PF00560	Leucine Rich Repeat	128	149	1300.0	T	30-10-2025	IPR001611	Leucine-rich repeat	GO:0005515(InterPro)	-
transcript18004	88479fcaab2ac068fed3b4cc6ad8f276	599	Pfam	PF00560	Leucine Rich Repeat	521	542	240.0	T	30-10-2025	IPR001611	Leucine-rich repeat	GO:0005515(InterPro)	-
transcript18004	88479fcaab2ac068fed3b4cc6ad8f276	599	Pfam	PF00560	Leucine Rich Repeat	473	492	2100.0	T	30-10-2025	IPR001611	Leucine-rich repeat	GO:0005515(InterPro)	-
transcript18004	88479fcaab2ac068fed3b4cc6ad8f276	599	Pfam	PF00560	Leucine Rich Repeat	423	443	350.0	T	30-10-2025	IPR001611	Leucine-rich repeat	GO:0005515(InterPro)	-
transcript25830	333363d0cf34269edb5b4edeb7e5234d	220	MobiDBLite	mobidb-lite	consensus disorder prediction	35	51	-	T	30-10-2025	-	-	-	-
transcript25830	333363d0cf34269edb5b4edeb7e5234d	220	MobiDBLite	mobidb-lite	consensus disorder prediction	52	61	-	T	30-10-2025	-	-	-	-
transcript25830	333363d0cf34269edb5b4edeb7e5234d	220	MobiDBLite	mobidb-lite	consensus disorder prediction	132	180	-	T	30-10-2025	-	-	-	-
transcript25830	333363d0cf34269edb5b4edeb7e5234d	220	MobiDBLite	mobidb-lite	consensus disorder prediction	16	34	-	T	30-10-2025	-	-	-	-
transcript25830	333363d0cf34269edb5b4edeb7e5234d	220	MobiDBLite	mobidb-lite	consensus disorder prediction	65	75	-	T	30-10-2025	-	-	-	-
transcript25830	333363d0cf34269edb5b4edeb7e5234d	220	MobiDBLite	mobidb-lite	consensus disorder prediction	1	220	-	T	30-10-2025	-	-	-	-
transcript25830	333363d0cf34269edb5b4edeb7e5234d	220	MobiDBLite	mobidb-lite	consensus disorder prediction	1	15	-	T	30-10-2025	-	-	-	-
transcript25830	333363d0cf34269edb5b4edeb7e5234d	220	MobiDBLite	mobidb-lite	consensus disorder prediction	87	117	-	T	30-10-2025	-	-	-	-
transcript29733	b908fd5a0f8fc19feba8781b88e5a63a	249	Pfam	PF00676	Dehydrogenase E1 component	77	197	4.5E-18	T	30-10-2025	IPR001017	Dehydrogenase, E1 component	GO:0016624(InterPro)	-
transcript29733	b908fd5a0f8fc19feba8781b88e5a63a	249	Gene3D	G3DSA:3.40.50.970	-	31	214	9.0E-46	T	30-10-2025	-	-	-	-
transcript29733	b908fd5a0f8fc19feba8781b88e5a63a	249	PANTHER	PTHR11516	PYRUVATE DEHYDROGENASE E1 COMPONENT, ALPHA SUBUNIT  BACTERIAL AND ORGANELLAR	63	214	2.1E-59	T	30-10-2025	IPR050642	Pyruvate Dehydrogenase E1 Alpha Subunit	GO:0004739(PANTHER)|GO:0006086(PANTHER)	-
transcript29733	b908fd5a0f8fc19feba8781b88e5a63a	249	SUPERFAMILY	SSF52518	Thiamin diphosphate-binding fold (THDP-binding)	62	198	1.68E-35	T	30-10-2025	IPR029061	Thiamin diphosphate-binding fold	-	-
transcript49341	fd38439c3483e7fcb4b0ccfccbfe45e1	270	Gene3D	G3DSA:1.20.930.20	-	1	127	8.3E-20	T	30-10-2025	IPR036537	Adaptor protein Cbl, N-terminal domain superfamily	GO:0007166(InterPro)	-
transcript49341	fd38439c3483e7fcb4b0ccfccbfe45e1	270	PANTHER	PTHR35832	OS12G0248400 PROTEIN-RELATED	2	259	1.5E-21	T	30-10-2025	-	-	-	-
transcript49341	fd38439c3483e7fcb4b0ccfccbfe45e1	270	CDD	cd21037	MLKL_NTD	5	139	1.10056E-16	T	30-10-2025	IPR059179	MLKL-like, MCAfunc domain	-	-
transcript49341	fd38439c3483e7fcb4b0ccfccbfe45e1	270	MobiDBLite	mobidb-lite	consensus disorder prediction	162	229	-	T	30-10-2025	-	-	-	-
transcript49341	fd38439c3483e7fcb4b0ccfccbfe45e1	270	MobiDBLite	mobidb-lite	consensus disorder prediction	136	270	-	T	30-10-2025	-	-	-	-
